temp_bin,temp_label,humidity_bin,humidity_label,soil_bin,soil_label,light_bin,light_label,temperature_c,humidity_pct,soil_pct,light_pct,action,action_name,reward,next_temperature_c,next_humidity_pct,next_soil_pct,replicate
0,COOL,0,VERY_DRY,0,VERY_DRY,0,DARK,20.39,26.2,12.75,11.68,0,OFF,-124.855,19.89,28.2,12.75,0
0,COOL,0,VERY_DRY,0,VERY_DRY,0,DARK,20.66,31.41,18.92,10.04,0,OFF,-102.684,20.16,33.41,18.92,1
0,COOL,0,VERY_DRY,0,VERY_DRY,0,DARK,19.78,26.24,12.19,15.06,0,OFF,-127.927,19.28,28.24,12.19,2
0,COOL,0,VERY_DRY,0,VERY_DRY,0,DARK,18.67,27.59,16.5,15.54,0,OFF,-120.25,18.17,29.59,16.5,3
0,COOL,0,VERY_DRY,0,VERY_DRY,0,DARK,19.22,30.71,18.09,9.08,1,MIST_LOW,-79.504,17.52,41.71,19.09,0
0,COOL,0,VERY_DRY,0,VERY_DRY,0,DARK,20.86,31.59,13.4,10.87,1,MIST_LOW,-82.718,19.16,42.59,14.4,1
0,COOL,0,VERY_DRY,0,VERY_DRY,0,DARK,21.28,28.69,10.93,10.16,1,MIST_LOW,-91.187,19.58,39.69,11.93,2
0,COOL,0,VERY_DRY,0,VERY_DRY,0,DARK,20.97,30.83,18.07,17.76,1,MIST_LOW,-73.749,19.27,41.83,19.07,3
0,COOL,0,VERY_DRY,0,VERY_DRY,0,DARK,20.1,33.78,13.79,15.62,2,MIST_HIGH,-81.03,17.3,51.78,15.79,0
0,COOL,0,VERY_DRY,0,VERY_DRY,0,DARK,20.92,30.95,18.62,15.93,2,MIST_HIGH,-72.796,18.12,48.95,20.62,1
0,COOL,0,VERY_DRY,0,VERY_DRY,0,DARK,20.57,26.37,12.28,12.47,2,MIST_HIGH,-94.555,17.77,44.37,14.28,2
0,COOL,0,VERY_DRY,0,VERY_DRY,0,DARK,18.82,27.86,11.01,12.34,2,MIST_HIGH,-100.424,16.02,45.86,13.01,3
0,COOL,0,VERY_DRY,0,VERY_DRY,0,DARK,20.38,28.92,13.7,11.51,3,PUMP,-25.501,19.58,32.92,31.7,0
0,COOL,0,VERY_DRY,0,VERY_DRY,0,DARK,19.35,33.49,16.48,16.31,3,PUMP,-15.65,18.55,37.49,34.48,1
0,COOL,0,VERY_DRY,0,VERY_DRY,0,DARK,19.08,31.83,11.63,13.55,3,PUMP,-29.342,18.28,35.83,29.63,2
0,COOL,0,VERY_DRY,0,VERY_DRY,0,DARK,21.37,31.12,15.57,17.22,3,PUMP,-14.886,20.57,35.12,33.57,3
0,COOL,0,VERY_DRY,0,VERY_DRY,0,DARK,20.96,32.21,12.29,9.39,4,PUMP_MIST_LOW,-18.685,18.96,44.21,27.29,0
0,COOL,0,VERY_DRY,0,VERY_DRY,0,DARK,19.48,28.14,12.11,20.31,4,PUMP_MIST_LOW,-30.296,17.48,40.14,27.11,1
0,COOL,0,VERY_DRY,0,VERY_DRY,0,DARK,21.05,28.52,16.55,13.75,4,PUMP_MIST_LOW,-15.336,19.05,40.52,31.55,2
0,COOL,0,VERY_DRY,0,VERY_DRY,0,DARK,21.16,29.67,12.65,11.96,4,PUMP_MIST_LOW,-21.35,19.16,41.67,27.65,3
0,COOL,0,VERY_DRY,0,VERY_DRY,0,DARK,20.17,28.1,15.85,19.77,5,PUMP_MIST_HIGH,-17.611,17.17,46.1,33.85,0
0,COOL,0,VERY_DRY,0,VERY_DRY,0,DARK,19.72,27.75,19.98,15.11,5,PUMP_MIST_HIGH,-10.946,16.72,45.75,37.98,1
0,COOL,0,VERY_DRY,0,VERY_DRY,0,DARK,18.85,26.38,11.1,16.53,5,PUMP_MIST_HIGH,-34.56,15.85,44.38,29.1,2
0,COOL,0,VERY_DRY,0,VERY_DRY,0,DARK,20.82,29.38,10.64,13.58,5,PUMP_MIST_HIGH,-24.445,17.82,47.38,28.64,3
0,COOL,0,VERY_DRY,0,VERY_DRY,1,LOW,21.39,30.23,19.71,44.33,0,OFF,-100.589,21.39,31.23,19.71,0
0,COOL,0,VERY_DRY,0,VERY_DRY,1,LOW,18.63,31.77,16.82,40.44,0,OFF,-113.036,18.63,32.77,16.82,1
0,COOL,0,VERY_DRY,0,VERY_DRY,1,LOW,19.35,31.13,11.12,39.22,0,OFF,-123.742,19.35,32.13,11.12,2
0,COOL,0,VERY_DRY,0,VERY_DRY,1,LOW,19.87,33.63,18.76,37.16,0,OFF,-102.013,19.87,34.63,18.76,3
0,COOL,0,VERY_DRY,0,VERY_DRY,1,LOW,20.0,27.43,19.13,44.45,1,MIST_LOW,-80.083,18.8,37.43,20.13,0
0,COOL,0,VERY_DRY,0,VERY_DRY,1,LOW,19.44,31.11,16.09,35.83,1,MIST_LOW,-82.379,18.24,41.11,17.09,1
0,COOL,0,VERY_DRY,0,VERY_DRY,1,LOW,20.74,30.32,17.79,40.36,1,MIST_LOW,-75.933,19.54,40.32,18.79,2
0,COOL,0,VERY_DRY,0,VERY_DRY,1,LOW,18.6,28.59,10.19,45.15,1,MIST_LOW,-101.457,17.4,38.59,11.19,3
0,COOL,0,VERY_DRY,0,VERY_DRY,1,LOW,21.06,32.65,13.08,34.7,2,MIST_HIGH,-71.264,18.76,49.65,15.08,0
0,COOL,0,VERY_DRY,0,VERY_DRY,1,LOW,21.06,33.58,10.86,39.83,2,MIST_HIGH,-74.453,18.76,50.58,12.86,1
0,COOL,0,VERY_DRY,0,VERY_DRY,1,LOW,18.79,32.08,17.66,35.54,2,MIST_HIGH,-69.802,16.49,49.08,19.66,2
0,COOL,0,VERY_DRY,0,VERY_DRY,1,LOW,19.93,30.4,12.65,44.47,2,MIST_HIGH,-79.378,17.63,47.4,14.65,3
0,COOL,0,VERY_DRY,0,VERY_DRY,1,LOW,19.78,27.69,15.39,42.76,3,PUMP,-25.812,19.48,30.69,33.39,0
0,COOL,0,VERY_DRY,0,VERY_DRY,1,LOW,19.16,28.49,19.95,41.8,3,PUMP,-16.95,18.86,31.49,37.95,1
0,COOL,0,VERY_DRY,0,VERY_DRY,1,LOW,19.83,30.14,11.21,36.7,3,PUMP,-30.549,19.53,33.14,29.21,2
0,COOL,0,VERY_DRY,0,VERY_DRY,1,LOW,19.55,30.71,12.3,36.64,3,PUMP,-28.248,19.25,33.71,30.3,3
0,COOL,0,VERY_DRY,0,VERY_DRY,1,LOW,18.8,31.05,12.29,44.87,4,PUMP_MIST_LOW,-27.458,17.3,42.05,27.29,0
0,COOL,0,VERY_DRY,0,VERY_DRY,1,LOW,21.01,26.57,12.38,42.03,4,PUMP_MIST_LOW,-27.373,19.51,37.57,27.38,1
0,COOL,0,VERY_DRY,0,VERY_DRY,1,LOW,19.2,27.06,19.36,40.85,4,PUMP_MIST_LOW,-17.721,17.7,38.06,34.36,2
0,COOL,0,VERY_DRY,0,VERY_DRY,1,LOW,19.92,32.28,18.07,36.28,4,PUMP_MIST_LOW,-9.744,18.42,43.28,33.07,3
0,COOL,0,VERY_DRY,0,VERY_DRY,1,LOW,18.87,29.45,14.24,39.6,5,PUMP_MIST_HIGH,-12.999,16.37,46.45,32.24,0
0,COOL,0,VERY_DRY,0,VERY_DRY,1,LOW,20.64,31.39,19.84,35.18,5,PUMP_MIST_HIGH,7.539,18.14,48.39,37.84,1
0,COOL,0,VERY_DRY,0,VERY_DRY,1,LOW,19.73,28.71,18.62,36.98,5,PUMP_MIST_HIGH,-2.234,17.23,45.71,36.62,2
0,COOL,0,VERY_DRY,0,VERY_DRY,1,LOW,19.13,29.59,14.22,37.34,5,PUMP_MIST_HIGH,-11.974,16.63,46.59,32.22,3
0,COOL,0,VERY_DRY,0,VERY_DRY,2,MEDIUM,19.3,33.39,14.43,66.34,0,OFF,-119.118,19.8,32.39,12.43,0
0,COOL,0,VERY_DRY,0,VERY_DRY,2,MEDIUM,20.14,26.4,19.99,66.03,0,OFF,-115.917,20.64,25.4,17.99,1
0,COOL,0,VERY_DRY,0,VERY_DRY,2,MEDIUM,21.31,33.41,18.49,58.0,0,OFF,-104.118,21.81,32.41,16.49,2
0,COOL,0,VERY_DRY,0,VERY_DRY,2,MEDIUM,19.96,27.71,14.01,56.7,0,OFF,-126.971,20.46,26.71,12.01,3
0,COOL,0,VERY_DRY,0,VERY_DRY,2,MEDIUM,19.66,33.88,12.65,65.41,1,MIST_LOW,-90.243,18.96,41.88,11.65,0
0,COOL,0,VERY_DRY,0,VERY_DRY,2,MEDIUM,19.87,29.38,19.57,67.95,1,MIST_LOW,-82.225,19.17,37.38,18.57,1
0,COOL,0,VERY_DRY,0,VERY_DRY,2,MEDIUM,20.16,31.75,11.55,59.56,1,MIST_LOW,-94.394,19.46,39.75,10.55,2
0,COOL,0,VERY_DRY,0,VERY_DRY,2,MEDIUM,21.31,30.63,15.42,64.98,1,MIST_LOW,-84.341,20.61,38.63,14.42,3
0,COOL,0,VERY_DRY,0,VERY_DRY,2,MEDIUM,18.76,30.67,15.03,66.23,2,MIST_HIGH,-83.49,16.96,45.67,15.03,0
0,COOL,0,VERY_DRY,0,VERY_DRY,2,MEDIUM,19.04,33.69,10.8,58.23,2,MIST_HIGH,-86.649,17.24,48.69,10.8,1
0,COOL,0,VERY_DRY,0,VERY_DRY,2,MEDIUM,20.27,31.4,12.35,57.44,2,MIST_HIGH,-83.126,18.47,46.4,12.35,2
0,COOL,0,VERY_DRY,0,VERY_DRY,2,MEDIUM,21.09,27.97,15.95,63.43,2,MIST_HIGH,-78.427,19.29,42.97,15.95,3
0,COOL,0,VERY_DRY,0,VERY_DRY,2,MEDIUM,19.77,30.67,15.23,67.22,3,PUMP,-27.234,19.97,31.67,31.23,0
0,COOL,0,VERY_DRY,0,VERY_DRY,2,MEDIUM,19.17,31.73,12.39,60.75,3,PUMP,-33.43,19.37,32.73,28.39,1
0,COOL,0,VERY_DRY,0,VERY_DRY,2,MEDIUM,20.48,28.4,13.16,65.02,3,PUMP,-32.942,20.68,29.4,29.16,2
0,COOL,0,VERY_DRY,0,VERY_DRY,2,MEDIUM,18.8,29.67,19.98,67.95,3,PUMP,-21.956,19.0,30.67,35.98,3
0,COOL,0,VERY_DRY,0,VERY_DRY,2,MEDIUM,18.81,27.71,12.65,67.2,4,PUMP_MIST_LOW,-37.826,17.81,36.71,25.65,0
0,COOL,0,VERY_DRY,0,VERY_DRY,2,MEDIUM,21.07,33.03,13.7,57.89,4,PUMP_MIST_LOW,-19.873,20.07,42.03,26.7,1
0,COOL,0,VERY_DRY,0,VERY_DRY,2,MEDIUM,20.93,31.63,16.12,67.85,4,PUMP_MIST_LOW,-17.459,19.93,40.63,29.12,2
0,COOL,0,VERY_DRY,0,VERY_DRY,2,MEDIUM,20.43,26.06,18.17,59.59,4,PUMP_MIST_LOW,-23.661,19.43,35.06,31.17,3
0,COOL,0,VERY_DRY,0,VERY_DRY,2,MEDIUM,20.46,33.51,11.34,57.39,5,PUMP_MIST_HIGH,-13.298,18.46,48.51,27.34,0
0,COOL,0,VERY_DRY,0,VERY_DRY,2,MEDIUM,18.9,30.43,12.72,63.26,5,PUMP_MIST_HIGH,-20.32,16.9,45.43,28.72,1
0,COOL,0,VERY_DRY,0,VERY_DRY,2,MEDIUM,20.61,27.63,16.34,59.17,5,PUMP_MIST_HIGH,-11.725,18.61,42.63,32.34,2
0,COOL,0,VERY_DRY,0,VERY_DRY,2,MEDIUM,19.97,33.24,18.46,57.11,5,PUMP_MIST_HIGH,-0.346,17.97,48.24,34.46,3
0,COOL,0,VERY_DRY,0,VERY_DRY,3,BRIGHT,19.79,28.21,10.04,91.25,0,OFF,-138.769,20.79,25.21,7.04,0
0,COOL,0,VERY_DRY,0,VERY_DRY,3,BRIGHT,20.38,28.1,17.41,88.62,0,OFF,-121.553,21.38,25.1,14.41,1
0,COOL,0,VERY_DRY,0,VERY_DRY,3,BRIGHT,19.8,26.08,10.75,92.6,0,OFF,-140.644,20.8,23.08,7.75,2
0,COOL,0,VERY_DRY,0,VERY_DRY,3,BRIGHT,21.13,30.36,18.35,88.99,0,OFF,-113.571,22.13,27.36,15.35,3
0,COOL,0,VERY_DRY,0,VERY_DRY,3,BRIGHT,19.01,27.02,13.08,92.79,1,MIST_LOW,-106.088,18.81,33.02,11.08,0
0,COOL,0,VERY_DRY,0,VERY_DRY,3,BRIGHT,20.83,32.89,18.99,84.52,1,MIST_LOW,-78.492,20.63,38.89,16.99,1
0,COOL,0,VERY_DRY,0,VERY_DRY,3,BRIGHT,19.3,26.82,17.8,92.61,1,MIST_LOW,-95.586,19.1,32.82,15.8,2
0,COOL,0,VERY_DRY,0,VERY_DRY,3,BRIGHT,19.74,30.97,11.55,93.16,1,MIST_LOW,-100.689,19.54,36.97,9.55,3
0,COOL,0,VERY_DRY,0,VERY_DRY,3,BRIGHT,21.02,33.81,18.11,92.58,2,MIST_HIGH,-68.471,19.72,46.81,17.11,0
0,COOL,0,VERY_DRY,0,VERY_DRY,3,BRIGHT,18.67,31.89,13.32,93.17,2,MIST_HIGH,-89.114,17.37,44.89,12.32,1
0,COOL,0,VERY_DRY,0,VERY_DRY,3,BRIGHT,20.85,32.91,18.11,85.2,2,MIST_HIGH,-70.466,19.55,45.91,17.11,2
0,COOL,0,VERY_DRY,0,VERY_DRY,3,BRIGHT,20.8,26.86,18.72,92.3,2,MIST_HIGH,-78.986,19.5,39.86,17.72,3
0,COOL,0,VERY_DRY,0,VERY_DRY,3,BRIGHT,19.22,32.53,14.6,85.66,3,PUMP,-31.028,19.92,31.53,29.6,0
0,COOL,0,VERY_DRY,0,VERY_DRY,3,BRIGHT,20.83,27.82,10.24,84.32,3,PUMP,-42.604,21.53,26.82,25.24,1
0,COOL,0,VERY_DRY,0,VERY_DRY,3,BRIGHT,19.52,32.91,19.67,85.35,3,PUMP,-18.83,20.22,31.91,34.67,2
0,COOL,0,VERY_DRY,0,VERY_DRY,3,BRIGHT,20.4,29.2,19.81,88.43,3,PUMP,-21.672,21.1,28.2,34.81,3
0,COOL,0,VERY_DRY,0,VERY_DRY,3,BRIGHT,21.23,26.92,19.7,84.14,4,PUMP_MIST_LOW,-20.21,20.73,33.92,31.7,0
0,COOL,0,VERY_DRY,0,VERY_DRY,3,BRIGHT,21.3,28.12,11.08,87.21,4,PUMP_MIST_LOW,-36.181,20.8,35.12,23.08,1
0,COOL,0,VERY_DRY,0,VERY_DRY,3,BRIGHT,20.64,28.51,16.06,88.14,4,PUMP_MIST_LOW,-27.207,20.14,35.51,28.06,2
0,COOL,0,VERY_DRY,0,VERY_DRY,3,BRIGHT,19.68,30.61,12.55,90.51,4,PUMP_MIST_LOW,-34.299,19.18,37.61,24.55,3
0,COOL,0,VERY_DRY,0,VERY_DRY,3,BRIGHT,18.6,33.4,15.38,90.63,5,PUMP_MIST_HIGH,-14.61,17.1,46.4,30.38,0
0,COOL,0,VERY_DRY,0,VERY_DRY,3,BRIGHT,20.68,31.37,13.64,82.84,5,PUMP_MIST_HIGH,-14.899,19.18,44.37,28.64,1
0,COOL,0,VERY_DRY,0,VERY_DRY,3,BRIGHT,20.46,28.64,13.14,92.18,5,PUMP_MIST_HIGH,-21.01,18.96,41.64,28.14,2
0,COOL,0,VERY_DRY,0,VERY_DRY,3,BRIGHT,20.62,28.4,13.09,86.9,5,PUMP_MIST_HIGH,-20.992,19.12,41.4,28.09,3
0,COOL,0,VERY_DRY,1,DRY,0,DARK,19.73,28.37,31.27,14.05,0,OFF,-49.617,19.23,30.37,31.27,0
0,COOL,0,VERY_DRY,1,DRY,0,DARK,21.23,31.42,39.03,16.39,0,OFF,-23.626,20.73,33.42,39.03,1
0,COOL,0,VERY_DRY,1,DRY,0,DARK,19.44,30.38,30.0,12.44,0,OFF,-49.961,18.94,32.38,30.0,2
0,COOL,0,VERY_DRY,1,DRY,0,DARK,19.8,30.64,36.55,14.58,0,OFF,-34.656,19.3,32.64,36.55,3
0,COOL,0,VERY_DRY,1,DRY,0,DARK,19.84,27.71,34.73,19.81,1,MIST_LOW,-12.386,18.14,38.71,35.73,0
0,COOL,0,VERY_DRY,1,DRY,0,DARK,20.83,27.36,30.85,15.19,1,MIST_LOW,-17.935,19.13,38.36,31.85,1
0,COOL,0,VERY_DRY,1,DRY,0,DARK,20.37,28.68,38.18,18.01,1,MIST_LOW,-1.872,18.67,39.68,39.18,2
0,COOL,0,VERY_DRY,1,DRY,0,DARK,20.48,27.8,31.99,9.29,1,MIST_LOW,-15.935,18.78,38.8,32.99,3
0,COOL,0,VERY_DRY,1,DRY,0,DARK,19.29,29.8,38.5,9.87,2,MIST_HIGH,-3.12,16.49,47.8,40.5,0
0,COOL,0,VERY_DRY,1,DRY,0,DARK,19.76,31.04,31.94,17.36,2,MIST_HIGH,-13.382,16.96,49.04,33.94,1
0,COOL,0,VERY_DRY,1,DRY,0,DARK,19.98,27.95,36.56,9.07,2,MIST_HIGH,-7.91,17.18,45.95,38.56,2
0,COOL,0,VERY_DRY,1,DRY,0,DARK,20.7,32.16,31.07,14.1,2,MIST_HIGH,-10.416,17.9,50.16,33.07,3
0,COOL,0,VERY_DRY,1,DRY,0,DARK,19.09,33.66,35.18,9.6,3,PUMP,33.075,18.29,37.66,53.18,0
0,COOL,0,VERY_DRY,1,DRY,0,DARK,19.3,32.79,34.56,18.62,3,PUMP,31.037,18.5,36.79,52.56,1
0,COOL,0,VERY_DRY,1,DRY,0,DARK,20.47,33.9,35.95,20.4,3,PUMP,39.491,19.67,37.9,53.95,2
0,COOL,0,VERY_DRY,1,DRY,0,DARK,21.1,30.9,37.19,15.06,3,PUMP,39.294,20.3,34.9,55.19,3
0,COOL,0,VERY_DRY,1,DRY,0,DARK,20.93,30.38,38.97,17.92,4,PUMP_MIST_LOW,44.316,18.93,42.38,53.97,0
0,COOL,0,VERY_DRY,1,DRY,0,DARK,19.93,28.07,32.47,16.65,4,PUMP_MIST_LOW,23.783,17.93,40.07,47.47,1
0,COOL,0,VERY_DRY,1,DRY,0,DARK,20.74,30.17,36.27,12.3,4,PUMP_MIST_LOW,37.716,18.74,42.17,51.27,2
0,COOL,0,VERY_DRY,1,DRY,0,DARK,18.82,28.29,32.72,12.84,4,PUMP_MIST_LOW,21.078,16.82,40.29,47.72,3
0,COOL,0,VERY_DRY,1,DRY,0,DARK,20.11,27.11,32.31,17.33,5,PUMP_MIST_HIGH,25.187,17.11,45.11,50.31,0
0,COOL,0,VERY_DRY,1,DRY,0,DARK,20.58,26.51,34.08,15.51,5,PUMP_MIST_HIGH,29.431,17.58,44.51,52.08,1
0,COOL,0,VERY_DRY,1,DRY,0,DARK,19.76,27.65,34.2,19.86,5,PUMP_MIST_HIGH,28.916,16.76,45.65,52.2,2
0,COOL,0,VERY_DRY,1,DRY,0,DARK,20.24,31.56,38.57,18.19,5,PUMP_MIST_HIGH,45.847,17.24,49.56,56.57,3
0,COOL,0,VERY_DRY,1,DRY,1,LOW,19.67,26.05,33.52,43.04,0,OFF,-48.809,19.67,27.05,33.52,0
0,COOL,0,VERY_DRY,1,DRY,1,LOW,20.99,33.63,34.19,42.97,0,OFF,-31.03,20.99,34.63,34.19,1
0,COOL,0,VERY_DRY,1,DRY,1,LOW,20.13,30.83,32.21,36.63,0,OFF,-42.434,20.13,31.83,32.21,2
0,COOL,0,VERY_DRY,1,DRY,1,LOW,19.82,26.23,33.36,42.15,0,OFF,-48.345,19.82,27.23,33.36,3
0,COOL,0,VERY_DRY,1,DRY,1,LOW,19.73,27.32,34.67,35.53,1,MIST_LOW,-13.47,18.53,37.32,35.67,0
0,COOL,0,VERY_DRY,1,DRY,1,LOW,20.34,26.22,33.94,40.77,1,MIST_LOW,-14.825,19.14,36.22,34.94,1
0,COOL,0,VERY_DRY,1,DRY,1,LOW,18.68,31.14,31.36,39.54,1,MIST_LOW,-17.7,17.48,41.14,32.36,2
0,COOL,0,VERY_DRY,1,DRY,1,LOW,18.74,29.03,32.12,37.92,1,MIST_LOW,-19.272,17.54,39.03,33.12,3
0,COOL,0,VERY_DRY,1,DRY,1,LOW,20.73,29.03,37.52,43.98,2,MIST_HIGH,8.226,18.43,46.03,39.52,0
0,COOL,0,VERY_DRY,1,DRY,1,LOW,19.31,26.66,30.19,40.47,2,MIST_HIGH,-15.524,17.01,43.66,32.19,1
0,COOL,0,VERY_DRY,1,DRY,1,LOW,21.4,28.8,36.5,43.37,2,MIST_HIGH,7.852,19.1,45.8,38.5,2
0,COOL,0,VERY_DRY,1,DRY,1,LOW,20.42,32.03,39.5,36.39,2,MIST_HIGH,16.196,18.12,49.03,41.5,3
0,COOL,0,VERY_DRY,1,DRY,1,LOW,18.66,27.22,31.26,42.03,3,PUMP,13.144,18.36,30.22,49.26,0
0,COOL,0,VERY_DRY,1,DRY,1,LOW,20.18,27.74,36.99,43.2,3,PUMP,30.892,19.88,30.74,54.99,1
0,COOL,0,VERY_DRY,1,DRY,1,LOW,19.07,30.86,37.48,35.37,3,PUMP,33.343,18.77,33.86,55.48,2
0,COOL,0,VERY_DRY,1,DRY,1,LOW,20.89,33.72,31.08,34.31,3,PUMP,30.319,20.59,36.72,49.08,3
0,COOL,0,VERY_DRY,1,DRY,1,LOW,19.47,31.42,39.58,38.76,4,PUMP_MIST_LOW,42.607,17.97,42.42,54.58,0
0,COOL,0,VERY_DRY,1,DRY,1,LOW,20.6,26.61,36.91,41.53,4,PUMP_MIST_LOW,32.902,19.1,37.61,51.91,1
0,COOL,0,VERY_DRY,1,DRY,1,LOW,18.89,32.18,38.5,41.2,4,PUMP_MIST_LOW,39.677,17.39,43.18,53.5,2
0,COOL,0,VERY_DRY,1,DRY,1,LOW,18.94,33.87,37.83,38.17,4,PUMP_MIST_LOW,41.133,17.44,44.87,52.83,3
0,COOL,0,VERY_DRY,1,DRY,1,LOW,19.8,28.96,35.06,38.09,5,PUMP_MIST_HIGH,42.927,17.3,45.96,53.06,0
0,COOL,0,VERY_DRY,1,DRY,1,LOW,20.98,32.58,31.06,45.53,5,PUMP_MIST_HIGH,44.074,18.48,49.58,49.06,1
0,COOL,0,VERY_DRY,1,DRY,1,LOW,20.38,32.63,37.07,39.23,5,PUMP_MIST_HIGH,54.876,17.88,49.63,55.07,2
0,COOL,0,VERY_DRY,1,DRY,1,LOW,20.65,33.72,32.7,43.7,5,PUMP_MIST_HIGH,48.325,18.15,50.72,50.7,3
0,COOL,0,VERY_DRY,1,DRY,2,MEDIUM,20.11,29.87,34.36,64.77,0,OFF,-45.322,20.61,28.87,32.36,0
0,COOL,0,VERY_DRY,1,DRY,2,MEDIUM,19.35,32.81,38.31,57.04,0,OFF,-34.728,19.85,31.81,36.31,1
0,COOL,0,VERY_DRY,1,DRY,2,MEDIUM,21.07,27.95,34.65,63.32,0,OFF,-44.7,21.57,26.95,32.65,2
0,COOL,0,VERY_DRY,1,DRY,2,MEDIUM,19.66,26.23,38.51,58.18,0,OFF,-43.847,20.16,25.23,36.51,3
0,COOL,0,VERY_DRY,1,DRY,2,MEDIUM,19.19,32.38,33.4,66.56,1,MIST_LOW,-15.56,18.49,40.38,32.4,0
0,COOL,0,VERY_DRY,1,DRY,2,MEDIUM,20.56,28.21,30.1,67.38,1,MIST_LOW,-24.788,19.86,36.21,29.1,1
0,COOL,0,VERY_DRY,1,DRY,2,MEDIUM,18.84,31.76,34.89,65.1,1,MIST_LOW,-14.576,18.14,39.76,33.89,2
0,COOL,0,VERY_DRY,1,DRY,2,MEDIUM,20.53,31.17,34.91,65.52,1,MIST_LOW,-10.057,19.83,39.17,33.91,3
0,COOL,0,VERY_DRY,1,DRY,2,MEDIUM,18.86,27.77,36.92,59.67,2,MIST_HIGH,-6.842,17.06,42.77,36.92,0
0,COOL,0,VERY_DRY,1,DRY,2,MEDIUM,20.23,29.79,35.31,61.11,2,MIST_HIGH,-2.622,18.43,44.79,35.31,1
0,COOL,0,VERY_DRY,1,DRY,2,MEDIUM,20.69,28.65,37.03,59.25,2,MIST_HIGH,0.638,18.89,43.65,37.03,2
0,COOL,0,VERY_DRY,1,DRY,2,MEDIUM,19.3,26.97,31.93,57.43,2,MIST_HIGH,-17.199,17.5,41.97,31.93,3
0,COOL,0,VERY_DRY,1,DRY,2,MEDIUM,20.1,32.1,31.85,58.6,3,PUMP,21.006,20.3,33.1,47.85,0
0,COOL,0,VERY_DRY,1,DRY,2,MEDIUM,19.96,31.8,39.77,62.3,3,PUMP,36.682,20.16,32.8,55.77,1
0,COOL,0,VERY_DRY,1,DRY,2,MEDIUM,19.39,26.8,31.94,58.73,3,PUMP,10.459,19.59,27.8,47.94,2
0,COOL,0,VERY_DRY,1,DRY,2,MEDIUM,19.1,26.11,35.34,59.29,3,PUMP,15.566,19.3,27.11,51.34,3
0,COOL,0,VERY_DRY,1,DRY,2,MEDIUM,21.33,30.43,36.97,57.52,4,PUMP_MIST_LOW,35.678,20.33,39.43,49.97,0
0,COOL,0,VERY_DRY,1,DRY,2,MEDIUM,21.03,29.93,38.73,62.89,4,PUMP_MIST_LOW,37.612,20.03,38.93,51.73,1
0,COOL,0,VERY_DRY,1,DRY,2,MEDIUM,19.91,29.52,31.84,56.62,4,PUMP_MIST_LOW,8.935,18.91,38.52,44.84,2
0,COOL,0,VERY_DRY,1,DRY,2,MEDIUM,21.23,29.82,38.22,60.81,4,PUMP_MIST_LOW,37.031,20.23,38.82,51.22,3
0,COOL,0,VERY_DRY,1,DRY,2,MEDIUM,18.81,31.04,30.54,57.79,5,PUMP_MIST_HIGH,27.766,16.81,46.04,46.54,0
0,COOL,0,VERY_DRY,1,DRY,2,MEDIUM,20.18,28.43,39.94,57.42,5,PUMP_MIST_HIGH,47.724,18.18,43.43,55.94,1
0,COOL,0,VERY_DRY,1,DRY,2,MEDIUM,20.74,30.85,37.91,58.71,5,PUMP_MIST_HIGH,49.136,18.74,45.85,53.91,2
0,COOL,0,VERY_DRY,1,DRY,2,MEDIUM,20.06,29.6,34.43,66.32,5,PUMP_MIST_HIGH,37.666,18.06,44.6,50.43,3
0,COOL,0,VERY_DRY,1,DRY,3,BRIGHT,21.37,28.44,36.21,89.32,0,OFF,-43.359,22.37,25.44,33.21,0
0,COOL,0,VERY_DRY,1,DRY,3,BRIGHT,20.67,33.58,32.08,84.53,0,OFF,-46.056,21.67,30.58,29.08,1
0,COOL,0,VERY_DRY,1,DRY,3,BRIGHT,20.45,27.26,31.74,82.9,0,OFF,-57.602,21.45,24.26,28.74,2
0,COOL,0,VERY_DRY,1,DRY,3,BRIGHT,18.61,29.6,35.94,85.5,0,OFF,-50.92,19.61,26.6,32.94,3
0,COOL,0,VERY_DRY,1,DRY,3,BRIGHT,19.25,31.66,37.03,87.45,1,MIST_LOW,-12.634,19.05,37.66,35.03,0
0,COOL,0,VERY_DRY,1,DRY,3,BRIGHT,20.52,33.39,37.88,89.5,1,MIST_LOW,-3.991,20.32,39.39,35.88,1
0,COOL,0,VERY_DRY,1,DRY,3,BRIGHT,20.45,33.47,34.25,88.53,1,MIST_LOW,-11.717,20.25,39.47,32.25,2
0,COOL,0,VERY_DRY,1,DRY,3,BRIGHT,20.41,33.27,38.27,82.86,1,MIST_LOW,-3.73,20.21,39.27,36.27,3
0,COOL,0,VERY_DRY,1,DRY,3,BRIGHT,19.06,28.46,37.49,88.83,2,MIST_HIGH,-7.588,17.76,41.46,36.49,0
0,COOL,0,VERY_DRY,1,DRY,3,BRIGHT,19.41,26.99,36.89,90.4,2,MIST_HIGH,-10.1,18.11,39.99,35.89,1
0,COOL,0,VERY_DRY,1,DRY,3,BRIGHT,21.24,30.0,34.94,82.97,2,MIST_HIGH,-3.518,19.94,43.0,33.94,2
0,COOL,0,VERY_DRY,1,DRY,3,BRIGHT,18.71,29.46,33.22,85.0,2,MIST_HIGH,-16.084,17.41,42.46,32.22,3
0,COOL,0,VERY_DRY,1,DRY,3,BRIGHT,18.86,33.7,38.36,88.9,3,PUMP,29.546,19.56,32.7,53.36,0
0,COOL,0,VERY_DRY,1,DRY,3,BRIGHT,21.26,34.0,36.72,85.23,3,PUMP,34.291,21.96,33.0,51.72,1
0,COOL,0,VERY_DRY,1,DRY,3,BRIGHT,18.71,32.05,34.71,89.82,3,PUMP,18.781,19.41,31.05,49.71,2
0,COOL,0,VERY_DRY,1,DRY,3,BRIGHT,21.17,27.45,35.85,89.62,3,PUMP,21.683,21.87,26.45,50.85,3
0,COOL,0,VERY_DRY,1,DRY,3,BRIGHT,19.98,26.73,33.48,86.0,4,PUMP_MIST_LOW,14.401,19.48,33.73,45.48,0
0,COOL,0,VERY_DRY,1,DRY,3,BRIGHT,20.48,32.86,33.3,90.32,4,PUMP_MIST_LOW,25.429,19.98,39.86,45.3,1
0,COOL,0,VERY_DRY,1,DRY,3,BRIGHT,19.41,33.56,38.14,88.6,4,PUMP_MIST_LOW,33.286,18.91,40.56,50.14,2
0,COOL,0,VERY_DRY,1,DRY,3,BRIGHT,19.87,28.52,33.23,93.64,4,PUMP_MIST_LOW,16.41,19.37,35.52,45.23,3
0,COOL,0,VERY_DRY,1,DRY,3,BRIGHT,19.73,30.12,39.88,89.89,5,PUMP_MIST_HIGH,45.179,18.23,43.12,54.88,0
0,COOL,0,VERY_DRY,1,DRY,3,BRIGHT,20.12,29.31,31.88,86.34,5,PUMP_MIST_HIGH,28.31,18.62,42.31,46.88,1
0,COOL,0,VERY_DRY,1,DRY,3,BRIGHT,20.72,31.0,37.6,84.44,5,PUMP_MIST_HIGH,44.963,19.22,44.0,52.6,2
0,COOL,0,VERY_DRY,1,DRY,3,BRIGHT,20.14,33.42,34.38,90.38,5,PUMP_MIST_HIGH,40.216,18.64,46.42,49.38,3
0,COOL,0,VERY_DRY,2,OPTIMAL,0,DARK,18.94,33.79,59.09,11.87,0,OFF,20.378,18.44,35.79,59.09,0
0,COOL,0,VERY_DRY,2,OPTIMAL,0,DARK,19.04,30.41,58.52,10.12,0,OFF,16.493,18.54,32.41,58.52,1
0,COOL,0,VERY_DRY,2,OPTIMAL,0,DARK,21.38,33.3,57.61,10.41,0,OFF,28.887,20.88,35.3,57.61,2
0,COOL,0,VERY_DRY,2,OPTIMAL,0,DARK,20.93,29.99,60.17,15.11,0,OFF,18.407,20.43,31.99,60.17,3
0,COOL,0,VERY_DRY,2,OPTIMAL,0,DARK,19.37,32.68,62.8,11.92,1,MIST_LOW,38.629,17.67,43.68,63.8,0
0,COOL,0,VERY_DRY,2,OPTIMAL,0,DARK,20.14,29.07,62.22,15.1,1,MIST_LOW,36.57,18.44,40.07,63.22,1
0,COOL,0,VERY_DRY,2,OPTIMAL,0,DARK,21.06,32.91,55.76,18.48,1,MIST_LOW,54.02,19.36,43.91,56.76,2
0,COOL,0,VERY_DRY,2,OPTIMAL,0,DARK,19.76,33.47,58.08,18.85,1,MIST_LOW,51.094,18.06,44.47,59.08,3
0,COOL,0,VERY_DRY,2,OPTIMAL,0,DARK,19.39,28.39,58.87,20.99,2,MIST_HIGH,35.69,16.59,46.39,60.87,0
0,COOL,0,VERY_DRY,2,OPTIMAL,0,DARK,19.97,27.19,58.39,13.14,2,MIST_HIGH,36.639,17.17,45.19,60.39,1
0,COOL,0,VERY_DRY,2,OPTIMAL,0,DARK,20.15,30.35,57.55,12.86,2,MIST_HIGH,43.999,17.35,48.35,59.55,2
0,COOL,0,VERY_DRY,2,OPTIMAL,0,DARK,19.13,31.58,58.72,11.8,2,MIST_HIGH,40.271,16.33,49.58,60.72,3
0,COOL,0,VERY_DRY,2,OPTIMAL,0,DARK,20.77,26.35,60.45,17.46,3,PUMP,-16.071,19.97,30.35,78.45,0
0,COOL,0,VERY_DRY,2,OPTIMAL,0,DARK,20.87,29.09,59.64,18.85,3,PUMP,-9.665,20.07,33.09,77.64,1
0,COOL,0,VERY_DRY,2,OPTIMAL,0,DARK,21.35,29.96,53.37,15.03,3,PUMP,6.411,20.55,33.96,71.37,2
0,COOL,0,VERY_DRY,2,OPTIMAL,0,DARK,20.25,32.96,61.74,14.28,3,PUMP,-9.878,19.45,36.96,79.74,3
0,COOL,0,VERY_DRY,2,OPTIMAL,0,DARK,20.07,29.66,60.22,13.92,4,PUMP_MIST_LOW,2.71,18.07,41.66,75.22,0
0,COOL,0,VERY_DRY,2,OPTIMAL,0,DARK,20.43,27.23,57.69,20.63,4,PUMP_MIST_LOW,5.303,18.43,39.23,72.69,1
0,COOL,0,VERY_DRY,2,OPTIMAL,0,DARK,19.55,31.54,59.5,19.22,4,PUMP_MIST_LOW,5.574,17.55,43.54,74.5,2
0,COOL,0,VERY_DRY,2,OPTIMAL,0,DARK,20.99,32.87,56.8,12.8,4,PUMP_MIST_LOW,17.976,18.99,44.87,71.8,3
0,COOL,0,VERY_DRY,2,OPTIMAL,0,DARK,20.61,32.08,61.72,9.43,5,PUMP_MIST_HIGH,-4.74,17.61,50.08,79.72,0
0,COOL,0,VERY_DRY,2,OPTIMAL,0,DARK,18.79,31.05,62.21,20.97,5,PUMP_MIST_HIGH,-13.228,15.79,49.05,80.21,1
0,COOL,0,VERY_DRY,2,OPTIMAL,0,DARK,20.69,29.47,53.98,16.6,5,PUMP_MIST_HIGH,7.599,17.69,47.47,71.98,2
0,COOL,0,VERY_DRY,2,OPTIMAL,0,DARK,21.04,29.55,59.94,19.84,5,PUMP_MIST_HIGH,-3.657,18.04,47.55,77.94,3
0,COOL,0,VERY_DRY,2,OPTIMAL,1,LOW,18.73,32.37,55.93,38.5,0,OFF,15.383,18.73,33.37,55.93,0
0,COOL,0,VERY_DRY,2,OPTIMAL,1,LOW,19.01,30.25,58.66,43.51,0,OFF,15.839,19.01,31.25,58.66,1
0,COOL,0,VERY_DRY,2,OPTIMAL,1,LOW,19.08,26.63,61.71,41.44,0,OFF,3.866,19.08,27.63,61.71,2
0,COOL,0,VERY_DRY,2,OPTIMAL,1,LOW,19.27,33.3,54.43,39.53,0,OFF,15.468,19.27,34.3,54.43,3
0,COOL,0,VERY_DRY,2,OPTIMAL,1,LOW,19.31,28.04,53.09,43.66,1,MIST_LOW,35.021,18.11,38.04,54.09,0
0,COOL,0,VERY_DRY,2,OPTIMAL,1,LOW,21.12,31.42,54.58,39.3,1,MIST_LOW,49.346,19.92,41.42,55.58,1
0,COOL,0,VERY_DRY,2,OPTIMAL,1,LOW,19.57,30.7,59.39,39.09,1,MIST_LOW,43.279,18.37,40.7,60.39,2
0,COOL,0,VERY_DRY,2,OPTIMAL,1,LOW,19.3,32.76,54.99,38.62,1,MIST_LOW,46.524,18.1,42.76,55.99,3
0,COOL,0,VERY_DRY,2,OPTIMAL,1,LOW,19.95,27.9,58.72,40.9,2,MIST_HIGH,47.015,17.65,44.9,60.72,0
0,COOL,0,VERY_DRY,2,OPTIMAL,1,LOW,21.38,28.36,62.78,41.9,2,MIST_HIGH,43.797,19.08,45.36,64.78,1
0,COOL,0,VERY_DRY,2,OPTIMAL,1,LOW,19.37,30.53,59.86,42.94,2,MIST_HIGH,46.961,17.07,47.53,61.86,2
0,COOL,0,VERY_DRY,2,OPTIMAL,1,LOW,18.74,30.85,57.97,44.85,2,MIST_HIGH,49.43,16.44,47.85,59.97,3
0,COOL,0,VERY_DRY,2,OPTIMAL,1,LOW,19.4,32.39,59.07,38.23,3,PUMP,-7.899,19.1,35.39,77.07,0
0,COOL,0,VERY_DRY,2,OPTIMAL,1,LOW,20.38,30.97,59.78,42.65,3,PUMP,-8.522,20.08,33.97,77.78,1
0,COOL,0,VERY_DRY,2,OPTIMAL,1,LOW,20.45,32.71,59.28,44.84,3,PUMP,-4.496,20.15,35.71,77.28,2
0,COOL,0,VERY_DRY,2,OPTIMAL,1,LOW,20.41,28.47,57.41,40.95,3,PUMP,-7.452,20.11,31.47,75.41,3
0,COOL,0,VERY_DRY,2,OPTIMAL,1,LOW,20.65,26.72,55.95,42.97,4,PUMP_MIST_LOW,8.838,19.15,37.72,70.95,0
0,COOL,0,VERY_DRY,2,OPTIMAL,1,LOW,19.09,27.06,58.39,45.66,4,PUMP_MIST_LOW,-0.742,17.59,38.06,73.39,1
0,COOL,0,VERY_DRY,2,OPTIMAL,1,LOW,20.09,33.31,61.3,37.08,4,PUMP_MIST_LOW,6.329,18.59,44.31,76.3,2
0,COOL,0,VERY_DRY,2,OPTIMAL,1,LOW,20.91,29.85,61.06,42.96,4,PUMP_MIST_LOW,3.941,19.41,40.85,76.06,3
0,COOL,0,VERY_DRY,2,OPTIMAL,1,LOW,19.55,26.92,62.63,35.69,5,PUMP_MIST_HIGH,-8.292,17.05,43.92,80.63,0
0,COOL,0,VERY_DRY,2,OPTIMAL,1,LOW,21.31,32.88,60.24,45.76,5,PUMP_MIST_HIGH,11.881,18.81,49.88,78.24,1
0,COOL,0,VERY_DRY,2,OPTIMAL,1,LOW,21.31,32.44,56.66,43.49,5,PUMP_MIST_HIGH,18.704,18.81,49.44,74.66,2
0,COOL,0,VERY_DRY,2,OPTIMAL,1,LOW,18.64,30.29,57.55,42.07,5,PUMP_MIST_HIGH,4.862,16.14,47.29,75.55,3
0,COOL,0,VERY_DRY,2,OPTIMAL,2,MEDIUM,20.48,30.68,61.22,67.28,0,OFF,18.456,20.98,29.68,59.22,0
0,COOL,0,VERY_DRY,2,OPTIMAL,2,MEDIUM,18.9,27.87,53.25,66.61,0,OFF,-2.691,19.4,26.87,51.25,1
0,COOL,0,VERY_DRY,2,OPTIMAL,2,MEDIUM,20.17,33.32,55.21,56.76,0,OFF,14.214,20.67,32.32,53.21,2
0,COOL,0,VERY_DRY,2,OPTIMAL,2,MEDIUM,20.91,33.28,56.02,60.9,0,OFF,18.188,21.41,32.28,54.02,3
0,COOL,0,VERY_DRY,2,OPTIMAL,2,MEDIUM,18.99,33.57,56.04,61.91,1,MIST_LOW,43.236,18.29,41.57,55.04,0
0,COOL,0,VERY_DRY,2,OPTIMAL,2,MEDIUM,18.87,33.1,54.36,61.44,1,MIST_LOW,38.557,18.17,41.1,53.36,1
0,COOL,0,VERY_DRY,2,OPTIMAL,2,MEDIUM,20.48,31.95,62.46,61.03,1,MIST_LOW,44.334,19.78,39.95,61.46,2
0,COOL,0,VERY_DRY,2,OPTIMAL,2,MEDIUM,20.68,27.24,57.15,57.19,1,MIST_LOW,40.821,19.98,35.24,56.15,3
0,COOL,0,VERY_DRY,2,OPTIMAL,2,MEDIUM,19.97,29.26,62.52,56.39,2,MIST_HIGH,43.886,18.17,44.26,62.52,0
0,COOL,0,VERY_DRY,2,OPTIMAL,2,MEDIUM,19.64,29.55,62.51,66.27,2,MIST_HIGH,43.294,17.84,44.55,62.51,1
0,COOL,0,VERY_DRY,2,OPTIMAL,2,MEDIUM,18.88,31.49,58.44,67.73,2,MIST_HIGH,52.493,17.08,46.49,58.44,2
0,COOL,0,VERY_DRY,2,OPTIMAL,2,MEDIUM,19.6,29.19,54.9,57.47,2,MIST_HIGH,45.556,17.8,44.19,54.9,3
0,COOL,0,VERY_DRY,2,OPTIMAL,2,MEDIUM,20.97,29.64,59.63,63.7,3,PUMP,-5.839,21.17,30.64,75.63,0
0,COOL,0,VERY_DRY,2,OPTIMAL,2,MEDIUM,20.27,26.17,60.87,58.92,3,PUMP,-16.239,20.47,27.17,76.87,1
0,COOL,0,VERY_DRY,2,OPTIMAL,2,MEDIUM,18.95,30.52,53.69,65.18,3,PUMP,11.574,19.15,31.52,69.69,2
0,COOL,0,VERY_DRY,2,OPTIMAL,2,MEDIUM,19.18,27.73,61.7,59.94,3,PUMP,-18.983,19.38,28.73,77.7,3
0,COOL,0,VERY_DRY,2,OPTIMAL,2,MEDIUM,19.01,33.2,53.03,66.3,4,PUMP_MIST_LOW,32.709,18.01,42.2,66.03,0
0,COOL,0,VERY_DRY,2,OPTIMAL,2,MEDIUM,19.01,27.04,55.51,58.09,4,PUMP_MIST_LOW,17.617,18.01,36.04,68.51,1
0,COOL,0,VERY_DRY,2,OPTIMAL,2,MEDIUM,20.45,26.21,53.15,65.48,4,PUMP_MIST_LOW,25.861,19.45,35.21,66.15,2
0,COOL,0,VERY_DRY,2,OPTIMAL,2,MEDIUM,19.27,28.59,54.74,56.63,4,PUMP_MIST_LOW,22.537,18.27,37.59,67.74,3
0,COOL,0,VERY_DRY,2,OPTIMAL,2,MEDIUM,20.68,30.21,60.46,61.71,5,PUMP_MIST_HIGH,7.741,18.68,45.21,76.46,0
0,COOL,0,VERY_DRY,2,OPTIMAL,2,MEDIUM,20.78,30.11,54.09,62.05,5,PUMP_MIST_HIGH,21.27,18.78,45.11,70.09,1
0,COOL,0,VERY_DRY,2,OPTIMAL,2,MEDIUM,21.25,26.35,60.83,66.4,5,PUMP_MIST_HIGH,2.598,19.25,41.35,76.83,2
0,COOL,0,VERY_DRY,2,OPTIMAL,2,MEDIUM,20.06,29.66,62.64,56.73,5,PUMP_MIST_HIGH,0.311,18.06,44.66,78.64,3
0,COOL,0,VERY_DRY,2,OPTIMAL,3,BRIGHT,19.94,29.21,59.86,87.88,0,OFF,12.96,20.94,26.21,56.86,0
0,COOL,0,VERY_DRY,2,OPTIMAL,3,BRIGHT,21.15,26.59,53.81,89.3,0,OFF,-0.092,22.15,23.59,50.81,1
0,COOL,0,VERY_DRY,2,OPTIMAL,3,BRIGHT,18.78,28.2,59.33,88.58,0,OFF,6.523,19.78,25.2,56.33,2
0,COOL,0,VERY_DRY,2,OPTIMAL,3,BRIGHT,19.51,33.96,58.31,87.44,0,OFF,15.907,20.51,30.96,55.31,3
0,COOL,0,VERY_DRY,2,OPTIMAL,3,BRIGHT,20.3,26.79,60.02,92.23,1,MIST_LOW,41.137,20.1,32.79,58.02,0
0,COOL,0,VERY_DRY,2,OPTIMAL,3,BRIGHT,20.42,32.15,60.21,84.58,1,MIST_LOW,49.717,20.22,38.15,58.21,1
0,COOL,0,VERY_DRY,2,OPTIMAL,3,BRIGHT,19.86,27.83,56.39,87.44,1,MIST_LOW,33.868,19.66,33.83,54.39,2
0,COOL,0,VERY_DRY,2,OPTIMAL,3,BRIGHT,19.76,26.76,57.27,89.98,1,MIST_LOW,33.686,19.56,32.76,55.27,3
0,COOL,0,VERY_DRY,2,OPTIMAL,3,BRIGHT,19.65,27.22,62.23,82.81,2,MIST_HIGH,40.685,18.35,40.22,61.23,0
0,COOL,0,VERY_DRY,2,OPTIMAL,3,BRIGHT,20.93,26.75,53.97,90.87,2,MIST_HIGH,40.234,19.63,39.75,52.97,1
0,COOL,0,VERY_DRY,2,OPTIMAL,3,BRIGHT,20.87,30.45,58.86,88.74,2,MIST_HIGH,56.271,19.57,43.45,57.86,2
0,COOL,0,VERY_DRY,2,OPTIMAL,3,BRIGHT,19.52,26.98,56.54,89.98,2,MIST_HIGH,41.504,18.22,39.98,55.54,3
0,COOL,0,VERY_DRY,2,OPTIMAL,3,BRIGHT,20.7,32.94,60.21,93.62,3,PUMP,-2.148,21.4,31.94,75.21,0
0,COOL,0,VERY_DRY,2,OPTIMAL,3,BRIGHT,20.28,28.81,58.78,84.55,3,PUMP,-7.096,20.98,27.81,73.78,1
0,COOL,0,VERY_DRY,2,OPTIMAL,3,BRIGHT,20.44,27.79,54.08,92.14,3,PUMP,11.642,21.14,26.79,69.08,2
0,COOL,0,VERY_DRY,2,OPTIMAL,3,BRIGHT,19.63,32.1,58.74,91.69,3,PUMP,-3.841,20.33,31.1,73.74,3
0,COOL,0,VERY_DRY,2,OPTIMAL,3,BRIGHT,20.97,33.8,61.18,89.36,4,PUMP_MIST_LOW,13.28,20.47,40.8,73.18,0
0,COOL,0,VERY_DRY,2,OPTIMAL,3,BRIGHT,20.4,26.21,62.29,91.95,4,PUMP_MIST_LOW,-2.996,19.9,33.21,74.29,1
0,COOL,0,VERY_DRY,2,OPTIMAL,3,BRIGHT,19.35,27.44,60.03,85.71,4,PUMP_MIST_LOW,0.369,18.85,34.44,72.03,2
0,COOL,0,VERY_DRY,2,OPTIMAL,3,BRIGHT,19.55,26.05,61.7,88.8,4,PUMP_MIST_LOW,-4.724,19.05,33.05,73.7,3
0,COOL,0,VERY_DRY,2,OPTIMAL,3,BRIGHT,19.72,27.13,59.33,82.37,5,PUMP_MIST_HIGH,2.63,18.22,40.13,74.33,0
0,COOL,0,VERY_DRY,2,OPTIMAL,3,BRIGHT,20.69,27.72,57.2,86.09,5,PUMP_MIST_HIGH,11.142,19.19,40.72,72.2,1
0,COOL,0,VERY_DRY,2,OPTIMAL,3,BRIGHT,19.64,31.77,60.77,88.81,5,PUMP_MIST_HIGH,6.759,18.14,44.77,75.77,2
0,COOL,0,VERY_DRY,2,OPTIMAL,3,BRIGHT,18.84,26.42,54.57,89.41,5,PUMP_MIST_HIGH,18.649,17.34,39.42,69.57,3
0,COOL,0,VERY_DRY,3,WET,0,DARK,20.49,28.18,83.62,14.83,0,OFF,-45.159,19.99,30.18,83.62,0
0,COOL,0,VERY_DRY,3,WET,0,DARK,19.84,28.19,84.55,10.37,0,OFF,-49.177,19.34,30.19,84.55,1
0,COOL,0,VERY_DRY,3,WET,0,DARK,19.8,28.27,83.78,14.84,0,OFF,-47.551,19.3,30.27,83.78,2
0,COOL,0,VERY_DRY,3,WET,0,DARK,20.47,26.36,80.95,16.19,0,OFF,-42.522,19.97,28.36,80.95,3
0,COOL,0,VERY_DRY,3,WET,0,DARK,18.62,28.41,79.11,10.65,1,MIST_LOW,-14.829,16.92,39.41,80.11,0
0,COOL,0,VERY_DRY,3,WET,0,DARK,19.32,28.62,77.08,17.96,1,MIST_LOW,-7.993,17.62,39.62,78.08,1
0,COOL,0,VERY_DRY,3,WET,0,DARK,19.09,29.04,84.04,15.0,1,MIST_LOW,-22.656,17.39,40.04,85.04,2
0,COOL,0,VERY_DRY,3,WET,0,DARK,20.93,32.45,77.72,19.34,1,MIST_LOW,1.953,19.23,43.45,78.72,3
0,COOL,0,VERY_DRY,3,WET,0,DARK,18.72,26.15,86.21,19.35,2,MIST_HIGH,-37.465,15.92,44.15,88.21,0
0,COOL,0,VERY_DRY,3,WET,0,DARK,20.21,30.59,84.09,14.01,2,MIST_HIGH,-21.141,17.41,48.59,86.09,1
0,COOL,0,VERY_DRY,3,WET,0,DARK,18.92,26.17,80.25,18.62,2,MIST_HIGH,-24.261,16.12,44.17,82.25,2
0,COOL,0,VERY_DRY,3,WET,0,DARK,20.33,32.66,86.2,10.06,2,MIST_HIGH,-21.867,17.53,50.66,88.2,3
0,COOL,0,VERY_DRY,3,WET,0,DARK,20.96,27.95,82.89,15.29,3,PUMP,-86.159,20.16,31.95,100.0,0
0,COOL,0,VERY_DRY,3,WET,0,DARK,19.71,28.48,80.4,13.0,3,PUMP,-85.952,18.91,32.48,98.4,1
0,COOL,0,VERY_DRY,3,WET,0,DARK,19.07,30.08,78.14,15.12,3,PUMP,-80.694,18.27,34.08,96.14,2
0,COOL,0,VERY_DRY,3,WET,0,DARK,21.14,28.8,84.27,18.83,3,PUMP,-84.251,20.34,32.8,100.0,3
0,COOL,0,VERY_DRY,3,WET,0,DARK,20.88,27.89,78.46,11.37,4,PUMP_MIST_LOW,-63.828,18.88,39.89,93.46,0
0,COOL,0,VERY_DRY,3,WET,0,DARK,20.29,32.08,83.56,11.13,4,PUMP_MIST_LOW,-69.717,18.29,44.08,98.56,1
0,COOL,0,VERY_DRY,3,WET,0,DARK,20.76,29.95,84.54,18.12,4,PUMP_MIST_LOW,-73.674,18.76,41.95,99.54,2
0,COOL,0,VERY_DRY,3,WET,0,DARK,19.86,33.39,82.64,16.62,4,PUMP_MIST_LOW,-67.083,17.86,45.39,97.64,3
0,COOL,0,VERY_DRY,3,WET,0,DARK,20.35,32.91,83.27,10.81,5,PUMP_MIST_HIGH,-74.822,17.35,50.91,100.0,0
0,COOL,0,VERY_DRY,3,WET,0,DARK,18.79,29.54,80.03,12.3,5,PUMP_MIST_HIGH,-81.067,15.79,47.54,98.03,1
0,COOL,0,VERY_DRY,3,WET,0,DARK,18.76,30.06,80.1,14.42,5,PUMP_MIST_HIGH,-80.501,15.76,48.06,98.1,2
0,COOL,0,VERY_DRY,3,WET,0,DARK,18.76,32.65,77.77,19.37,5,PUMP_MIST_HIGH,-71.436,15.76,50.65,95.77,3
0,COOL,0,VERY_DRY,3,WET,1,LOW,20.99,30.92,82.07,39.55,0,OFF,-35.893,20.99,31.92,82.07,0
0,COOL,0,VERY_DRY,3,WET,1,LOW,20.15,32.33,85.96,39.4,0,OFF,-44.491,20.15,33.33,85.96,1
0,COOL,0,VERY_DRY,3,WET,1,LOW,20.87,31.21,80.22,39.71,0,OFF,-31.933,20.87,32.21,80.22,2
0,COOL,0,VERY_DRY,3,WET,1,LOW,19.02,26.49,78.04,44.79,0,OFF,-40.81,19.02,27.49,78.04,3
0,COOL,0,VERY_DRY,3,WET,1,LOW,19.56,31.71,82.05,36.07,1,MIST_LOW,-12.695,18.36,41.71,83.05,0
0,COOL,0,VERY_DRY,3,WET,1,LOW,19.29,29.5,81.39,40.27,1,MIST_LOW,-15.725,18.09,39.5,82.39,1
0,COOL,0,VERY_DRY,3,WET,1,LOW,19.04,28.98,79.83,38.91,1,MIST_LOW,-14.066,17.84,38.98,80.83,2
0,COOL,0,VERY_DRY,3,WET,1,LOW,19.55,30.78,84.89,41.77,1,MIST_LOW,-20.209,18.35,40.78,85.89,3
0,COOL,0,VERY_DRY,3,WET,1,LOW,18.78,26.76,83.78,37.41,2,MIST_HIGH,-21.186,16.48,43.76,85.78,0
0,COOL,0,VERY_DRY,3,WET,1,LOW,20.63,31.25,86.06,44.48,2,MIST_HIGH,-12.885,18.33,48.25,88.06,1
0,COOL,0,VERY_DRY,3,WET,1,LOW,19.53,30.66,78.41,38.2,2,MIST_HIGH,-1.264,17.23,47.66,80.41,2
0,COOL,0,VERY_DRY,3,WET,1,LOW,21.31,31.59,80.92,41.14,2,MIST_HIGH,0.64,19.01,48.59,82.92,3
0,COOL,0,VERY_DRY,3,WET,1,LOW,21.23,28.48,80.77,43.5,3,PUMP,-81.883,20.93,31.48,98.77,0
0,COOL,0,VERY_DRY,3,WET,1,LOW,20.88,31.36,85.29,42.87,3,PUMP,-80.976,20.58,34.36,100.0,1
0,COOL,0,VERY_DRY,3,WET,1,LOW,20.52,30.21,83.46,39.08,3,PUMP,-83.961,20.22,33.21,100.0,2
0,COOL,0,VERY_DRY,3,WET,1,LOW,19.61,28.9,78.8,36.57,3,PUMP,-82.242,19.31,31.9,96.8,3
0,COOL,0,VERY_DRY,3,WET,1,LOW,21.25,29.89,79.27,35.65,4,PUMP_MIST_LOW,-61.122,19.75,40.89,94.27,0
0,COOL,0,VERY_DRY,3,WET,1,LOW,18.82,32.76,78.01,43.25,4,PUMP_MIST_LOW,-61.704,17.32,43.76,93.01,1
0,COOL,0,VERY_DRY,3,WET,1,LOW,20.94,33.07,77.38,38.04,4,PUMP_MIST_LOW,-53.079,19.44,44.07,92.38,2
0,COOL,0,VERY_DRY,3,WET,1,LOW,20.75,27.05,80.77,35.95,4,PUMP_MIST_LOW,-70.448,19.25,38.05,95.77,3
0,COOL,0,VERY_DRY,3,WET,1,LOW,20.93,32.17,85.09,35.99,5,PUMP_MIST_HIGH,-64.161,18.43,49.17,100.0,0
0,COOL,0,VERY_DRY,3,WET,1,LOW,19.83,29.29,83.76,36.85,5,PUMP_MIST_HIGH,-72.299,17.33,46.29,100.0,1
0,COOL,0,VERY_DRY,3,WET,1,LOW,19.84,28.28,84.49,39.39,5,PUMP_MIST_HIGH,-73.853,17.34,45.28,100.0,2
0,COOL,0,VERY_DRY,3,WET,1,LOW,20.1,28.48,85.09,39.63,5,PUMP_MIST_HIGH,-72.734,17.6,45.48,100.0,3
0,COOL,0,VERY_DRY,3,WET,2,MEDIUM,20.94,28.94,86.47,67.81,0,OFF,-45.879,21.44,27.94,84.47,0
0,COOL,0,VERY_DRY,3,WET,2,MEDIUM,19.89,28.25,80.82,62.33,0,OFF,-38.456,20.39,27.25,78.82,1
0,COOL,0,VERY_DRY,3,WET,2,MEDIUM,21.31,32.54,85.01,57.66,0,OFF,-35.892,21.81,31.54,83.01,2
0,COOL,0,VERY_DRY,3,WET,2,MEDIUM,19.3,31.13,85.74,62.65,0,OFF,-46.089,19.8,30.13,83.74,3
0,COOL,0,VERY_DRY,3,WET,2,MEDIUM,18.89,32.77,85.51,59.42,1,MIST_LOW,-17.848,18.19,40.77,84.51,0
0,COOL,0,VERY_DRY,3,WET,2,MEDIUM,20.74,28.18,86.05,57.77,1,MIST_LOW,-20.402,20.04,36.18,85.05,1
0,COOL,0,VERY_DRY,3,WET,2,MEDIUM,19.82,33.57,79.22,61.41,1,MIST_LOW,-0.349,19.12,41.57,78.22,2
0,COOL,0,VERY_DRY,3,WET,2,MEDIUM,19.58,26.21,77.53,62.02,1,MIST_LOW,-9.365,18.88,34.21,76.53,3
0,COOL,0,VERY_DRY,3,WET,2,MEDIUM,19.26,33.96,80.75,56.34,2,MIST_HIGH,0.829,17.46,48.96,80.75,0
0,COOL,0,VERY_DRY,3,WET,2,MEDIUM,21.21,32.71,83.5,65.5,2,MIST_HIGH,-0.708,19.41,47.71,83.5,1
0,COOL,0,VERY_DRY,3,WET,2,MEDIUM,18.99,28.3,85.3,64.35,2,MIST_HIGH,-18.66,17.19,43.3,85.3,2
0,COOL,0,VERY_DRY,3,WET,2,MEDIUM,18.99,31.64,81.49,56.06,2,MIST_HIGH,-5.286,17.19,46.64,81.49,3
0,COOL,0,VERY_DRY,3,WET,2,MEDIUM,18.82,28.05,85.35,62.59,3,PUMP,-94.454,19.02,29.05,100.0,0
0,COOL,0,VERY_DRY,3,WET,2,MEDIUM,20.64,30.22,78.11,59.46,3,PUMP,-72.803,20.84,31.22,94.11,1
0,COOL,0,VERY_DRY,3,WET,2,MEDIUM,19.44,26.38,81.2,65.53,3,PUMP,-89.247,19.64,27.38,97.2,2
0,COOL,0,VERY_DRY,3,WET,2,MEDIUM,19.88,26.89,86.05,63.16,3,PUMP,-92.925,20.08,27.89,100.0,3
0,COOL,0,VERY_DRY,3,WET,2,MEDIUM,18.65,30.12,79.42,57.72,4,PUMP_MIST_LOW,-66.817,17.65,39.12,92.42,0
0,COOL,0,VERY_DRY,3,WET,2,MEDIUM,19.8,30.92,79.41,61.0,4,PUMP_MIST_LOW,-61.816,18.8,39.92,92.41,1
0,COOL,0,VERY_DRY,3,WET,2,MEDIUM,20.46,26.68,86.75,56.81,4,PUMP_MIST_LOW,-81.899,19.46,35.68,99.75,2
0,COOL,0,VERY_DRY,3,WET,2,MEDIUM,20.07,30.06,86.88,62.65,4,PUMP_MIST_LOW,-78.028,19.07,39.06,99.88,3
0,COOL,0,VERY_DRY,3,WET,2,MEDIUM,19.69,29.76,83.36,67.77,5,PUMP_MIST_HIGH,-72.213,17.69,44.76,99.36,0
0,COOL,0,VERY_DRY,3,WET,2,MEDIUM,19.31,26.13,84.89,60.14,5,PUMP_MIST_HIGH,-80.599,17.31,41.13,100.0,1
0,COOL,0,VERY_DRY,3,WET,2,MEDIUM,20.65,31.03,84.72,64.82,5,PUMP_MIST_HIGH,-68.471,18.65,46.03,100.0,2
0,COOL,0,VERY_DRY,3,WET,2,MEDIUM,19.53,26.35,82.46,65.76,5,PUMP_MIST_HIGH,-76.299,17.53,41.35,98.46,3
0,COOL,0,VERY_DRY,3,WET,3,BRIGHT,19.09,32.23,81.65,90.34,0,OFF,-35.895,20.09,29.23,78.65,0
0,COOL,0,VERY_DRY,3,WET,3,BRIGHT,20.37,32.49,77.63,91.31,0,OFF,-22.958,21.37,29.49,74.63,1
0,COOL,0,VERY_DRY,3,WET,3,BRIGHT,19.88,28.35,77.44,84.39,0,OFF,-30.743,20.88,25.35,74.44,2
0,COOL,0,VERY_DRY,3,WET,3,BRIGHT,18.72,33.47,82.15,93.87,0,OFF,-36.18,19.72,30.47,79.15,3
0,COOL,0,VERY_DRY,3,WET,3,BRIGHT,20.12,28.03,84.53,84.29,1,MIST_LOW,-18.931,19.92,34.03,82.53,0
0,COOL,0,VERY_DRY,3,WET,3,BRIGHT,19.6,32.25,85.66,85.98,1,MIST_LOW,-16.209,19.4,38.25,83.66,1
0,COOL,0,VERY_DRY,3,WET,3,BRIGHT,18.95,28.94,85.89,90.92,1,MIST_LOW,-24.073,18.75,34.94,83.89,2
0,COOL,0,VERY_DRY,3,WET,3,BRIGHT,21.1,29.09,86.74,87.95,1,MIST_LOW,-18.703,20.9,35.09,84.74,3
0,COOL,0,VERY_DRY,3,WET,3,BRIGHT,19.99,33.39,82.19,91.61,2,MIST_HIGH,-0.256,18.69,46.39,81.19,0
0,COOL,0,VERY_DRY,3,WET,3,BRIGHT,20.64,26.63,83.02,91.87,2,MIST_HIGH,-10.767,19.34,39.63,82.02,1
0,COOL,0,VERY_DRY,3,WET,3,BRIGHT,20.13,28.57,77.8,89.93,2,MIST_HIGH,1.678,18.83,41.57,76.8,2
0,COOL,0,VERY_DRY,3,WET,3,BRIGHT,19.46,30.82,81.26,90.28,2,MIST_HIGH,-4.129,18.16,43.82,80.26,3
0,COOL,0,VERY_DRY,3,WET,3,BRIGHT,19.58,26.34,85.7,86.23,3,PUMP,-96.348,20.28,25.34,100.0,0
0,COOL,0,VERY_DRY,3,WET,3,BRIGHT,21.39,28.2,86.8,93.37,3,PUMP,-87.582,22.09,27.2,100.0,1
0,COOL,0,VERY_DRY,3,WET,3,BRIGHT,18.81,31.1,80.63,91.61,3,PUMP,-82.037,19.51,30.1,95.63,2
0,COOL,0,VERY_DRY,3,WET,3,BRIGHT,20.5,33.62,78.43,89.29,3,PUMP,-67.955,21.2,32.62,93.43,3
0,COOL,0,VERY_DRY,3,WET,3,BRIGHT,20.79,26.28,77.67,91.34,4,PUMP_MIST_LOW,-61.946,20.29,33.28,89.67,0
0,COOL,0,VERY_DRY,3,WET,3,BRIGHT,19.63,29.06,82.67,89.26,4,PUMP_MIST_LOW,-71.709,19.13,36.06,94.67,1
0,COOL,0,VERY_DRY,3,WET,3,BRIGHT,20.5,33.59,80.72,91.16,4,PUMP_MIST_LOW,-57.563,20.0,40.59,92.72,2
0,COOL,0,VERY_DRY,3,WET,3,BRIGHT,20.21,30.24,80.98,89.79,4,PUMP_MIST_LOW,-64.419,19.71,37.24,92.98,3
0,COOL,0,VERY_DRY,3,WET,3,BRIGHT,19.3,26.91,84.36,87.99,5,PUMP_MIST_HIGH,-79.641,17.8,39.91,99.36,0
0,COOL,0,VERY_DRY,3,WET,3,BRIGHT,19.68,30.49,79.62,85.12,5,PUMP_MIST_HIGH,-62.72,18.18,43.49,94.62,1
0,COOL,0,VERY_DRY,3,WET,3,BRIGHT,19.85,33.97,79.86,93.0,5,PUMP_MIST_HIGH,-57.125,18.35,46.97,94.86,2
0,COOL,0,VERY_DRY,3,WET,3,BRIGHT,19.98,26.98,85.53,87.42,5,PUMP_MIST_HIGH,-78.709,18.48,39.98,100.0,3
0,COOL,1,DRY,0,VERY_DRY,0,DARK,21.12,47.56,10.88,17.18,0,OFF,-74.287,20.62,49.56,10.88,0
0,COOL,1,DRY,0,VERY_DRY,0,DARK,20.97,46.56,13.47,9.78,0,OFF,-70.917,20.47,48.56,13.47,1
0,COOL,1,DRY,0,VERY_DRY,0,DARK,20.12,51.13,18.51,17.54,0,OFF,-55.734,19.62,53.13,18.51,2
0,COOL,1,DRY,0,VERY_DRY,0,DARK,21.2,49.1,17.94,15.11,0,OFF,-56.741,20.7,51.1,17.94,3
0,COOL,1,DRY,0,VERY_DRY,0,DARK,18.94,45.61,11.39,18.48,1,MIST_LOW,-62.644,17.24,56.61,12.39,0
0,COOL,1,DRY,0,VERY_DRY,0,DARK,18.67,48.43,13.69,18.64,1,MIST_LOW,-54.146,16.97,59.43,14.69,1
0,COOL,1,DRY,0,VERY_DRY,0,DARK,20.14,48.9,10.86,12.71,1,MIST_LOW,-54.634,18.44,59.9,11.86,2
0,COOL,1,DRY,0,VERY_DRY,0,DARK,21.4,49.75,15.26,18.23,1,MIST_LOW,-40.022,19.7,60.75,16.26,3
0,COOL,1,DRY,0,VERY_DRY,0,DARK,20.91,44.59,19.72,16.71,2,MIST_HIGH,-42.587,18.11,62.59,21.72,0
0,COOL,1,DRY,0,VERY_DRY,0,DARK,19.86,49.44,13.45,19.54,2,MIST_HIGH,-66.879,17.06,67.44,15.45,1
0,COOL,1,DRY,0,VERY_DRY,0,DARK,20.78,49.12,11.82,20.6,2,MIST_HIGH,-66.817,17.98,67.12,13.82,2
0,COOL,1,DRY,0,VERY_DRY,0,DARK,19.81,51.29,10.55,10.49,2,MIST_HIGH,-76.057,17.01,69.29,12.55,3
0,COOL,1,DRY,0,VERY_DRY,0,DARK,19.03,45.32,13.23,17.51,3,PUMP,-4.585,18.23,49.32,31.23,0
0,COOL,1,DRY,0,VERY_DRY,0,DARK,19.57,51.53,18.95,19.15,3,PUMP,27.097,18.77,55.53,36.95,1
0,COOL,1,DRY,0,VERY_DRY,0,DARK,19.3,49.08,15.51,10.5,3,PUMP,7.102,18.5,53.08,33.51,2
0,COOL,1,DRY,0,VERY_DRY,0,DARK,19.45,48.27,15.03,11.02,3,PUMP,5.256,18.65,52.27,33.03,3
0,COOL,1,DRY,0,VERY_DRY,0,DARK,21.24,45.23,16.59,17.65,4,PUMP_MIST_LOW,20.064,19.24,57.23,31.59,0
0,COOL,1,DRY,0,VERY_DRY,0,DARK,20.29,50.74,15.64,18.9,4,PUMP_MIST_LOW,21.494,18.29,62.74,30.64,1
0,COOL,1,DRY,0,VERY_DRY,0,DARK,18.68,44.36,16.41,15.92,4,PUMP_MIST_LOW,10.127,16.68,56.36,31.41,2
0,COOL,1,DRY,0,VERY_DRY,0,DARK,20.42,50.14,14.17,16.67,4,PUMP_MIST_LOW,19.785,18.42,62.14,29.17,3
0,COOL,1,DRY,0,VERY_DRY,0,DARK,19.99,49.02,12.9,20.48,5,PUMP_MIST_HIGH,1.038,16.99,67.02,30.9,0
0,COOL,1,DRY,0,VERY_DRY,0,DARK,19.95,50.44,16.85,12.57,5,PUMP_MIST_HIGH,6.932,16.95,68.44,34.85,1
0,COOL,1,DRY,0,VERY_DRY,0,DARK,18.8,44.48,14.4,14.81,5,PUMP_MIST_HIGH,7.639,15.8,62.48,32.4,2
0,COOL,1,DRY,0,VERY_DRY,0,DARK,19.17,48.85,13.13,17.62,5,PUMP_MIST_HIGH,-0.853,16.17,66.85,31.13,3
0,COOL,1,DRY,0,VERY_DRY,1,LOW,20.66,50.89,19.75,35.57,0,OFF,-51.801,20.66,51.89,19.75,0
0,COOL,1,DRY,0,VERY_DRY,1,LOW,19.64,48.49,13.19,39.6,0,OFF,-72.669,19.64,49.49,13.19,1
0,COOL,1,DRY,0,VERY_DRY,1,LOW,19.35,45.98,10.97,37.48,0,OFF,-82.277,19.35,46.98,10.97,2
0,COOL,1,DRY,0,VERY_DRY,1,LOW,19.68,48.92,12.48,44.38,0,OFF,-73.348,19.68,49.92,12.48,3
0,COOL,1,DRY,0,VERY_DRY,1,LOW,19.05,46.62,15.78,37.75,1,MIST_LOW,-51.466,17.85,56.62,16.78,0
0,COOL,1,DRY,0,VERY_DRY,1,LOW,20.74,47.99,15.15,39.99,1,MIST_LOW,-45.195,19.54,57.99,16.15,1
0,COOL,1,DRY,0,VERY_DRY,1,LOW,19.46,44.19,19.45,40.07,1,MIST_LOW,-54.309,18.26,54.19,20.45,2
0,COOL,1,DRY,0,VERY_DRY,1,LOW,21.31,45.72,13.53,34.61,1,MIST_LOW,-50.394,20.11,55.72,14.53,3
0,COOL,1,DRY,0,VERY_DRY,1,LOW,19.99,51.06,16.54,39.65,2,MIST_HIGH,-49.36,17.69,68.06,18.54,0
0,COOL,1,DRY,0,VERY_DRY,1,LOW,20.1,50.78,14.31,44.59,2,MIST_HIGH,-53.226,17.8,67.78,16.31,1
0,COOL,1,DRY,0,VERY_DRY,1,LOW,20.64,50.11,13.66,38.81,2,MIST_HIGH,-51.814,18.34,67.11,15.66,2
0,COOL,1,DRY,0,VERY_DRY,1,LOW,20.2,45.56,15.53,34.88,2,MIST_HIGH,-42.004,17.9,62.56,17.53,3
0,COOL,1,DRY,0,VERY_DRY,1,LOW,20.01,50.12,12.8,45.87,3,PUMP,5.337,19.71,53.12,30.8,0
0,COOL,1,DRY,0,VERY_DRY,1,LOW,20.51,44.95,19.75,38.73,3,PUMP,13.254,20.21,47.95,37.75,1
0,COOL,1,DRY,0,VERY_DRY,1,LOW,20.83,46.71,19.39,43.06,3,PUMP,16.34,20.53,49.71,37.39,2
0,COOL,1,DRY,0,VERY_DRY,1,LOW,19.16,48.07,15.0,34.54,3,PUMP,3.962,18.86,51.07,33.0,3
0,COOL,1,DRY,0,VERY_DRY,1,LOW,18.98,46.66,14.74,39.48,4,PUMP_MIST_LOW,11.259,17.48,57.66,29.74,0
0,COOL,1,DRY,0,VERY_DRY,1,LOW,20.3,48.12,13.28,41.36,4,PUMP_MIST_LOW,14.738,18.8,59.12,28.28,1
0,COOL,1,DRY,0,VERY_DRY,1,LOW,19.06,51.92,17.39,37.59,4,PUMP_MIST_LOW,22.522,17.56,62.92,32.39,2
0,COOL,1,DRY,0,VERY_DRY,1,LOW,19.54,50.63,15.32,42.5,4,PUMP_MIST_LOW,20.615,18.04,61.63,30.32,3
0,COOL,1,DRY,0,VERY_DRY,1,LOW,19.44,50.53,13.68,42.09,5,PUMP_MIST_HIGH,11.7,16.94,67.53,31.68,0
0,COOL,1,DRY,0,VERY_DRY,1,LOW,21.34,48.67,17.97,42.7,5,PUMP_MIST_HIGH,29.76,18.84,65.67,35.97,1
0,COOL,1,DRY,0,VERY_DRY,1,LOW,20.53,44.21,14.75,45.6,5,PUMP_MIST_HIGH,24.992,18.03,61.21,32.75,2
0,COOL,1,DRY,0,VERY_DRY,1,LOW,20.79,50.21,15.78,42.66,5,PUMP_MIST_HIGH,20.93,18.29,67.21,33.78,3
0,COOL,1,DRY,0,VERY_DRY,2,MEDIUM,20.23,45.36,16.29,63.44,0,OFF,-75.06,20.73,44.36,14.29,0
0,COOL,1,DRY,0,VERY_DRY,2,MEDIUM,20.96,45.18,16.81,56.38,0,OFF,-71.956,21.46,44.18,14.81,1
0,COOL,1,DRY,0,VERY_DRY,2,MEDIUM,21.25,44.88,10.19,59.76,0,OFF,-85.38,21.75,43.88,8.19,2
0,COOL,1,DRY,0,VERY_DRY,2,MEDIUM,19.02,49.52,14.1,65.3,0,OFF,-76.867,19.52,48.52,12.1,3
0,COOL,1,DRY,0,VERY_DRY,2,MEDIUM,21.18,50.98,17.36,56.75,1,MIST_LOW,-40.147,20.48,58.98,16.36,0
0,COOL,1,DRY,0,VERY_DRY,2,MEDIUM,18.99,45.66,13.25,63.95,1,MIST_LOW,-72.303,18.29,53.66,12.25,1
0,COOL,1,DRY,0,VERY_DRY,2,MEDIUM,20.07,46.51,11.73,66.95,1,MIST_LOW,-70.659,19.37,54.51,10.73,2
0,COOL,1,DRY,0,VERY_DRY,2,MEDIUM,19.56,46.83,17.72,64.65,1,MIST_LOW,-59.206,18.86,54.83,16.72,3
0,COOL,1,DRY,0,VERY_DRY,2,MEDIUM,20.4,49.55,16.1,58.31,2,MIST_HIGH,-45.939,18.6,64.55,16.1,0
0,COOL,1,DRY,0,VERY_DRY,2,MEDIUM,19.29,48.46,12.25,67.67,2,MIST_HIGH,-55.852,17.49,63.46,12.25,1
0,COOL,1,DRY,0,VERY_DRY,2,MEDIUM,19.43,46.31,12.07,64.46,2,MIST_HIGH,-54.521,17.63,61.31,12.07,2
0,COOL,1,DRY,0,VERY_DRY,2,MEDIUM,19.49,46.79,19.34,65.54,2,MIST_HIGH,-38.327,17.69,61.79,19.34,3
0,COOL,1,DRY,0,VERY_DRY,2,MEDIUM,19.37,44.97,16.77,60.56,3,PUMP,-2.421,19.57,45.97,32.77,0
0,COOL,1,DRY,0,VERY_DRY,2,MEDIUM,21.34,50.55,19.55,65.66,3,PUMP,18.664,21.54,51.55,35.55,1
0,COOL,1,DRY,0,VERY_DRY,2,MEDIUM,19.41,46.3,17.14,60.16,3,PUMP,0.641,19.61,47.3,33.14,2
0,COOL,1,DRY,0,VERY_DRY,2,MEDIUM,19.84,46.05,14.79,58.42,3,PUMP,-3.333,20.04,47.05,30.79,3
0,COOL,1,DRY,0,VERY_DRY,2,MEDIUM,20.11,51.46,16.96,57.65,4,PUMP_MIST_LOW,21.408,19.11,60.46,29.96,0
0,COOL,1,DRY,0,VERY_DRY,2,MEDIUM,20.32,48.69,12.42,64.04,4,PUMP_MIST_LOW,8.14,19.32,57.69,25.42,1
0,COOL,1,DRY,0,VERY_DRY,2,MEDIUM,20.09,49.1,10.52,60.96,4,PUMP_MIST_LOW,4.046,19.09,58.1,23.52,2
0,COOL,1,DRY,0,VERY_DRY,2,MEDIUM,20.61,44.8,17.71,56.06,4,PUMP_MIST_LOW,5.921,19.61,53.8,30.71,3
0,COOL,1,DRY,0,VERY_DRY,2,MEDIUM,20.14,51.43,14.07,67.22,5,PUMP_MIST_HIGH,13.904,18.14,66.43,30.07,0
0,COOL,1,DRY,0,VERY_DRY,2,MEDIUM,21.06,47.82,11.99,67.57,5,PUMP_MIST_HIGH,18.268,19.06,62.82,27.99,1
0,COOL,1,DRY,0,VERY_DRY,2,MEDIUM,19.5,49.17,19.08,57.07,5,PUMP_MIST_HIGH,25.997,17.5,64.17,35.08,2
0,COOL,1,DRY,0,VERY_DRY,2,MEDIUM,20.21,48.28,17.23,67.24,5,PUMP_MIST_HIGH,25.8,18.21,63.28,33.23,3
0,COOL,1,DRY,0,VERY_DRY,3,BRIGHT,21.16,45.4,18.82,84.11,0,OFF,-70.429,22.16,42.4,15.82,0
0,COOL,1,DRY,0,VERY_DRY,3,BRIGHT,21.17,51.98,13.97,87.94,0,OFF,-70.039,22.17,48.98,10.97,1
0,COOL,1,DRY,0,VERY_DRY,3,BRIGHT,21.22,51.7,19.26,92.52,0,OFF,-59.226,22.22,48.7,16.26,2
0,COOL,1,DRY,0,VERY_DRY,3,BRIGHT,18.63,48.54,11.07,93.8,0,OFF,-89.774,19.63,45.54,8.07,3
0,COOL,1,DRY,0,VERY_DRY,3,BRIGHT,19.4,51.91,15.43,87.93,1,MIST_LOW,-52.101,19.2,57.91,13.43,0
0,COOL,1,DRY,0,VERY_DRY,3,BRIGHT,21.23,50.81,14.68,84.31,1,MIST_LOW,-49.588,21.03,56.81,12.68,1
0,COOL,1,DRY,0,VERY_DRY,3,BRIGHT,18.92,45.3,14.59,85.09,1,MIST_LOW,-73.994,18.72,51.3,12.59,2
0,COOL,1,DRY,0,VERY_DRY,3,BRIGHT,19.12,49.89,17.91,88.81,1,MIST_LOW,-51.017,18.92,55.89,15.91,3
0,COOL,1,DRY,0,VERY_DRY,3,BRIGHT,20.72,45.4,18.56,92.76,2,MIST_HIGH,-41.929,19.42,58.4,17.56,0
0,COOL,1,DRY,0,VERY_DRY,3,BRIGHT,20.92,48.12,10.87,90.03,2,MIST_HIGH,-53.113,19.62,61.12,9.87,1
0,COOL,1,DRY,0,VERY_DRY,3,BRIGHT,19.12,45.12,13.24,84.98,2,MIST_HIGH,-58.689,17.82,58.12,12.24,2
0,COOL,1,DRY,0,VERY_DRY,3,BRIGHT,19.33,45.88,17.54,93.45,2,MIST_HIGH,-47.76,18.03,58.88,16.54,3
0,COOL,1,DRY,0,VERY_DRY,3,BRIGHT,19.45,49.78,10.11,89.84,3,PUMP,-12.142,20.15,48.78,25.11,0
0,COOL,1,DRY,0,VERY_DRY,3,BRIGHT,20.54,44.5,11.18,85.68,3,PUMP,-14.855,21.24,43.5,26.18,1
0,COOL,1,DRY,0,VERY_DRY,3,BRIGHT,19.74,48.02,18.95,90.44,3,PUMP,4.522,20.44,47.02,33.95,2
0,COOL,1,DRY,0,VERY_DRY,3,BRIGHT,19.47,44.94,19.16,85.54,3,PUMP,-0.812,20.17,43.94,34.16,3
0,COOL,1,DRY,0,VERY_DRY,3,BRIGHT,20.32,45.75,11.34,83.84,4,PUMP_MIST_LOW,-10.563,19.82,52.75,23.34,0
0,COOL,1,DRY,0,VERY_DRY,3,BRIGHT,20.69,48.85,14.16,88.59,4,PUMP_MIST_LOW,9.506,20.19,55.85,26.16,1
0,COOL,1,DRY,0,VERY_DRY,3,BRIGHT,19.92,48.3,16.64,84.62,4,PUMP_MIST_LOW,11.365,19.42,55.3,28.64,2
0,COOL,1,DRY,0,VERY_DRY,3,BRIGHT,19.29,50.04,18.73,82.98,4,PUMP_MIST_LOW,16.534,18.79,57.04,30.73,3
0,COOL,1,DRY,0,VERY_DRY,3,BRIGHT,19.85,49.63,10.78,88.77,5,PUMP_MIST_HIGH,11.655,18.35,62.63,25.78,0
0,COOL,1,DRY,0,VERY_DRY,3,BRIGHT,18.77,48.38,15.05,88.87,5,PUMP_MIST_HIGH,17.198,17.27,61.38,30.05,1
0,COOL,1,DRY,0,VERY_DRY,3,BRIGHT,19.02,46.62,15.2,83.39,5,PUMP_MIST_HIGH,15.49,17.52,59.62,30.2,2
0,COOL,1,DRY,0,VERY_DRY,3,BRIGHT,19.18,48.67,10.91,88.12,5,PUMP_MIST_HIGH,10.234,17.68,61.67,25.91,3
0,COOL,1,DRY,1,DRY,0,DARK,20.86,47.63,35.13,14.48,0,OFF,10.948,20.36,49.63,35.13,0
0,COOL,1,DRY,1,DRY,0,DARK,18.76,47.7,38.07,17.68,0,OFF,10.501,18.26,49.7,38.07,1
0,COOL,1,DRY,1,DRY,0,DARK,19.71,50.53,37.46,15.94,0,OFF,16.78,19.21,52.53,37.46,2
0,COOL,1,DRY,1,DRY,0,DARK,18.73,46.76,30.64,20.93,0,OFF,-6.725,18.23,48.76,30.64,3
0,COOL,1,DRY,1,DRY,0,DARK,21.22,44.55,39.34,9.38,1,MIST_LOW,36.647,19.52,55.55,40.34,0
0,COOL,1,DRY,1,DRY,0,DARK,19.74,50.15,37.66,20.74,1,MIST_LOW,37.369,18.04,61.15,38.66,1
0,COOL,1,DRY,1,DRY,0,DARK,20.41,47.36,39.93,13.59,1,MIST_LOW,39.798,18.71,58.36,40.93,2
0,COOL,1,DRY,1,DRY,0,DARK,21.03,51.25,33.76,17.19,1,MIST_LOW,34.254,19.33,62.25,34.76,3
0,COOL,1,DRY,1,DRY,0,DARK,20.45,48.31,36.54,13.17,2,MIST_HIGH,20.311,17.65,66.31,38.54,0
0,COOL,1,DRY,1,DRY,0,DARK,19.1,48.3,35.29,17.73,2,MIST_HIGH,13.388,16.3,66.3,37.29,1
0,COOL,1,DRY,1,DRY,0,DARK,19.22,44.03,30.23,12.58,2,MIST_HIGH,9.988,16.42,62.03,32.23,2
0,COOL,1,DRY,1,DRY,0,DARK,20.49,48.36,35.32,18.88,2,MIST_HIGH,17.796,17.69,66.36,37.32,3
0,COOL,1,DRY,1,DRY,0,DARK,19.29,46.77,32.76,20.25,3,PUMP,49.597,18.49,50.77,50.76,0
0,COOL,1,DRY,1,DRY,0,DARK,20.63,44.9,38.09,14.03,3,PUMP,62.1,19.83,48.9,56.09,1
0,COOL,1,DRY,1,DRY,0,DARK,20.74,51.07,30.16,11.47,3,PUMP,63.664,19.94,55.07,48.16,2
0,COOL,1,DRY,1,DRY,0,DARK,18.88,44.27,35.98,17.44,3,PUMP,51.047,18.08,48.27,53.98,3
0,COOL,1,DRY,1,DRY,0,DARK,18.74,49.92,34.02,11.81,4,PUMP_MIST_LOW,66.183,16.74,61.92,49.02,0
0,COOL,1,DRY,1,DRY,0,DARK,19.21,50.91,30.56,15.05,4,PUMP_MIST_LOW,59.096,17.21,62.91,45.56,1
0,COOL,1,DRY,1,DRY,0,DARK,19.41,50.53,37.32,12.83,4,PUMP_MIST_LOW,74.532,17.41,62.53,52.32,2
0,COOL,1,DRY,1,DRY,0,DARK,20.27,49.38,33.21,12.62,4,PUMP_MIST_LOW,68.52,18.27,61.38,48.21,3
0,COOL,1,DRY,1,DRY,0,DARK,19.0,49.28,32.21,12.61,5,PUMP_MIST_HIGH,47.995,16.0,67.28,50.21,0
0,COOL,1,DRY,1,DRY,0,DARK,18.77,51.59,38.8,19.94,5,PUMP_MIST_HIGH,57.399,15.77,69.59,56.8,1
0,COOL,1,DRY,1,DRY,0,DARK,20.35,47.42,34.96,20.67,5,PUMP_MIST_HIGH,61.069,17.35,65.42,52.96,2
0,COOL,1,DRY,1,DRY,0,DARK,21.24,49.37,37.86,12.82,5,PUMP_MIST_HIGH,66.865,18.24,67.37,55.86,3
0,COOL,1,DRY,1,DRY,1,LOW,19.77,45.19,33.76,43.05,0,OFF,0.666,19.77,46.19,33.76,0
0,COOL,1,DRY,1,DRY,1,LOW,19.93,50.79,33.01,42.49,0,OFF,8.55,19.93,51.79,33.01,1
0,COOL,1,DRY,1,DRY,1,LOW,20.86,51.32,35.62,45.61,0,OFF,17.859,20.86,52.32,35.62,2
0,COOL,1,DRY,1,DRY,1,LOW,20.16,45.07,32.43,36.44,0,OFF,-1.07,20.16,46.07,32.43,3
0,COOL,1,DRY,1,DRY,1,LOW,20.41,51.38,38.47,35.11,1,MIST_LOW,43.169,19.21,61.38,39.47,0
0,COOL,1,DRY,1,DRY,1,LOW,20.63,45.52,32.68,42.08,1,MIST_LOW,22.348,19.43,55.52,33.68,1
0,COOL,1,DRY,1,DRY,1,LOW,20.29,50.99,31.88,43.14,1,MIST_LOW,28.316,19.09,60.99,32.88,2
0,COOL,1,DRY,1,DRY,1,LOW,20.63,48.47,34.79,44.43,1,MIST_LOW,31.49,19.43,58.47,35.79,3
0,COOL,1,DRY,1,DRY,1,LOW,19.53,51.66,30.15,45.25,2,MIST_HIGH,11.816,17.23,68.66,32.15,0
0,COOL,1,DRY,1,DRY,1,LOW,21.29,44.94,40.0,39.75,2,MIST_HIGH,48.673,18.99,61.94,42.0,1
0,COOL,1,DRY,1,DRY,1,LOW,19.28,48.84,32.05,44.98,2,MIST_HIGH,19.492,16.98,65.84,34.05,2
0,COOL,1,DRY,1,DRY,1,LOW,20.15,50.2,33.81,40.4,2,MIST_HIGH,23.774,17.85,67.2,35.81,3
0,COOL,1,DRY,1,DRY,1,LOW,19.61,46.09,35.13,39.97,3,PUMP,54.496,19.31,49.09,53.13,0
0,COOL,1,DRY,1,DRY,1,LOW,18.88,51.85,34.69,44.08,3,PUMP,60.464,18.58,54.85,52.69,1
0,COOL,1,DRY,1,DRY,1,LOW,21.16,46.97,34.14,40.75,3,PUMP,58.79,20.86,49.97,52.14,2
0,COOL,1,DRY,1,DRY,1,LOW,19.22,45.17,32.61,45.22,3,PUMP,46.487,18.92,48.17,50.61,3
0,COOL,1,DRY,1,DRY,1,LOW,20.22,47.34,31.52,37.96,4,PUMP_MIST_LOW,61.555,18.72,58.34,46.52,0
0,COOL,1,DRY,1,DRY,1,LOW,19.66,50.67,34.99,41.86,4,PUMP_MIST_LOW,72.376,18.16,61.67,49.99,1
0,COOL,1,DRY,1,DRY,1,LOW,20.52,46.06,38.22,45.6,4,PUMP_MIST_LOW,74.503,19.02,57.06,53.22,2
0,COOL,1,DRY,1,DRY,1,LOW,20.4,47.92,31.68,43.54,4,PUMP_MIST_LOW,63.382,18.9,58.92,46.68,3
0,COOL,1,DRY,1,DRY,1,LOW,19.07,49.76,34.88,45.0,5,PUMP_MIST_HIGH,66.271,16.57,66.76,52.88,0
0,COOL,1,DRY,1,DRY,1,LOW,20.12,49.13,30.59,34.41,5,PUMP_MIST_HIGH,61.596,17.62,66.13,48.59,1
0,COOL,1,DRY,1,DRY,1,LOW,20.97,51.56,36.68,43.17,5,PUMP_MIST_HIGH,73.241,18.47,68.56,54.68,2
0,COOL,1,DRY,1,DRY,1,LOW,19.75,50.74,32.31,42.49,5,PUMP_MIST_HIGH,61.491,17.25,67.74,50.31,3
0,COOL,1,DRY,1,DRY,2,MEDIUM,18.63,48.05,33.73,63.41,0,OFF,-4.287,19.13,47.05,31.73,0
0,COOL,1,DRY,1,DRY,2,MEDIUM,20.47,48.93,34.83,61.85,0,OFF,5.333,20.97,47.93,32.83,1
0,COOL,1,DRY,1,DRY,2,MEDIUM,18.62,48.41,30.12,62.35,0,OFF,-11.311,19.12,47.41,28.12,2
0,COOL,1,DRY,1,DRY,2,MEDIUM,19.37,51.82,30.17,65.76,0,OFF,-3.347,19.87,50.82,28.17,3
0,COOL,1,DRY,1,DRY,2,MEDIUM,20.49,50.45,39.1,57.28,1,MIST_LOW,37.444,19.79,58.45,38.1,0
0,COOL,1,DRY,1,DRY,2,MEDIUM,18.87,45.19,31.92,62.32,1,MIST_LOW,0.779,18.17,53.19,30.92,1
0,COOL,1,DRY,1,DRY,2,MEDIUM,20.88,46.14,33.97,60.48,1,MIST_LOW,13.041,20.18,54.14,32.97,2
0,COOL,1,DRY,1,DRY,2,MEDIUM,19.74,48.52,39.9,58.71,1,MIST_LOW,33.645,19.04,56.52,38.9,3
0,COOL,1,DRY,1,DRY,2,MEDIUM,20.52,50.78,36.54,66.3,2,MIST_HIGH,30.365,18.72,65.78,36.54,0
0,COOL,1,DRY,1,DRY,2,MEDIUM,20.73,44.75,33.79,62.63,2,MIST_HIGH,27.727,18.93,59.75,33.79,1
0,COOL,1,DRY,1,DRY,2,MEDIUM,18.76,44.08,31.71,62.0,2,MIST_HIGH,15.983,16.96,59.08,31.71,2
0,COOL,1,DRY,1,DRY,2,MEDIUM,19.81,50.28,35.66,66.3,2,MIST_HIGH,27.091,18.01,65.28,35.66,3
0,COOL,1,DRY,1,DRY,2,MEDIUM,18.87,48.23,30.43,58.54,3,PUMP,39.868,19.07,49.23,46.43,0
0,COOL,1,DRY,1,DRY,2,MEDIUM,21.03,51.1,34.76,56.56,3,PUMP,60.485,21.23,52.1,50.76,1
0,COOL,1,DRY,1,DRY,2,MEDIUM,18.81,51.4,38.99,62.76,3,PUMP,62.759,19.01,52.4,54.99,2
0,COOL,1,DRY,1,DRY,2,MEDIUM,18.69,51.43,33.14,67.54,3,PUMP,50.147,18.89,52.43,49.14,3
0,COOL,1,DRY,1,DRY,2,MEDIUM,20.24,50.02,37.13,60.78,4,PUMP_MIST_LOW,71.876,19.24,59.02,50.13,0
0,COOL,1,DRY,1,DRY,2,MEDIUM,18.82,45.3,32.4,66.02,4,PUMP_MIST_LOW,41.839,17.82,54.3,45.4,1
0,COOL,1,DRY,1,DRY,2,MEDIUM,19.69,51.17,33.32,65.07,4,PUMP_MIST_LOW,63.949,18.69,60.17,46.32,2
0,COOL,1,DRY,1,DRY,2,MEDIUM,18.99,51.91,37.24,62.01,4,PUMP_MIST_LOW,71.134,17.99,60.91,50.24,3
0,COOL,1,DRY,1,DRY,2,MEDIUM,21.33,44.43,34.37,66.06,5,PUMP_MIST_HIGH,73.316,19.33,59.43,50.37,0
0,COOL,1,DRY,1,DRY,2,MEDIUM,19.55,50.15,39.55,60.76,5,PUMP_MIST_HIGH,77.58,17.55,65.15,55.55,1
0,COOL,1,DRY,1,DRY,2,MEDIUM,20.77,44.24,32.73,67.91,5,PUMP_MIST_HIGH,67.77,18.77,59.24,48.73,2
0,COOL,1,DRY,1,DRY,2,MEDIUM,19.97,46.85,39.41,61.18,5,PUMP_MIST_HIGH,83.434,17.97,61.85,55.41,3
0,COOL,1,DRY,1,DRY,3,BRIGHT,20.5,49.29,30.86,89.42,0,OFF,-6.034,21.5,46.29,27.86,0
0,COOL,1,DRY,1,DRY,3,BRIGHT,20.83,49.7,30.82,83.85,0,OFF,-4.379,21.83,46.7,27.82,1
0,COOL,1,DRY,1,DRY,3,BRIGHT,20.59,49.07,37.4,85.8,0,OFF,7.643,21.59,46.07,34.4,2
0,COOL,1,DRY,1,DRY,3,BRIGHT,18.9,44.04,33.08,86.32,0,OFF,-14.885,19.9,41.04,30.08,3
0,COOL,1,DRY,1,DRY,3,BRIGHT,19.36,45.06,31.87,87.39,1,MIST_LOW,-1.672,19.16,51.06,29.87,0
0,COOL,1,DRY,1,DRY,3,BRIGHT,20.15,47.26,30.26,86.25,1,MIST_LOW,1.025,19.95,53.26,28.26,1
0,COOL,1,DRY,1,DRY,3,BRIGHT,18.86,48.78,33.24,86.62,1,MIST_LOW,5.582,18.66,54.78,31.24,2
0,COOL,1,DRY,1,DRY,3,BRIGHT,19.42,47.1,30.85,92.81,1,MIST_LOW,-0.363,19.22,53.1,28.85,3
0,COOL,1,DRY,1,DRY,3,BRIGHT,21.13,51.83,35.72,84.03,2,MIST_HIGH,31.661,19.83,64.83,34.72,0
0,COOL,1,DRY,1,DRY,3,BRIGHT,19.67,45.11,33.01,87.92,2,MIST_HIGH,19.572,18.37,58.11,32.01,1
0,COOL,1,DRY,1,DRY,3,BRIGHT,18.78,47.48,34.21,87.81,2,MIST_HIGH,23.034,17.48,60.48,33.21,2
0,COOL,1,DRY,1,DRY,3,BRIGHT,18.82,46.01,32.47,89.5,2,MIST_HIGH,17.149,17.52,59.01,31.47,3
0,COOL,1,DRY,1,DRY,3,BRIGHT,20.26,45.56,31.07,85.66,3,PUMP,37.73,20.96,44.56,46.07,0
0,COOL,1,DRY,1,DRY,3,BRIGHT,21.26,46.66,36.2,91.65,3,PUMP,53.438,21.96,45.66,51.2,1
0,COOL,1,DRY,1,DRY,3,BRIGHT,19.52,46.68,38.15,92.31,3,PUMP,52.022,20.22,45.68,53.15,2
0,COOL,1,DRY,1,DRY,3,BRIGHT,21.33,45.09,33.21,93.37,3,PUMP,44.865,22.03,44.09,48.21,3
0,COOL,1,DRY,1,DRY,3,BRIGHT,19.16,46.51,39.65,93.62,4,PUMP_MIST_LOW,56.397,18.66,53.51,51.65,0
0,COOL,1,DRY,1,DRY,3,BRIGHT,19.42,49.56,34.91,88.91,4,PUMP_MIST_LOW,60.138,18.92,56.56,46.91,1
0,COOL,1,DRY,1,DRY,3,BRIGHT,19.28,47.01,38.16,86.72,4,PUMP_MIST_LOW,54.452,18.78,54.01,50.16,2
0,COOL,1,DRY,1,DRY,3,BRIGHT,18.92,48.51,35.92,88.55,4,PUMP_MIST_LOW,58.994,18.42,55.51,47.92,3
0,COOL,1,DRY,1,DRY,3,BRIGHT,20.51,48.4,39.53,87.54,5,PUMP_MIST_HIGH,84.183,19.01,61.4,54.53,0
0,COOL,1,DRY,1,DRY,3,BRIGHT,20.58,47.51,32.91,90.31,5,PUMP_MIST_HIGH,69.097,19.08,60.51,47.91,1
0,COOL,1,DRY,1,DRY,3,BRIGHT,20.89,50.37,34.09,87.99,5,PUMP_MIST_HIGH,72.765,19.39,63.37,49.09,2
0,COOL,1,DRY,1,DRY,3,BRIGHT,20.37,45.94,36.59,90.58,5,PUMP_MIST_HIGH,73.624,18.87,58.94,51.59,3
0,COOL,1,DRY,2,OPTIMAL,0,DARK,20.81,44.59,62.91,14.75,0,OFF,53.632,20.31,46.59,62.91,0
0,COOL,1,DRY,2,OPTIMAL,0,DARK,19.72,48.05,62.2,17.3,0,OFF,57.168,19.22,50.05,62.2,1
0,COOL,1,DRY,2,OPTIMAL,0,DARK,20.12,50.33,56.6,19.75,0,OFF,67.962,19.62,52.33,56.6,2
0,COOL,1,DRY,2,OPTIMAL,0,DARK,20.1,49.11,53.85,18.23,0,OFF,60.184,19.6,51.11,53.85,3
0,COOL,1,DRY,2,OPTIMAL,0,DARK,20.44,46.84,59.47,9.53,1,MIST_LOW,79.729,18.74,57.84,60.47,0
0,COOL,1,DRY,2,OPTIMAL,0,DARK,21.35,49.42,57.0,18.03,1,MIST_LOW,91.957,19.65,60.42,58.0,1
0,COOL,1,DRY,2,OPTIMAL,0,DARK,21.3,47.44,53.11,12.1,1,MIST_LOW,80.464,19.6,58.44,54.11,2
0,COOL,1,DRY,2,OPTIMAL,0,DARK,20.03,48.15,58.81,15.9,1,MIST_LOW,81.905,18.33,59.15,59.81,3
0,COOL,1,DRY,2,OPTIMAL,0,DARK,19.85,47.13,60.72,16.06,2,MIST_HIGH,61.228,17.05,65.13,62.72,0
0,COOL,1,DRY,2,OPTIMAL,0,DARK,20.0,46.76,53.25,10.25,2,MIST_HIGH,66.444,17.2,64.76,55.25,1
0,COOL,1,DRY,2,OPTIMAL,0,DARK,19.76,51.69,54.16,20.29,2,MIST_HIGH,59.714,16.96,69.69,56.16,2
0,COOL,1,DRY,2,OPTIMAL,0,DARK,19.0,46.5,57.55,11.48,2,MIST_HIGH,66.175,16.2,64.5,59.55,3
0,COOL,1,DRY,2,OPTIMAL,0,DARK,19.95,47.81,57.38,17.36,3,PUMP,22.08,19.15,51.81,75.38,0
0,COOL,1,DRY,2,OPTIMAL,0,DARK,19.49,46.4,61.1,10.38,3,PUMP,10.547,18.69,50.4,79.1,1
0,COOL,1,DRY,2,OPTIMAL,0,DARK,20.98,49.18,59.77,10.97,3,PUMP,22.543,20.18,53.18,77.77,2
0,COOL,1,DRY,2,OPTIMAL,0,DARK,21.35,45.95,54.74,10.92,3,PUMP,29.134,20.55,49.95,72.74,3
0,COOL,1,DRY,2,OPTIMAL,0,DARK,20.17,51.67,55.32,13.86,4,PUMP_MIST_LOW,51.199,18.17,63.67,70.32,0
0,COOL,1,DRY,2,OPTIMAL,0,DARK,19.12,49.12,57.32,9.35,4,PUMP_MIST_LOW,44.896,17.12,61.12,72.32,1
0,COOL,1,DRY,2,OPTIMAL,0,DARK,20.32,45.58,58.92,13.67,4,PUMP_MIST_LOW,39.712,18.32,57.58,73.92,2
0,COOL,1,DRY,2,OPTIMAL,0,DARK,20.57,45.65,60.52,18.7,4,PUMP_MIST_LOW,37.27,18.57,57.65,75.52,3
0,COOL,1,DRY,2,OPTIMAL,0,DARK,18.78,44.81,61.72,11.24,5,PUMP_MIST_HIGH,15.167,15.78,62.81,79.72,0
0,COOL,1,DRY,2,OPTIMAL,0,DARK,19.51,47.66,55.62,19.35,5,PUMP_MIST_HIGH,25.775,16.51,65.66,73.62,1
0,COOL,1,DRY,2,OPTIMAL,0,DARK,20.08,49.11,58.97,16.34,5,PUMP_MIST_HIGH,18.231,17.08,67.11,76.97,2
0,COOL,1,DRY,2,OPTIMAL,0,DARK,20.24,46.78,61.46,16.41,5,PUMP_MIST_HIGH,17.27,17.24,64.78,79.46,3
0,COOL,1,DRY,2,OPTIMAL,1,LOW,20.88,49.65,55.97,41.37,0,OFF,67.994,20.88,50.65,55.97,0
0,COOL,1,DRY,2,OPTIMAL,1,LOW,18.84,45.07,54.18,37.66,0,OFF,50.369,18.84,46.07,54.18,1
0,COOL,1,DRY,2,OPTIMAL,1,LOW,19.11,49.55,58.11,39.02,0,OFF,66.209,19.11,50.55,58.11,2
0,COOL,1,DRY,2,OPTIMAL,1,LOW,18.99,47.07,54.86,41.63,0,OFF,55.468,18.99,48.07,54.86,3
0,COOL,1,DRY,2,OPTIMAL,1,LOW,20.54,49.16,63.0,40.66,1,MIST_LOW,76.355,19.34,59.16,64.0,0
0,COOL,1,DRY,2,OPTIMAL,1,LOW,19.97,45.12,56.15,39.41,1,MIST_LOW,78.869,18.77,55.12,57.15,1
0,COOL,1,DRY,2,OPTIMAL,1,LOW,18.75,46.87,53.1,35.64,1,MIST_LOW,71.357,17.55,56.87,54.1,2
0,COOL,1,DRY,2,OPTIMAL,1,LOW,20.88,51.71,58.05,39.94,1,MIST_LOW,91.907,19.68,61.71,59.05,3
0,COOL,1,DRY,2,OPTIMAL,1,LOW,20.52,47.33,61.4,39.86,2,MIST_HIGH,74.837,18.22,64.33,63.4,0
0,COOL,1,DRY,2,OPTIMAL,1,LOW,18.83,44.25,60.61,37.51,2,MIST_HIGH,73.614,16.53,61.25,62.61,1
0,COOL,1,DRY,2,OPTIMAL,1,LOW,19.37,48.3,54.68,39.49,2,MIST_HIGH,78.174,17.07,65.3,56.68,2
0,COOL,1,DRY,2,OPTIMAL,1,LOW,20.68,50.13,58.5,35.36,2,MIST_HIGH,76.965,18.38,67.13,60.5,3
0,COOL,1,DRY,2,OPTIMAL,1,LOW,18.92,50.2,61.23,38.4,3,PUMP,14.516,18.62,53.2,79.23,0
0,COOL,1,DRY,2,OPTIMAL,1,LOW,20.9,44.33,60.19,40.56,3,PUMP,13.665,20.6,47.33,78.19,1
0,COOL,1,DRY,2,OPTIMAL,1,LOW,21.37,44.82,61.3,43.02,3,PUMP,13.608,21.07,47.82,79.3,2
0,COOL,1,DRY,2,OPTIMAL,1,LOW,19.43,51.99,57.5,38.18,3,PUMP,26.874,19.13,54.99,75.5,3
0,COOL,1,DRY,2,OPTIMAL,1,LOW,20.89,47.51,62.94,43.31,4,PUMP_MIST_LOW,36.185,19.39,58.51,77.94,0
0,COOL,1,DRY,2,OPTIMAL,1,LOW,19.26,50.49,58.88,38.21,4,PUMP_MIST_LOW,44.274,17.76,61.49,73.88,1
0,COOL,1,DRY,2,OPTIMAL,1,LOW,20.59,49.06,54.66,35.67,4,PUMP_MIST_LOW,65.102,19.09,60.06,69.66,2
0,COOL,1,DRY,2,OPTIMAL,1,LOW,19.18,45.66,53.59,38.21,4,PUMP_MIST_LOW,57.374,17.68,56.66,68.59,3
0,COOL,1,DRY,2,OPTIMAL,1,LOW,19.39,48.31,56.24,42.45,5,PUMP_MIST_HIGH,36.246,16.89,65.31,74.24,0
0,COOL,1,DRY,2,OPTIMAL,1,LOW,19.41,46.14,61.58,45.83,5,PUMP_MIST_HIGH,28.572,16.91,63.14,79.58,1
0,COOL,1,DRY,2,OPTIMAL,1,LOW,20.5,44.76,62.63,43.43,5,PUMP_MIST_HIGH,31.307,18.0,61.76,80.63,2
0,COOL,1,DRY,2,OPTIMAL,1,LOW,21.17,51.94,61.67,35.52,5,PUMP_MIST_HIGH,24.74,18.67,68.94,79.67,3
0,COOL,1,DRY,2,OPTIMAL,2,MEDIUM,21.03,46.0,60.11,65.94,0,OFF,65.037,21.53,45.0,58.11,0
0,COOL,1,DRY,2,OPTIMAL,2,MEDIUM,20.73,49.41,57.89,62.93,0,OFF,65.377,21.23,48.41,55.89,1
0,COOL,1,DRY,2,OPTIMAL,2,MEDIUM,19.35,47.31,57.52,63.6,0,OFF,56.822,19.85,46.31,55.52,2
0,COOL,1,DRY,2,OPTIMAL,2,MEDIUM,21.06,44.74,58.16,59.34,0,OFF,59.525,21.56,43.74,56.16,3
0,COOL,1,DRY,2,OPTIMAL,2,MEDIUM,21.22,46.95,62.5,59.93,1,MIST_LOW,70.638,20.52,54.95,61.5,0
0,COOL,1,DRY,2,OPTIMAL,2,MEDIUM,18.61,50.19,60.33,64.77,1,MIST_LOW,80.024,17.91,58.19,59.33,1
0,COOL,1,DRY,2,OPTIMAL,2,MEDIUM,19.88,49.31,56.58,56.76,1,MIST_LOW,80.411,19.18,57.31,55.58,2
0,COOL,1,DRY,2,OPTIMAL,2,MEDIUM,20.1,45.74,57.3,58.54,1,MIST_LOW,68.879,19.4,53.74,56.3,3
0,COOL,1,DRY,2,OPTIMAL,2,MEDIUM,19.35,50.63,56.38,62.94,2,MIST_HIGH,78.556,17.55,65.63,56.38,0
0,COOL,1,DRY,2,OPTIMAL,2,MEDIUM,20.19,47.88,56.44,64.19,2,MIST_HIGH,85.739,18.39,62.88,56.44,1
0,COOL,1,DRY,2,OPTIMAL,2,MEDIUM,18.74,44.8,60.84,61.51,2,MIST_HIGH,76.307,16.94,59.8,60.84,2
0,COOL,1,DRY,2,OPTIMAL,2,MEDIUM,18.95,50.86,57.41,56.01,2,MIST_HIGH,79.062,17.15,65.86,57.41,3
0,COOL,1,DRY,2,OPTIMAL,2,MEDIUM,21.28,45.62,59.89,57.58,3,PUMP,20.173,21.48,46.62,75.89,0
0,COOL,1,DRY,2,OPTIMAL,2,MEDIUM,20.42,45.27,62.33,59.29,3,PUMP,11.732,20.62,46.27,78.33,1
0,COOL,1,DRY,2,OPTIMAL,2,MEDIUM,20.43,46.0,56.72,66.85,3,PUMP,24.721,20.63,47.0,72.72,2
0,COOL,1,DRY,2,OPTIMAL,2,MEDIUM,19.06,47.17,56.06,64.39,3,PUMP,23.601,19.26,48.17,72.06,3
0,COOL,1,DRY,2,OPTIMAL,2,MEDIUM,19.26,49.24,60.04,56.01,4,PUMP_MIST_LOW,42.43,18.26,58.24,73.04,0
0,COOL,1,DRY,2,OPTIMAL,2,MEDIUM,19.94,45.06,55.26,64.16,4,PUMP_MIST_LOW,49.941,18.94,54.06,68.26,1
0,COOL,1,DRY,2,OPTIMAL,2,MEDIUM,18.63,49.56,61.17,67.86,4,PUMP_MIST_LOW,38.548,17.63,58.56,74.17,2
0,COOL,1,DRY,2,OPTIMAL,2,MEDIUM,19.78,45.06,53.71,60.6,4,PUMP_MIST_LOW,52.708,18.78,54.06,66.71,3
0,COOL,1,DRY,2,OPTIMAL,2,MEDIUM,20.65,44.82,56.13,66.57,5,PUMP_MIST_HIGH,48.098,18.65,59.82,72.13,0
0,COOL,1,DRY,2,OPTIMAL,2,MEDIUM,18.98,50.19,60.53,57.6,5,PUMP_MIST_HIGH,31.932,16.98,65.19,76.53,1
0,COOL,1,DRY,2,OPTIMAL,2,MEDIUM,21.38,45.14,58.31,56.1,5,PUMP_MIST_HIGH,46.405,19.38,60.14,74.31,2
0,COOL,1,DRY,2,OPTIMAL,2,MEDIUM,20.42,47.52,60.22,63.54,5,PUMP_MIST_HIGH,41.44,18.42,62.52,76.22,3
0,COOL,1,DRY,2,OPTIMAL,3,BRIGHT,19.02,47.29,59.87,92.32,0,OFF,56.964,20.02,44.29,56.87,0
0,COOL,1,DRY,2,OPTIMAL,3,BRIGHT,18.84,44.8,60.52,89.07,0,OFF,53.784,19.84,41.8,57.52,1
0,COOL,1,DRY,2,OPTIMAL,3,BRIGHT,19.68,51.71,56.15,83.68,0,OFF,58.295,20.68,48.71,53.15,2
0,COOL,1,DRY,2,OPTIMAL,3,BRIGHT,19.38,44.67,58.53,89.2,0,OFF,51.101,20.38,41.67,55.53,3
0,COOL,1,DRY,2,OPTIMAL,3,BRIGHT,20.3,50.23,59.9,92.17,1,MIST_LOW,86.495,20.1,56.23,57.9,0
0,COOL,1,DRY,2,OPTIMAL,3,BRIGHT,20.44,46.41,58.18,88.11,1,MIST_LOW,69.213,20.24,52.41,56.18,1
0,COOL,1,DRY,2,OPTIMAL,3,BRIGHT,20.69,46.36,53.55,92.77,1,MIST_LOW,60.21,20.49,52.36,51.55,2
0,COOL,1,DRY,2,OPTIMAL,3,BRIGHT,21.27,47.96,54.13,87.99,1,MIST_LOW,65.836,21.07,53.96,52.13,3
0,COOL,1,DRY,2,OPTIMAL,3,BRIGHT,20.26,48.23,62.78,93.84,2,MIST_HIGH,83.112,18.96,61.23,61.78,0
0,COOL,1,DRY,2,OPTIMAL,3,BRIGHT,21.21,45.06,61.61,88.82,2,MIST_HIGH,83.54,19.91,58.06,60.61,1
0,COOL,1,DRY,2,OPTIMAL,3,BRIGHT,19.62,49.46,60.63,93.45,2,MIST_HIGH,86.075,18.32,62.46,59.63,2
0,COOL,1,DRY,2,OPTIMAL,3,BRIGHT,20.76,44.13,53.68,85.15,2,MIST_HIGH,74.894,19.46,57.13,52.68,3
0,COOL,1,DRY,2,OPTIMAL,3,BRIGHT,18.71,44.48,60.89,88.08,3,PUMP,8.516,19.41,43.48,75.89,0
0,COOL,1,DRY,2,OPTIMAL,3,BRIGHT,20.36,48.01,57.15,90.42,3,PUMP,27.281,21.06,47.01,72.15,1
0,COOL,1,DRY,2,OPTIMAL,3,BRIGHT,18.83,48.29,59.16,85.33,3,PUMP,18.63,19.53,47.29,74.16,2
0,COOL,1,DRY,2,OPTIMAL,3,BRIGHT,19.47,48.09,55.03,91.7,3,PUMP,29.014,20.17,47.09,70.03,3
0,COOL,1,DRY,2,OPTIMAL,3,BRIGHT,20.1,47.13,59.34,92.01,4,PUMP_MIST_LOW,35.707,19.6,54.13,71.34,0
0,COOL,1,DRY,2,OPTIMAL,3,BRIGHT,20.51,44.53,59.99,90.76,4,PUMP_MIST_LOW,31.496,20.01,51.53,71.99,1
0,COOL,1,DRY,2,OPTIMAL,3,BRIGHT,20.97,44.46,53.86,87.21,4,PUMP_MIST_LOW,55.735,20.47,51.46,65.86,2
0,COOL,1,DRY,2,OPTIMAL,3,BRIGHT,19.87,48.87,56.09,90.9,4,PUMP_MIST_LOW,62.58,19.37,55.87,68.09,3
0,COOL,1,DRY,2,OPTIMAL,3,BRIGHT,20.67,44.96,60.08,90.42,5,PUMP_MIST_HIGH,40.619,19.17,57.96,75.08,0
0,COOL,1,DRY,2,OPTIMAL,3,BRIGHT,19.06,51.62,58.23,91.4,5,PUMP_MIST_HIGH,41.606,17.56,64.62,73.23,1
0,COOL,1,DRY,2,OPTIMAL,3,BRIGHT,20.62,45.34,54.27,91.37,5,PUMP_MIST_HIGH,63.25,19.12,58.34,69.27,2
0,COOL,1,DRY,2,OPTIMAL,3,BRIGHT,19.35,51.09,60.71,82.35,5,PUMP_MIST_HIGH,38.182,17.85,64.09,75.71,3
0,COOL,1,DRY,3,WET,0,DARK,20.86,46.18,77.64,17.55,0,OFF,15.392,20.36,48.18,77.64,0
0,COOL,1,DRY,3,WET,0,DARK,20.21,44.62,81.55,13.32,0,OFF,2.614,19.71,46.62,81.55,1
0,COOL,1,DRY,3,WET,0,DARK,20.0,48.54,80.68,12.06,0,OFF,10.031,19.5,50.54,80.68,2
0,COOL,1,DRY,3,WET,0,DARK,18.89,48.59,84.23,11.74,0,OFF,-0.89,18.39,50.59,84.23,3
0,COOL,1,DRY,3,WET,0,DARK,20.02,44.35,85.63,11.93,1,MIST_LOW,9.481,18.32,55.35,86.63,0
0,COOL,1,DRY,3,WET,0,DARK,19.92,47.06,78.5,20.17,1,MIST_LOW,28.457,18.22,58.06,79.5,1
0,COOL,1,DRY,3,WET,0,DARK,21.0,48.42,86.14,17.89,1,MIST_LOW,18.047,19.3,59.42,87.14,2
0,COOL,1,DRY,3,WET,0,DARK,19.77,46.57,81.16,17.64,1,MIST_LOW,21.615,18.07,57.57,82.16,3
0,COOL,1,DRY,3,WET,0,DARK,19.36,44.62,80.73,15.02,2,MIST_HIGH,11.665,16.56,62.62,82.73,0
0,COOL,1,DRY,3,WET,0,DARK,21.13,45.43,85.04,20.78,2,MIST_HIGH,6.955,18.33,63.43,87.04,1
0,COOL,1,DRY,3,WET,0,DARK,21.27,44.55,81.65,12.39,2,MIST_HIGH,15.959,18.47,62.55,83.65,2
0,COOL,1,DRY,3,WET,0,DARK,20.97,46.62,82.53,9.1,2,MIST_HIGH,9.825,18.17,64.62,84.53,3
0,COOL,1,DRY,3,WET,0,DARK,19.16,48.51,80.04,16.47,3,PUMP,-54.907,18.36,52.51,98.04,0
0,COOL,1,DRY,3,WET,0,DARK,19.9,48.73,81.93,18.27,3,PUMP,-56.17,19.1,52.73,99.93,1
0,COOL,1,DRY,3,WET,0,DARK,19.15,51.2,84.6,11.94,3,PUMP,-46.763,18.35,55.2,100.0,2
0,COOL,1,DRY,3,WET,0,DARK,18.62,47.28,79.33,13.16,3,PUMP,-57.127,17.82,51.28,97.33,3
0,COOL,1,DRY,3,WET,0,DARK,20.95,51.02,86.51,9.02,4,PUMP_MIST_LOW,-35.586,18.95,63.02,100.0,0
0,COOL,1,DRY,3,WET,0,DARK,20.44,50.79,84.27,10.25,4,PUMP_MIST_LOW,-35.329,18.44,62.79,99.27,1
0,COOL,1,DRY,3,WET,0,DARK,20.08,45.91,81.92,9.72,4,PUMP_MIST_LOW,-36.817,18.08,57.91,96.92,2
0,COOL,1,DRY,3,WET,0,DARK,21.39,49.69,77.93,20.06,4,PUMP_MIST_LOW,-18.192,19.39,61.69,92.93,3
0,COOL,1,DRY,3,WET,0,DARK,21.11,48.16,84.01,13.47,5,PUMP_MIST_HIGH,-53.293,18.11,66.16,100.0,0
0,COOL,1,DRY,3,WET,0,DARK,21.33,44.68,77.96,10.6,5,PUMP_MIST_HIGH,-38.542,18.33,62.68,95.96,1
0,COOL,1,DRY,3,WET,0,DARK,20.9,44.6,82.68,14.22,5,PUMP_MIST_HIGH,-48.291,17.9,62.6,100.0,2
0,COOL,1,DRY,3,WET,0,DARK,21.3,45.89,79.61,12.78,5,PUMP_MIST_HIGH,-44.052,18.3,63.89,97.61,3
0,COOL,1,DRY,3,WET,1,LOW,20.84,49.61,84.35,37.82,0,OFF,6.722,20.84,50.61,84.35,0
0,COOL,1,DRY,3,WET,1,LOW,19.36,44.6,79.03,43.36,0,OFF,5.156,19.36,45.6,79.03,1
0,COOL,1,DRY,3,WET,1,LOW,20.24,45.24,78.64,39.59,0,OFF,9.796,20.24,46.24,78.64,2
0,COOL,1,DRY,3,WET,1,LOW,19.74,48.29,86.65,36.49,0,OFF,-3.735,19.74,49.29,86.65,3
0,COOL,1,DRY,3,WET,1,LOW,19.46,46.12,78.2,35.89,1,MIST_LOW,26.116,18.26,56.12,79.2,0
0,COOL,1,DRY,3,WET,1,LOW,20.52,50.61,83.97,34.48,1,MIST_LOW,24.57,19.32,60.61,84.97,1
0,COOL,1,DRY,3,WET,1,LOW,20.94,46.62,77.91,36.98,1,MIST_LOW,32.25,19.74,56.62,78.91,2
0,COOL,1,DRY,3,WET,1,LOW,19.6,48.11,83.77,37.12,1,MIST_LOW,18.019,18.4,58.11,84.77,3
0,COOL,1,DRY,3,WET,1,LOW,21.37,44.25,81.04,39.43,2,MIST_HIGH,28.842,19.07,61.25,83.04,0
0,COOL,1,DRY,3,WET,1,LOW,20.69,46.0,81.62,43.65,2,MIST_HIGH,25.062,18.39,63.0,83.62,1
0,COOL,1,DRY,3,WET,1,LOW,18.99,44.1,85.3,45.79,2,MIST_HIGH,12.028,16.69,61.1,87.3,2
0,COOL,1,DRY,3,WET,1,LOW,18.97,50.59,80.72,41.56,2,MIST_HIGH,14.071,16.67,67.59,82.72,3
0,COOL,1,DRY,3,WET,1,LOW,20.41,48.66,79.59,43.75,3,PUMP,-49.745,20.11,51.66,97.59,0
0,COOL,1,DRY,3,WET,1,LOW,18.66,44.52,86.02,39.32,3,PUMP,-67.019,18.36,47.52,100.0,1
0,COOL,1,DRY,3,WET,1,LOW,18.96,51.24,85.29,37.98,3,PUMP,-55.301,18.66,54.24,100.0,2
0,COOL,1,DRY,3,WET,1,LOW,18.72,47.69,78.68,40.89,3,PUMP,-54.784,18.42,50.69,96.68,3
0,COOL,1,DRY,3,WET,1,LOW,20.9,47.16,77.29,42.2,4,PUMP_MIST_LOW,-22.481,19.4,58.16,92.29,0
0,COOL,1,DRY,3,WET,1,LOW,19.08,45.72,78.87,37.36,4,PUMP_MIST_LOW,-33.913,17.58,56.72,93.87,1
0,COOL,1,DRY,3,WET,1,LOW,21.07,44.28,83.19,36.95,4,PUMP_MIST_LOW,-38.924,19.57,55.28,98.19,2
0,COOL,1,DRY,3,WET,1,LOW,19.43,47.3,82.51,34.73,4,PUMP_MIST_LOW,-37.927,17.93,58.3,97.51,3
0,COOL,1,DRY,3,WET,1,LOW,19.38,45.1,78.99,44.62,5,PUMP_MIST_HIGH,-34.418,16.88,62.1,96.99,0
0,COOL,1,DRY,3,WET,1,LOW,20.07,49.05,85.02,43.54,5,PUMP_MIST_HIGH,-44.842,17.57,66.05,100.0,1
0,COOL,1,DRY,3,WET,1,LOW,21.37,50.26,80.59,40.53,5,PUMP_MIST_HIGH,-39.665,18.87,67.26,98.59,2
0,COOL,1,DRY,3,WET,1,LOW,19.96,51.3,82.02,38.66,5,PUMP_MIST_HIGH,-48.82,17.46,68.3,100.0,3
0,COOL,1,DRY,3,WET,2,MEDIUM,19.1,46.55,79.19,66.75,0,OFF,9.713,19.6,45.55,77.19,0
0,COOL,1,DRY,3,WET,2,MEDIUM,20.78,44.47,86.92,62.35,0,OFF,-4.476,21.28,43.47,84.92,1
0,COOL,1,DRY,3,WET,2,MEDIUM,20.75,52.0,86.74,57.2,0,OFF,7.832,21.25,51.0,84.74,2
0,COOL,1,DRY,3,WET,2,MEDIUM,20.44,46.13,85.16,67.01,0,OFF,0.775,20.94,45.13,83.16,3
0,COOL,1,DRY,3,WET,2,MEDIUM,18.76,51.97,79.19,66.16,1,MIST_LOW,33.727,18.06,59.97,78.19,0
0,COOL,1,DRY,3,WET,2,MEDIUM,20.83,46.84,85.39,66.14,1,MIST_LOW,11.142,20.13,54.84,84.39,1
0,COOL,1,DRY,3,WET,2,MEDIUM,19.09,48.74,85.06,64.37,1,MIST_LOW,17.312,18.39,56.74,84.06,2
0,COOL,1,DRY,3,WET,2,MEDIUM,21.16,44.23,84.01,67.37,1,MIST_LOW,10.919,20.46,52.23,83.01,3
0,COOL,1,DRY,3,WET,2,MEDIUM,20.18,48.5,78.88,67.86,2,MIST_HIGH,34.149,18.38,63.5,78.88,0
0,COOL,1,DRY,3,WET,2,MEDIUM,21.07,47.94,80.09,61.89,2,MIST_HIGH,35.369,19.27,62.94,80.09,1
0,COOL,1,DRY,3,WET,2,MEDIUM,18.85,45.86,79.19,62.32,2,MIST_HIGH,29.851,17.05,60.86,79.19,2
0,COOL,1,DRY,3,WET,2,MEDIUM,18.6,51.34,79.01,57.57,2,MIST_HIGH,24.286,16.8,66.34,79.01,3
0,COOL,1,DRY,3,WET,2,MEDIUM,20.61,51.35,85.44,59.88,3,PUMP,-51.456,20.81,52.35,100.0,0
0,COOL,1,DRY,3,WET,2,MEDIUM,18.66,48.69,86.17,65.29,3,PUMP,-61.935,18.86,49.69,100.0,1
0,COOL,1,DRY,3,WET,2,MEDIUM,20.97,50.89,86.61,60.48,3,PUMP,-51.039,21.17,51.89,100.0,2
0,COOL,1,DRY,3,WET,2,MEDIUM,21.24,47.16,78.01,59.62,3,PUMP,-43.558,21.44,48.16,94.01,3
0,COOL,1,DRY,3,WET,2,MEDIUM,18.98,45.26,86.49,65.5,4,PUMP_MIST_LOW,-56.364,17.98,54.26,99.49,0
0,COOL,1,DRY,3,WET,2,MEDIUM,21.29,49.19,78.74,67.62,4,PUMP_MIST_LOW,-18.421,20.29,58.19,91.74,1
0,COOL,1,DRY,3,WET,2,MEDIUM,20.54,51.43,84.87,58.68,4,PUMP_MIST_LOW,-30.103,19.54,60.43,97.87,2
0,COOL,1,DRY,3,WET,2,MEDIUM,20.25,45.4,80.07,64.26,4,PUMP_MIST_LOW,-38.602,19.25,54.4,93.07,3
0,COOL,1,DRY,3,WET,2,MEDIUM,18.96,49.83,86.49,67.38,5,PUMP_MIST_HIGH,-44.868,16.96,64.83,100.0,0
0,COOL,1,DRY,3,WET,2,MEDIUM,19.7,51.95,86.65,56.39,5,PUMP_MIST_HIGH,-45.898,17.7,66.95,100.0,1
0,COOL,1,DRY,3,WET,2,MEDIUM,20.29,51.37,86.68,58.65,5,PUMP_MIST_HIGH,-43.072,18.29,66.37,100.0,2
0,COOL,1,DRY,3,WET,2,MEDIUM,20.18,51.49,78.41,64.94,5,PUMP_MIST_HIGH,-31.856,18.18,66.49,94.41,3
0,COOL,1,DRY,3,WET,3,BRIGHT,19.27,51.86,78.68,92.62,0,OFF,20.301,20.27,48.86,75.68,0
0,COOL,1,DRY,3,WET,3,BRIGHT,18.85,49.67,83.39,92.64,0,OFF,5.569,19.85,46.67,80.39,1
0,COOL,1,DRY,3,WET,3,BRIGHT,19.85,46.12,79.5,82.81,0,OFF,11.276,20.85,43.12,76.5,2
0,COOL,1,DRY,3,WET,3,BRIGHT,19.32,44.86,77.01,86.63,0,OFF,12.776,20.32,41.86,74.01,3
0,COOL,1,DRY,3,WET,3,BRIGHT,20.65,51.75,85.85,87.92,1,MIST_LOW,25.973,20.45,57.75,83.85,0
0,COOL,1,DRY,3,WET,3,BRIGHT,19.66,48.37,78.01,87.75,1,MIST_LOW,25.832,19.46,54.37,76.01,1
0,COOL,1,DRY,3,WET,3,BRIGHT,21.02,49.21,83.87,83.95,1,MIST_LOW,27.224,20.82,55.21,81.87,2
0,COOL,1,DRY,3,WET,3,BRIGHT,18.81,50.77,79.95,85.82,1,MIST_LOW,30.873,18.61,56.77,77.95,3
0,COOL,1,DRY,3,WET,3,BRIGHT,21.26,44.59,78.7,86.51,2,MIST_HIGH,37.064,19.96,57.59,77.7,0
0,COOL,1,DRY,3,WET,3,BRIGHT,20.65,48.38,85.98,83.12,2,MIST_HIGH,25.86,19.35,61.38,84.98,1
0,COOL,1,DRY,3,WET,3,BRIGHT,20.26,48.91,81.83,82.37,2,MIST_HIGH,34.2,18.96,61.91,80.83,2
0,COOL,1,DRY,3,WET,3,BRIGHT,21.24,45.32,85.9,83.89,2,MIST_HIGH,23.031,19.94,58.32,84.9,3
0,COOL,1,DRY,3,WET,3,BRIGHT,18.88,45.64,78.9,90.37,3,PUMP,-54.891,19.58,44.64,93.9,0
0,COOL,1,DRY,3,WET,3,BRIGHT,20.62,49.84,79.65,85.38,3,PUMP,-44.197,21.32,48.84,94.65,1
0,COOL,1,DRY,3,WET,3,BRIGHT,19.27,44.4,82.72,92.08,3,PUMP,-63.683,19.97,43.4,97.72,2
0,COOL,1,DRY,3,WET,3,BRIGHT,19.03,46.89,81.28,85.53,3,PUMP,-57.425,19.73,45.89,96.28,3
0,COOL,1,DRY,3,WET,3,BRIGHT,20.45,48.8,79.0,82.31,4,PUMP_MIST_LOW,-21.759,19.95,55.8,91.0,0
0,COOL,1,DRY,3,WET,3,BRIGHT,19.08,46.33,77.82,92.13,4,PUMP_MIST_LOW,-35.635,18.58,53.33,89.82,1
0,COOL,1,DRY,3,WET,3,BRIGHT,19.46,47.18,81.89,89.93,4,PUMP_MIST_LOW,-41.601,18.96,54.18,93.89,2
0,COOL,1,DRY,3,WET,3,BRIGHT,18.86,48.35,78.85,92.63,4,PUMP_MIST_LOW,-27.281,18.36,55.35,90.85,3
0,COOL,1,DRY,3,WET,3,BRIGHT,19.63,47.57,79.63,87.58,5,PUMP_MIST_HIGH,-27.593,18.13,60.57,94.63,0
0,COOL,1,DRY,3,WET,3,BRIGHT,19.23,46.15,77.62,91.03,5,PUMP_MIST_HIGH,-26.91,17.73,59.15,92.62,1
0,COOL,1,DRY,3,WET,3,BRIGHT,20.47,44.69,80.44,88.5,5,PUMP_MIST_HIGH,-31.222,18.97,57.69,95.44,2
0,COOL,1,DRY,3,WET,3,BRIGHT,21.32,48.72,82.54,92.09,5,PUMP_MIST_HIGH,-26.46,19.82,61.72,97.54,3
0,COOL,2,OPTIMAL,0,VERY_DRY,0,DARK,20.89,61.35,15.36,19.4,0,OFF,-39.86,20.39,63.35,15.36,0
0,COOL,2,OPTIMAL,0,VERY_DRY,0,DARK,19.93,65.05,14.76,9.95,0,OFF,-50.109,19.43,67.05,14.76,1
0,COOL,2,OPTIMAL,0,VERY_DRY,0,DARK,21.13,63.71,15.02,19.81,0,OFF,-43.59,20.63,65.71,15.02,2
0,COOL,2,OPTIMAL,0,VERY_DRY,0,DARK,20.84,63.42,16.2,10.44,0,OFF,-41.555,20.34,65.42,16.2,3
0,COOL,2,OPTIMAL,0,VERY_DRY,0,DARK,20.72,59.38,19.84,20.67,1,MIST_LOW,-51.977,19.02,70.38,20.84,0
0,COOL,2,OPTIMAL,0,VERY_DRY,0,DARK,20.86,59.01,14.23,20.86,1,MIST_LOW,-62.7,19.16,70.01,15.23,1
0,COOL,2,OPTIMAL,0,VERY_DRY,0,DARK,19.82,65.98,16.27,19.01,1,MIST_LOW,-72.912,18.12,76.98,17.27,2
0,COOL,2,OPTIMAL,0,VERY_DRY,0,DARK,19.32,65.29,19.14,9.8,1,MIST_LOW,-67.37,17.62,76.29,20.14,3
0,COOL,2,OPTIMAL,0,VERY_DRY,0,DARK,19.69,61.18,13.26,12.31,2,MIST_HIGH,-94.6,16.89,79.18,15.26,0
0,COOL,2,OPTIMAL,0,VERY_DRY,0,DARK,19.88,64.99,17.87,16.48,2,MIST_HIGH,-90.398,17.08,82.99,19.87,1
0,COOL,2,OPTIMAL,0,VERY_DRY,0,DARK,20.06,61.36,14.14,10.78,2,MIST_HIGH,-91.825,17.26,79.36,16.14,2
0,COOL,2,OPTIMAL,0,VERY_DRY,0,DARK,20.25,64.07,19.4,20.1,2,MIST_HIGH,-84.547,17.45,82.07,21.4,3
0,COOL,2,OPTIMAL,0,VERY_DRY,0,DARK,20.18,58.81,12.86,15.43,3,PUMP,25.317,19.38,62.81,30.86,0
0,COOL,2,OPTIMAL,0,VERY_DRY,0,DARK,19.56,61.29,13.83,14.83,3,PUMP,21.426,18.76,65.29,31.83,1
0,COOL,2,OPTIMAL,0,VERY_DRY,0,DARK,20.31,58.3,12.75,10.73,3,PUMP,26.32,19.51,62.3,30.75,2
0,COOL,2,OPTIMAL,0,VERY_DRY,0,DARK,20.3,63.55,10.39,19.67,3,PUMP,12.949,19.5,67.55,28.39,3
0,COOL,2,OPTIMAL,0,VERY_DRY,0,DARK,19.53,59.9,17.46,20.05,4,PUMP_MIST_LOW,0.21,17.53,71.9,32.46,0
0,COOL,2,OPTIMAL,0,VERY_DRY,0,DARK,21.11,58.16,18.17,12.64,4,PUMP_MIST_LOW,9.564,19.11,70.16,33.17,1
0,COOL,2,OPTIMAL,0,VERY_DRY,0,DARK,19.38,61.93,16.96,10.18,4,PUMP_MIST_LOW,-4.541,17.38,73.93,31.96,2
0,COOL,2,OPTIMAL,0,VERY_DRY,0,DARK,21.03,59.08,19.74,14.32,4,PUMP_MIST_LOW,11.144,19.03,71.08,34.74,3
0,COOL,2,OPTIMAL,0,VERY_DRY,0,DARK,20.91,60.16,14.17,16.75,5,PUMP_MIST_HIGH,-19.177,17.91,78.16,32.17,0
0,COOL,2,OPTIMAL,0,VERY_DRY,0,DARK,19.13,59.69,18.24,17.89,5,PUMP_MIST_HIGH,-15.599,16.13,77.69,36.24,1
0,COOL,2,OPTIMAL,0,VERY_DRY,0,DARK,20.73,64.94,18.21,15.18,5,PUMP_MIST_HIGH,-18.934,17.73,82.94,36.21,2
0,COOL,2,OPTIMAL,0,VERY_DRY,0,DARK,19.05,60.49,15.07,10.63,5,PUMP_MIST_HIGH,-23.795,16.05,78.49,33.07,3
0,COOL,2,OPTIMAL,0,VERY_DRY,1,LOW,20.98,65.03,10.29,36.31,0,OFF,-52.9,20.98,66.03,10.29,0
0,COOL,2,OPTIMAL,0,VERY_DRY,1,LOW,20.93,64.7,12.49,39.48,0,OFF,-47.891,20.93,65.7,12.49,1
0,COOL,2,OPTIMAL,0,VERY_DRY,1,LOW,21.17,63.64,12.74,43.88,0,OFF,-44.92,21.17,64.64,12.74,2
0,COOL,2,OPTIMAL,0,VERY_DRY,1,LOW,20.01,63.08,11.24,34.37,0,OFF,-50.886,20.01,64.08,11.24,3
0,COOL,2,OPTIMAL,0,VERY_DRY,1,LOW,19.64,62.75,11.78,44.45,1,MIST_LOW,-74.557,18.44,72.75,12.78,0
0,COOL,2,OPTIMAL,0,VERY_DRY,1,LOW,20.24,60.8,11.64,44.73,1,MIST_LOW,-69.805,19.04,70.8,12.64,1
0,COOL,2,OPTIMAL,0,VERY_DRY,1,LOW,20.7,63.51,12.85,38.64,1,MIST_LOW,-70.14,19.5,73.51,13.85,2
0,COOL,2,OPTIMAL,0,VERY_DRY,1,LOW,19.06,62.58,19.65,44.29,1,MIST_LOW,-59.622,17.86,72.58,20.65,3
0,COOL,2,OPTIMAL,0,VERY_DRY,1,LOW,20.41,63.42,12.69,38.91,2,MIST_HIGH,-83.863,18.11,80.42,14.69,0
0,COOL,2,OPTIMAL,0,VERY_DRY,1,LOW,18.66,64.24,17.68,34.11,2,MIST_HIGH,-80.329,16.36,81.24,19.68,1
0,COOL,2,OPTIMAL,0,VERY_DRY,1,LOW,21.15,63.18,16.01,34.1,2,MIST_HIGH,-74.135,18.85,80.18,18.01,2
0,COOL,2,OPTIMAL,0,VERY_DRY,1,LOW,19.31,64.44,13.05,45.6,2,MIST_HIGH,-88.269,17.01,81.44,15.05,3
0,COOL,2,OPTIMAL,0,VERY_DRY,1,LOW,20.4,61.39,13.76,38.18,3,PUMP,27.0,20.1,64.39,31.76,0
0,COOL,2,OPTIMAL,0,VERY_DRY,1,LOW,19.31,61.73,16.77,43.89,3,PUMP,29.265,19.01,64.73,34.77,1
0,COOL,2,OPTIMAL,0,VERY_DRY,1,LOW,19.71,58.82,15.12,41.95,3,PUMP,31.17,19.41,61.82,33.12,2
0,COOL,2,OPTIMAL,0,VERY_DRY,1,LOW,20.96,60.99,16.47,41.31,3,PUMP,35.12,20.66,63.99,34.47,3
0,COOL,2,OPTIMAL,0,VERY_DRY,1,LOW,19.44,58.86,10.64,45.86,4,PUMP_MIST_LOW,-1.549,17.94,69.86,25.64,0
0,COOL,2,OPTIMAL,0,VERY_DRY,1,LOW,20.39,64.89,12.61,42.53,4,PUMP_MIST_LOW,-11.983,18.89,75.89,27.61,1
0,COOL,2,OPTIMAL,0,VERY_DRY,1,LOW,21.1,60.39,11.5,43.19,4,PUMP_MIST_LOW,-4.86,19.6,71.39,26.5,2
0,COOL,2,OPTIMAL,0,VERY_DRY,1,LOW,21.12,64.44,18.02,41.2,4,PUMP_MIST_LOW,2.421,19.62,75.44,33.02,3
0,COOL,2,OPTIMAL,0,VERY_DRY,1,LOW,20.45,63.45,17.21,41.86,5,PUMP_MIST_HIGH,-6.328,17.95,80.45,35.21,0
0,COOL,2,OPTIMAL,0,VERY_DRY,1,LOW,21.39,60.08,14.19,38.66,5,PUMP_MIST_HIGH,-4.273,18.89,77.08,32.19,1
0,COOL,2,OPTIMAL,0,VERY_DRY,1,LOW,18.7,63.66,15.72,36.28,5,PUMP_MIST_HIGH,-15.414,16.2,80.66,33.72,2
0,COOL,2,OPTIMAL,0,VERY_DRY,1,LOW,20.63,59.78,15.35,43.42,5,PUMP_MIST_HIGH,-3.789,18.13,76.78,33.35,3
0,COOL,2,OPTIMAL,0,VERY_DRY,2,MEDIUM,21.14,63.37,15.07,66.15,0,OFF,-39.104,21.64,62.37,13.07,0
0,COOL,2,OPTIMAL,0,VERY_DRY,2,MEDIUM,20.95,65.01,11.81,57.17,0,OFF,-49.163,21.45,64.01,9.81,1
0,COOL,2,OPTIMAL,0,VERY_DRY,2,MEDIUM,18.96,60.07,18.08,65.16,0,OFF,-43.848,19.46,59.07,16.08,2
0,COOL,2,OPTIMAL,0,VERY_DRY,2,MEDIUM,19.11,63.44,13.36,57.07,0,OFF,-49.292,19.61,62.44,11.36,3
0,COOL,2,OPTIMAL,0,VERY_DRY,2,MEDIUM,19.59,63.95,13.07,65.46,1,MIST_LOW,-73.314,18.89,71.95,12.07,0
0,COOL,2,OPTIMAL,0,VERY_DRY,2,MEDIUM,19.53,60.08,12.94,66.21,1,MIST_LOW,-59.611,18.83,68.08,11.94,1
0,COOL,2,OPTIMAL,0,VERY_DRY,2,MEDIUM,19.92,64.93,15.84,67.33,1,MIST_LOW,-68.039,19.22,72.93,14.84,2
0,COOL,2,OPTIMAL,0,VERY_DRY,2,MEDIUM,18.8,65.12,15.0,66.41,1,MIST_LOW,-73.657,18.1,73.12,14.0,3
0,COOL,2,OPTIMAL,0,VERY_DRY,2,MEDIUM,19.67,60.39,10.54,66.25,2,MIST_HIGH,-85.304,17.87,75.39,10.54,0
0,COOL,2,OPTIMAL,0,VERY_DRY,2,MEDIUM,18.98,59.6,14.09,62.83,2,MIST_HIGH,-78.78,17.18,74.6,14.09,1
0,COOL,2,OPTIMAL,0,VERY_DRY,2,MEDIUM,21.14,61.66,13.16,64.59,2,MIST_HIGH,-77.13,19.34,76.66,13.16,2
0,COOL,2,OPTIMAL,0,VERY_DRY,2,MEDIUM,20.78,61.9,16.31,58.12,2,MIST_HIGH,-72.05,18.98,76.9,16.31,3
0,COOL,2,OPTIMAL,0,VERY_DRY,2,MEDIUM,20.38,58.04,12.74,65.13,3,PUMP,21.25,20.58,59.04,28.74,0
0,COOL,2,OPTIMAL,0,VERY_DRY,2,MEDIUM,19.07,64.12,14.9,65.16,3,PUMP,21.366,19.27,65.12,30.9,1
0,COOL,2,OPTIMAL,0,VERY_DRY,2,MEDIUM,18.85,62.92,16.33,60.84,3,PUMP,25.587,19.05,63.92,32.33,2
0,COOL,2,OPTIMAL,0,VERY_DRY,2,MEDIUM,21.3,61.07,10.38,58.39,3,PUMP,23.895,21.5,62.07,26.38,3
0,COOL,2,OPTIMAL,0,VERY_DRY,2,MEDIUM,19.64,58.11,13.22,66.0,4,PUMP_MIST_LOW,6.349,18.64,67.11,26.22,0
0,COOL,2,OPTIMAL,0,VERY_DRY,2,MEDIUM,19.13,63.41,16.27,58.99,4,PUMP_MIST_LOW,-5.374,18.13,72.41,29.27,1
0,COOL,2,OPTIMAL,0,VERY_DRY,2,MEDIUM,20.54,60.75,11.29,60.6,4,PUMP_MIST_LOW,0.934,19.54,69.75,24.29,2
0,COOL,2,OPTIMAL,0,VERY_DRY,2,MEDIUM,20.25,59.34,18.24,59.58,4,PUMP_MIST_LOW,16.857,19.25,68.34,31.24,3
0,COOL,2,OPTIMAL,0,VERY_DRY,2,MEDIUM,19.41,63.82,15.96,60.05,5,PUMP_MIST_HIGH,-12.267,17.41,78.82,31.96,0
0,COOL,2,OPTIMAL,0,VERY_DRY,2,MEDIUM,21.09,65.96,13.43,66.82,5,PUMP_MIST_HIGH,-15.668,19.09,80.96,29.43,1
0,COOL,2,OPTIMAL,0,VERY_DRY,2,MEDIUM,19.61,59.51,19.48,67.02,5,PUMP_MIST_HIGH,2.637,17.61,74.51,35.48,2
0,COOL,2,OPTIMAL,0,VERY_DRY,2,MEDIUM,19.73,59.83,17.27,57.57,5,PUMP_MIST_HIGH,-2.119,17.73,74.83,33.27,3
0,COOL,2,OPTIMAL,0,VERY_DRY,3,BRIGHT,20.66,62.72,11.69,86.4,0,OFF,-51.306,21.66,59.72,8.69,0
0,COOL,2,OPTIMAL,0,VERY_DRY,3,BRIGHT,20.42,58.3,18.77,85.07,0,OFF,-44.265,21.42,55.3,15.77,1
0,COOL,2,OPTIMAL,0,VERY_DRY,3,BRIGHT,20.1,58.39,19.95,89.94,0,OFF,-42.679,21.1,55.39,16.95,2
0,COOL,2,OPTIMAL,0,VERY_DRY,3,BRIGHT,20.43,58.16,16.9,87.0,0,OFF,-48.387,21.43,55.16,13.9,3
0,COOL,2,OPTIMAL,0,VERY_DRY,3,BRIGHT,19.66,62.38,14.74,83.84,1,MIST_LOW,-56.356,19.46,68.38,12.74,0
0,COOL,2,OPTIMAL,0,VERY_DRY,3,BRIGHT,20.55,63.04,13.01,89.94,1,MIST_LOW,-58.236,20.35,69.04,11.01,1
0,COOL,2,OPTIMAL,0,VERY_DRY,3,BRIGHT,20.45,60.16,16.06,83.65,1,MIST_LOW,-47.522,20.25,66.16,14.06,2
0,COOL,2,OPTIMAL,0,VERY_DRY,3,BRIGHT,20.93,58.84,17.19,83.41,1,MIST_LOW,-41.526,20.73,64.84,15.19,3
0,COOL,2,OPTIMAL,0,VERY_DRY,3,BRIGHT,18.92,58.85,11.99,84.4,2,MIST_HIGH,-79.507,17.62,71.85,10.99,0
0,COOL,2,OPTIMAL,0,VERY_DRY,3,BRIGHT,19.34,62.19,12.02,90.44,2,MIST_HIGH,-83.445,18.04,75.19,11.02,1
0,COOL,2,OPTIMAL,0,VERY_DRY,3,BRIGHT,19.43,58.32,14.96,84.49,2,MIST_HIGH,-70.775,18.13,71.32,13.96,2
0,COOL,2,OPTIMAL,0,VERY_DRY,3,BRIGHT,21.21,60.64,10.03,90.06,2,MIST_HIGH,-79.153,19.91,73.64,9.03,3
0,COOL,2,OPTIMAL,0,VERY_DRY,3,BRIGHT,21.14,64.68,16.69,83.79,3,PUMP,33.544,21.84,63.68,31.69,0
0,COOL,2,OPTIMAL,0,VERY_DRY,3,BRIGHT,18.85,62.09,17.24,83.22,3,PUMP,28.612,19.55,61.09,32.24,1
0,COOL,2,OPTIMAL,0,VERY_DRY,3,BRIGHT,19.32,59.85,19.89,85.55,3,PUMP,32.074,20.02,58.85,34.89,2
0,COOL,2,OPTIMAL,0,VERY_DRY,3,BRIGHT,19.9,58.8,11.75,82.47,3,PUMP,15.166,20.6,57.8,26.75,3
0,COOL,2,OPTIMAL,0,VERY_DRY,3,BRIGHT,19.41,64.41,13.13,90.86,4,PUMP_MIST_LOW,-9.97,18.91,71.41,25.13,0
0,COOL,2,OPTIMAL,0,VERY_DRY,3,BRIGHT,18.87,64.07,10.46,92.22,4,PUMP_MIST_LOW,-16.77,18.37,71.07,22.46,1
0,COOL,2,OPTIMAL,0,VERY_DRY,3,BRIGHT,20.46,59.36,13.58,87.25,4,PUMP_MIST_LOW,10.389,19.96,66.36,25.58,2
0,COOL,2,OPTIMAL,0,VERY_DRY,3,BRIGHT,20.34,65.03,10.93,91.78,4,PUMP_MIST_LOW,-12.601,19.84,72.03,22.93,3
0,COOL,2,OPTIMAL,0,VERY_DRY,3,BRIGHT,19.11,61.21,19.62,85.26,5,PUMP_MIST_HIGH,1.337,17.61,74.21,34.62,0
0,COOL,2,OPTIMAL,0,VERY_DRY,3,BRIGHT,19.68,64.81,18.0,89.79,5,PUMP_MIST_HIGH,-6.015,18.18,77.81,33.0,1
0,COOL,2,OPTIMAL,0,VERY_DRY,3,BRIGHT,20.83,58.9,16.96,82.7,5,PUMP_MIST_HIGH,4.933,19.33,71.9,31.96,2
0,COOL,2,OPTIMAL,0,VERY_DRY,3,BRIGHT,21.24,59.28,14.16,89.09,5,PUMP_MIST_HIGH,-0.239,19.74,72.28,29.16,3
0,COOL,2,OPTIMAL,1,DRY,0,DARK,20.85,63.43,31.81,13.56,0,OFF,26.231,20.35,65.43,31.81,0
0,COOL,2,OPTIMAL,1,DRY,0,DARK,19.6,58.23,36.84,19.06,0,OFF,35.476,19.1,60.23,36.84,1
0,COOL,2,OPTIMAL,1,DRY,0,DARK,21.33,59.05,39.2,10.36,0,OFF,47.243,20.83,61.05,39.2,2
0,COOL,2,OPTIMAL,1,DRY,0,DARK,19.75,58.37,32.62,12.77,0,OFF,27.287,19.25,60.37,32.62,3
0,COOL,2,OPTIMAL,1,DRY,0,DARK,20.57,63.42,37.68,15.92,1,MIST_LOW,13.534,18.87,74.42,38.68,0
0,COOL,2,OPTIMAL,1,DRY,0,DARK,20.18,65.82,36.7,13.06,1,MIST_LOW,6.392,18.48,76.82,37.7,1
0,COOL,2,OPTIMAL,1,DRY,0,DARK,20.06,63.6,30.95,16.94,1,MIST_LOW,-2.5,18.36,74.6,31.95,2
0,COOL,2,OPTIMAL,1,DRY,0,DARK,19.3,60.77,36.76,13.62,1,MIST_LOW,11.784,17.6,71.77,37.76,3
0,COOL,2,OPTIMAL,1,DRY,0,DARK,20.95,62.47,39.88,9.65,2,MIST_HIGH,-1.725,18.15,80.47,41.88,0
0,COOL,2,OPTIMAL,1,DRY,0,DARK,20.4,59.26,38.49,19.22,2,MIST_HIGH,-1.258,17.6,77.26,40.49,1
0,COOL,2,OPTIMAL,1,DRY,0,DARK,21.03,58.6,34.92,11.89,2,MIST_HIGH,-5.684,18.23,76.6,36.92,2
0,COOL,2,OPTIMAL,1,DRY,0,DARK,21.32,58.4,32.23,16.72,2,MIST_HIGH,-10.115,18.52,76.4,34.23,3
0,COOL,2,OPTIMAL,1,DRY,0,DARK,19.73,59.88,34.59,18.62,3,PUMP,77.806,18.93,63.88,52.59,0
0,COOL,2,OPTIMAL,1,DRY,0,DARK,19.85,64.85,34.47,10.42,3,PUMP,69.999,19.05,68.85,52.47,1
0,COOL,2,OPTIMAL,1,DRY,0,DARK,19.99,63.23,31.03,13.95,3,PUMP,65.809,19.19,67.23,49.03,2
0,COOL,2,OPTIMAL,1,DRY,0,DARK,20.16,58.0,30.91,16.25,3,PUMP,74.459,19.36,62.0,48.91,3
0,COOL,2,OPTIMAL,1,DRY,0,DARK,20.33,60.44,35.08,11.48,4,PUMP_MIST_LOW,48.943,18.33,72.44,50.08,0
0,COOL,2,OPTIMAL,1,DRY,0,DARK,20.48,65.6,33.63,9.65,4,PUMP_MIST_LOW,38.102,18.48,77.6,48.63,1
0,COOL,2,OPTIMAL,1,DRY,0,DARK,19.22,61.64,35.6,16.44,4,PUMP_MIST_LOW,44.563,17.22,73.64,50.6,2
0,COOL,2,OPTIMAL,1,DRY,0,DARK,19.92,63.26,37.16,10.37,4,PUMP_MIST_LOW,47.482,17.92,75.26,52.16,3
0,COOL,2,OPTIMAL,1,DRY,0,DARK,20.73,59.77,33.41,18.96,5,PUMP_MIST_HIGH,31.254,17.73,77.77,51.41,0
0,COOL,2,OPTIMAL,1,DRY,0,DARK,21.3,60.34,35.22,17.43,5,PUMP_MIST_HIGH,35.986,18.3,78.34,53.22,1
0,COOL,2,OPTIMAL,1,DRY,0,DARK,18.73,59.31,31.4,17.6,5,PUMP_MIST_HIGH,21.378,15.73,77.31,49.4,2
0,COOL,2,OPTIMAL,1,DRY,0,DARK,20.62,58.86,36.11,11.25,5,PUMP_MIST_HIGH,38.044,17.62,76.86,54.11,3
0,COOL,2,OPTIMAL,1,DRY,1,LOW,21.2,61.14,34.57,43.38,0,OFF,40.024,21.2,62.14,34.57,0
0,COOL,2,OPTIMAL,1,DRY,1,LOW,20.61,58.86,34.14,45.12,0,OFF,34.026,20.61,59.86,34.14,1
0,COOL,2,OPTIMAL,1,DRY,1,LOW,20.94,62.71,37.72,39.41,0,OFF,43.302,20.94,63.71,37.72,2
0,COOL,2,OPTIMAL,1,DRY,1,LOW,20.44,65.65,31.35,39.99,0,OFF,23.608,20.44,66.65,31.35,3
0,COOL,2,OPTIMAL,1,DRY,1,LOW,20.09,58.39,39.35,44.07,1,MIST_LOW,34.752,18.89,68.39,40.35,0
0,COOL,2,OPTIMAL,1,DRY,1,LOW,19.95,62.07,39.21,36.13,1,MIST_LOW,20.145,18.75,72.07,40.21,1
0,COOL,2,OPTIMAL,1,DRY,1,LOW,20.22,63.84,31.28,38.65,1,MIST_LOW,1.51,19.02,73.84,32.28,2
0,COOL,2,OPTIMAL,1,DRY,1,LOW,20.28,65.06,35.04,38.62,1,MIST_LOW,7.649,19.08,75.06,36.04,3
0,COOL,2,OPTIMAL,1,DRY,1,LOW,21.34,65.33,37.62,37.28,2,MIST_HIGH,3.423,19.04,82.33,39.62,0
0,COOL,2,OPTIMAL,1,DRY,1,LOW,21.3,65.76,34.53,35.6,2,MIST_HIGH,-3.919,19.0,82.76,36.53,1
0,COOL,2,OPTIMAL,1,DRY,1,LOW,19.76,63.6,37.48,37.59,2,MIST_HIGH,0.815,17.46,80.6,39.48,2
0,COOL,2,OPTIMAL,1,DRY,1,LOW,20.56,64.89,37.12,45.23,2,MIST_HIGH,0.578,18.26,81.89,39.12,3
0,COOL,2,OPTIMAL,1,DRY,1,LOW,20.37,59.61,36.24,37.49,3,PUMP,86.964,20.07,62.61,54.24,0
0,COOL,2,OPTIMAL,1,DRY,1,LOW,19.57,63.38,39.81,41.8,3,PUMP,85.855,19.27,66.38,57.81,1
0,COOL,2,OPTIMAL,1,DRY,1,LOW,21.28,62.03,36.94,37.87,3,PUMP,87.477,20.98,65.03,54.94,2
0,COOL,2,OPTIMAL,1,DRY,1,LOW,18.92,60.82,34.8,40.85,3,PUMP,77.373,18.62,63.82,52.8,3
0,COOL,2,OPTIMAL,1,DRY,1,LOW,20.47,61.34,37.48,44.1,4,PUMP_MIST_LOW,56.159,18.97,72.34,52.48,0
0,COOL,2,OPTIMAL,1,DRY,1,LOW,19.4,64.78,38.08,40.27,4,PUMP_MIST_LOW,48.511,17.9,75.78,53.08,1
0,COOL,2,OPTIMAL,1,DRY,1,LOW,18.67,59.16,36.7,36.4,4,PUMP_MIST_LOW,52.262,17.17,70.16,51.7,2
0,COOL,2,OPTIMAL,1,DRY,1,LOW,20.7,59.29,32.87,37.01,4,PUMP_MIST_LOW,50.501,19.2,70.29,47.87,3
0,COOL,2,OPTIMAL,1,DRY,1,LOW,20.95,63.52,32.95,43.04,5,PUMP_MIST_HIGH,38.199,18.45,80.52,50.95,0
0,COOL,2,OPTIMAL,1,DRY,1,LOW,18.69,64.51,31.02,44.42,5,PUMP_MIST_HIGH,25.342,16.19,81.51,49.02,1
0,COOL,2,OPTIMAL,1,DRY,1,LOW,20.67,64.92,37.42,40.74,5,PUMP_MIST_HIGH,44.467,18.17,81.92,55.42,2
0,COOL,2,OPTIMAL,1,DRY,1,LOW,19.27,64.27,37.99,37.45,5,PUMP_MIST_HIGH,42.185,16.77,81.27,55.99,3
0,COOL,2,OPTIMAL,1,DRY,2,MEDIUM,20.46,65.41,33.88,67.48,0,OFF,29.954,20.96,64.41,31.88,0
0,COOL,2,OPTIMAL,1,DRY,2,MEDIUM,21.33,60.5,35.52,56.16,0,OFF,36.06,21.83,59.5,33.52,1
0,COOL,2,OPTIMAL,1,DRY,2,MEDIUM,19.3,62.96,37.81,66.44,0,OFF,38.315,19.8,61.96,35.81,2
0,COOL,2,OPTIMAL,1,DRY,2,MEDIUM,20.92,65.29,37.05,63.77,0,OFF,38.287,21.42,64.29,35.05,3
0,COOL,2,OPTIMAL,1,DRY,2,MEDIUM,20.71,62.37,36.03,65.31,1,MIST_LOW,16.02,20.01,70.37,35.03,0
0,COOL,2,OPTIMAL,1,DRY,2,MEDIUM,21.3,60.35,31.77,64.19,1,MIST_LOW,20.181,20.6,68.35,30.77,1
0,COOL,2,OPTIMAL,1,DRY,2,MEDIUM,19.12,59.39,35.14,60.53,1,MIST_LOW,21.822,18.42,67.39,34.14,2
0,COOL,2,OPTIMAL,1,DRY,2,MEDIUM,19.8,62.45,31.3,63.01,1,MIST_LOW,3.026,19.1,70.45,30.3,3
0,COOL,2,OPTIMAL,1,DRY,2,MEDIUM,19.31,60.64,37.1,57.86,2,MIST_HIGH,3.917,17.51,75.64,37.1,0
0,COOL,2,OPTIMAL,1,DRY,2,MEDIUM,19.03,60.58,30.51,67.19,2,MIST_HIGH,-10.725,17.23,75.58,30.51,1
0,COOL,2,OPTIMAL,1,DRY,2,MEDIUM,20.32,63.3,34.91,62.87,2,MIST_HIGH,-1.695,18.52,78.3,34.91,2
0,COOL,2,OPTIMAL,1,DRY,2,MEDIUM,19.6,64.27,33.18,58.64,2,MIST_HIGH,-9.192,17.8,79.27,33.18,3
0,COOL,2,OPTIMAL,1,DRY,2,MEDIUM,19.11,58.55,35.05,60.99,3,PUMP,74.888,19.31,59.55,51.05,0
0,COOL,2,OPTIMAL,1,DRY,2,MEDIUM,20.1,58.74,32.21,58.56,3,PUMP,72.394,20.3,59.74,48.21,1
0,COOL,2,OPTIMAL,1,DRY,2,MEDIUM,19.53,60.89,32.18,65.03,3,PUMP,73.939,19.73,61.89,48.18,2
0,COOL,2,OPTIMAL,1,DRY,2,MEDIUM,20.09,65.97,38.24,67.77,3,PUMP,80.654,20.29,66.97,54.24,3
0,COOL,2,OPTIMAL,1,DRY,2,MEDIUM,18.62,63.35,34.46,66.85,4,PUMP_MIST_LOW,41.295,17.62,72.35,47.46,0
0,COOL,2,OPTIMAL,1,DRY,2,MEDIUM,20.32,62.97,39.59,64.19,4,PUMP_MIST_LOW,58.105,19.32,71.97,52.59,1
0,COOL,2,OPTIMAL,1,DRY,2,MEDIUM,19.5,65.33,39.45,60.63,4,PUMP_MIST_LOW,51.416,18.5,74.33,52.45,2
0,COOL,2,OPTIMAL,1,DRY,2,MEDIUM,20.11,60.26,39.11,65.87,4,PUMP_MIST_LOW,68.778,19.11,69.26,52.11,3
0,COOL,2,OPTIMAL,1,DRY,2,MEDIUM,19.65,64.42,34.46,56.53,5,PUMP_MIST_HIGH,36.36,17.65,79.42,50.46,0
0,COOL,2,OPTIMAL,1,DRY,2,MEDIUM,21.12,59.54,35.14,67.38,5,PUMP_MIST_HIGH,50.296,19.12,74.54,51.14,1
0,COOL,2,OPTIMAL,1,DRY,2,MEDIUM,19.07,65.65,35.38,56.09,5,PUMP_MIST_HIGH,34.477,17.07,80.65,51.38,2
0,COOL,2,OPTIMAL,1,DRY,2,MEDIUM,18.78,63.36,37.74,66.38,5,PUMP_MIST_HIGH,42.172,16.78,78.36,53.74,3
0,COOL,2,OPTIMAL,1,DRY,3,BRIGHT,19.79,58.83,35.38,90.43,0,OFF,24.444,20.79,55.83,32.38,0
0,COOL,2,OPTIMAL,1,DRY,3,BRIGHT,21.33,64.2,36.47,93.28,0,OFF,40.267,22.33,61.2,33.47,1
0,COOL,2,OPTIMAL,1,DRY,3,BRIGHT,20.69,59.23,34.59,85.98,0,OFF,26.324,21.69,56.23,31.59,2
0,COOL,2,OPTIMAL,1,DRY,3,BRIGHT,18.85,58.43,37.94,88.7,0,OFF,26.177,19.85,55.43,34.94,3
0,COOL,2,OPTIMAL,1,DRY,3,BRIGHT,20.21,59.82,32.59,86.66,1,MIST_LOW,21.949,20.01,65.82,30.59,0
0,COOL,2,OPTIMAL,1,DRY,3,BRIGHT,20.36,61.46,30.17,90.08,1,MIST_LOW,14.739,20.16,67.46,28.17,1
0,COOL,2,OPTIMAL,1,DRY,3,BRIGHT,20.1,63.13,36.18,91.07,1,MIST_LOW,23.847,19.9,69.13,34.18,2
0,COOL,2,OPTIMAL,1,DRY,3,BRIGHT,20.24,63.61,30.73,93.14,1,MIST_LOW,12.08,20.04,69.61,28.73,3
0,COOL,2,OPTIMAL,1,DRY,3,BRIGHT,18.9,64.3,33.01,83.04,2,MIST_HIGH,-9.133,17.6,77.3,32.01,0
0,COOL,2,OPTIMAL,1,DRY,3,BRIGHT,20.74,61.5,33.95,89.93,2,MIST_HIGH,3.212,19.44,74.5,32.95,1
0,COOL,2,OPTIMAL,1,DRY,3,BRIGHT,19.93,62.27,31.36,86.69,2,MIST_HIGH,-6.057,18.63,75.27,30.36,2
0,COOL,2,OPTIMAL,1,DRY,3,BRIGHT,20.83,62.37,39.6,83.73,2,MIST_HIGH,13.983,19.53,75.37,38.6,3
0,COOL,2,OPTIMAL,1,DRY,3,BRIGHT,20.5,65.31,37.95,90.75,3,PUMP,85.123,21.2,64.31,52.95,0
0,COOL,2,OPTIMAL,1,DRY,3,BRIGHT,19.64,65.6,35.54,88.66,3,PUMP,76.874,20.34,64.6,50.54,1
0,COOL,2,OPTIMAL,1,DRY,3,BRIGHT,18.95,58.04,35.97,88.45,3,PUMP,71.758,19.65,57.04,50.97,2
0,COOL,2,OPTIMAL,1,DRY,3,BRIGHT,21.25,60.44,37.48,92.84,3,PUMP,86.159,21.95,59.44,52.48,3
0,COOL,2,OPTIMAL,1,DRY,3,BRIGHT,19.56,61.3,36.46,88.15,4,PUMP_MIST_LOW,62.483,19.06,68.3,48.46,0
0,COOL,2,OPTIMAL,1,DRY,3,BRIGHT,19.05,59.77,38.35,84.33,4,PUMP_MIST_LOW,67.266,18.55,66.77,50.35,1
0,COOL,2,OPTIMAL,1,DRY,3,BRIGHT,19.11,64.4,38.52,92.22,4,PUMP_MIST_LOW,52.407,18.61,71.4,50.52,2
0,COOL,2,OPTIMAL,1,DRY,3,BRIGHT,21.21,65.95,34.61,88.6,4,PUMP_MIST_LOW,48.433,20.71,72.95,46.61,3
0,COOL,2,OPTIMAL,1,DRY,3,BRIGHT,19.41,58.54,30.98,90.71,5,PUMP_MIST_HIGH,40.424,17.91,71.54,45.98,0
0,COOL,2,OPTIMAL,1,DRY,3,BRIGHT,19.96,60.65,31.28,89.87,5,PUMP_MIST_HIGH,39.443,18.46,73.65,46.28,1
0,COOL,2,OPTIMAL,1,DRY,3,BRIGHT,18.88,62.96,39.0,85.81,5,PUMP_MIST_HIGH,48.489,17.38,75.96,54.0,2
0,COOL,2,OPTIMAL,1,DRY,3,BRIGHT,19.86,62.93,33.06,89.01,5,PUMP_MIST_HIGH,39.188,18.36,75.93,48.06,3
0,COOL,2,OPTIMAL,2,OPTIMAL,0,DARK,20.18,60.92,56.16,14.14,0,OFF,89.265,19.68,62.92,56.16,0
0,COOL,2,OPTIMAL,2,OPTIMAL,0,DARK,18.61,59.97,55.22,17.88,0,OFF,83.666,18.11,61.97,55.22,1
0,COOL,2,OPTIMAL,2,OPTIMAL,0,DARK,19.82,64.72,54.34,17.8,0,OFF,78.195,19.32,66.72,54.34,2
0,COOL,2,OPTIMAL,2,OPTIMAL,0,DARK,21.06,61.7,56.59,12.67,0,OFF,91.695,20.56,63.7,56.59,3
0,COOL,2,OPTIMAL,2,OPTIMAL,0,DARK,20.14,59.41,59.07,19.1,1,MIST_LOW,64.834,18.44,70.41,60.07,0
0,COOL,2,OPTIMAL,2,OPTIMAL,0,DARK,21.0,59.12,58.39,12.16,1,MIST_LOW,69.471,19.3,70.12,59.39,1
0,COOL,2,OPTIMAL,2,OPTIMAL,0,DARK,21.08,58.61,53.75,9.22,1,MIST_LOW,74.626,19.38,69.61,54.75,2
0,COOL,2,OPTIMAL,2,OPTIMAL,0,DARK,20.02,58.25,58.82,13.86,1,MIST_LOW,74.805,18.32,69.25,59.82,3
0,COOL,2,OPTIMAL,2,OPTIMAL,0,DARK,20.25,65.25,58.52,15.52,2,MIST_HIGH,30.163,17.45,83.25,60.52,0
0,COOL,2,OPTIMAL,2,OPTIMAL,0,DARK,21.4,61.78,60.75,13.39,2,MIST_HIGH,34.687,18.6,79.78,62.75,1
0,COOL,2,OPTIMAL,2,OPTIMAL,0,DARK,19.23,64.18,60.33,12.49,2,MIST_HIGH,24.78,16.43,82.18,62.33,2
0,COOL,2,OPTIMAL,2,OPTIMAL,0,DARK,19.9,62.08,56.97,15.03,2,MIST_HIGH,37.358,17.1,80.08,58.97,3
0,COOL,2,OPTIMAL,2,OPTIMAL,0,DARK,20.46,64.78,61.07,16.37,3,PUMP,29.406,19.66,68.78,79.07,0
0,COOL,2,OPTIMAL,2,OPTIMAL,0,DARK,19.06,62.11,57.46,11.15,3,PUMP,36.794,18.26,66.11,75.46,1
0,COOL,2,OPTIMAL,2,OPTIMAL,0,DARK,21.26,63.28,62.68,17.83,3,PUMP,30.998,20.46,67.28,80.68,2
0,COOL,2,OPTIMAL,2,OPTIMAL,0,DARK,19.95,60.87,55.19,14.85,3,PUMP,46.404,19.15,64.87,73.19,3
0,COOL,2,OPTIMAL,2,OPTIMAL,0,DARK,18.78,60.96,53.43,11.48,4,PUMP_MIST_LOW,37.855,16.78,72.96,68.43,0
0,COOL,2,OPTIMAL,2,OPTIMAL,0,DARK,21.14,60.89,57.7,14.46,4,PUMP_MIST_LOW,26.566,19.14,72.89,72.7,1
0,COOL,2,OPTIMAL,2,OPTIMAL,0,DARK,18.73,65.84,56.24,17.44,4,PUMP_MIST_LOW,13.979,16.73,77.84,71.24,2
0,COOL,2,OPTIMAL,2,OPTIMAL,0,DARK,20.06,64.64,61.35,12.16,4,PUMP_MIST_LOW,9.44,18.06,76.64,76.35,3
0,COOL,2,OPTIMAL,2,OPTIMAL,0,DARK,20.12,59.39,59.54,13.38,5,PUMP_MIST_HIGH,-7.255,17.12,77.39,77.54,0
0,COOL,2,OPTIMAL,2,OPTIMAL,0,DARK,20.43,64.68,58.17,13.52,5,PUMP_MIST_HIGH,-11.87,17.43,82.68,76.17,1
0,COOL,2,OPTIMAL,2,OPTIMAL,0,DARK,21.14,62.13,56.53,19.41,5,PUMP_MIST_HIGH,-2.072,18.14,80.13,74.53,2
0,COOL,2,OPTIMAL,2,OPTIMAL,0,DARK,19.96,61.86,59.04,15.02,5,PUMP_MIST_HIGH,-10.677,16.96,79.86,77.04,3
0,COOL,2,OPTIMAL,2,OPTIMAL,1,LOW,18.99,59.32,53.77,41.72,0,OFF,80.804,18.99,60.32,53.77,0
0,COOL,2,OPTIMAL,2,OPTIMAL,1,LOW,19.19,59.5,56.62,42.61,0,OFF,87.714,19.19,60.5,56.62,1
0,COOL,2,OPTIMAL,2,OPTIMAL,1,LOW,18.93,59.84,61.11,42.64,0,OFF,83.794,18.93,60.84,61.11,2
0,COOL,2,OPTIMAL,2,OPTIMAL,1,LOW,19.95,61.83,55.11,35.93,0,OFF,88.03,19.95,62.83,55.11,3
0,COOL,2,OPTIMAL,2,OPTIMAL,1,LOW,20.93,58.18,53.43,40.88,1,MIST_LOW,77.366,19.73,68.18,54.43,0
0,COOL,2,OPTIMAL,2,OPTIMAL,1,LOW,19.05,63.04,53.39,40.87,1,MIST_LOW,55.489,17.85,73.04,54.39,1
0,COOL,2,OPTIMAL,2,OPTIMAL,1,LOW,18.76,60.07,54.8,45.5,1,MIST_LOW,62.256,17.56,70.07,55.8,2
0,COOL,2,OPTIMAL,2,OPTIMAL,1,LOW,20.28,62.51,53.19,42.63,1,MIST_LOW,59.827,19.08,72.51,54.19,3
0,COOL,2,OPTIMAL,2,OPTIMAL,1,LOW,20.45,60.27,53.86,39.39,2,MIST_HIGH,52.762,18.15,77.27,55.86,0
0,COOL,2,OPTIMAL,2,OPTIMAL,1,LOW,21.38,64.94,54.71,43.96,2,MIST_HIGH,50.036,19.08,81.94,56.71,1
0,COOL,2,OPTIMAL,2,OPTIMAL,1,LOW,20.28,64.36,61.2,36.18,2,MIST_HIGH,39.243,17.98,81.36,63.2,2
0,COOL,2,OPTIMAL,2,OPTIMAL,1,LOW,20.45,60.12,60.24,38.11,2,MIST_HIGH,48.577,18.15,77.12,62.24,3
0,COOL,2,OPTIMAL,2,OPTIMAL,1,LOW,19.87,62.72,55.3,38.63,3,PUMP,46.137,19.57,65.72,73.3,0
0,COOL,2,OPTIMAL,2,OPTIMAL,1,LOW,18.9,59.62,61.6,40.05,3,PUMP,34.791,18.6,62.62,79.6,1
0,COOL,2,OPTIMAL,2,OPTIMAL,1,LOW,19.78,59.2,53.96,39.71,3,PUMP,54.285,19.48,62.2,71.96,2
0,COOL,2,OPTIMAL,2,OPTIMAL,1,LOW,20.32,58.31,60.84,40.04,3,PUMP,40.807,20.02,61.31,78.84,3
0,COOL,2,OPTIMAL,2,OPTIMAL,1,LOW,18.93,61.86,54.3,41.24,4,PUMP_MIST_LOW,38.263,17.43,72.86,69.3,0
0,COOL,2,OPTIMAL,2,OPTIMAL,1,LOW,20.92,65.18,60.75,41.79,4,PUMP_MIST_LOW,15.781,19.42,76.18,75.75,1
0,COOL,2,OPTIMAL,2,OPTIMAL,1,LOW,20.06,60.96,53.43,40.36,4,PUMP_MIST_LOW,45.144,18.56,71.96,68.43,2
0,COOL,2,OPTIMAL,2,OPTIMAL,1,LOW,19.24,64.42,60.9,38.57,4,PUMP_MIST_LOW,11.326,17.74,75.42,75.9,3
0,COOL,2,OPTIMAL,2,OPTIMAL,1,LOW,20.25,63.93,60.62,42.36,5,PUMP_MIST_HIGH,-3.184,17.75,80.93,78.62,0
0,COOL,2,OPTIMAL,2,OPTIMAL,1,LOW,18.87,59.07,57.77,36.79,5,PUMP_MIST_HIGH,6.162,16.37,76.07,75.77,1
0,COOL,2,OPTIMAL,2,OPTIMAL,1,LOW,21.01,60.27,61.77,38.9,5,PUMP_MIST_HIGH,2.679,18.51,77.27,79.77,2
0,COOL,2,OPTIMAL,2,OPTIMAL,1,LOW,19.13,63.67,60.89,40.94,5,PUMP_MIST_HIGH,-6.941,16.63,80.67,78.89,3
0,COOL,2,OPTIMAL,2,OPTIMAL,2,MEDIUM,18.93,58.06,59.55,64.25,0,OFF,84.913,19.43,57.06,57.55,0
0,COOL,2,OPTIMAL,2,OPTIMAL,2,MEDIUM,19.48,60.9,54.55,63.82,0,OFF,80.738,19.98,59.9,52.55,1
0,COOL,2,OPTIMAL,2,OPTIMAL,2,MEDIUM,19.31,64.84,57.24,60.39,0,OFF,86.244,19.81,63.84,55.24,2
0,COOL,2,OPTIMAL,2,OPTIMAL,2,MEDIUM,19.37,63.44,60.55,60.96,0,OFF,93.323,19.87,62.44,58.55,3
0,COOL,2,OPTIMAL,2,OPTIMAL,2,MEDIUM,20.79,61.86,56.7,62.66,1,MIST_LOW,78.502,20.09,69.86,55.7,0
0,COOL,2,OPTIMAL,2,OPTIMAL,2,MEDIUM,19.31,60.45,56.44,64.47,1,MIST_LOW,75.46,18.61,68.45,55.44,1
0,COOL,2,OPTIMAL,2,OPTIMAL,2,MEDIUM,20.66,64.84,59.59,64.97,1,MIST_LOW,68.884,19.96,72.84,58.59,2
0,COOL,2,OPTIMAL,2,OPTIMAL,2,MEDIUM,19.85,63.59,54.62,58.57,1,MIST_LOW,60.328,19.15,71.59,53.62,3
0,COOL,2,OPTIMAL,2,OPTIMAL,2,MEDIUM,19.72,60.71,58.51,64.36,2,MIST_HIGH,57.955,17.92,75.71,58.51,0
0,COOL,2,OPTIMAL,2,OPTIMAL,2,MEDIUM,20.58,59.29,62.65,56.06,2,MIST_HIGH,54.279,18.78,74.29,62.65,1
0,COOL,2,OPTIMAL,2,OPTIMAL,2,MEDIUM,18.86,59.16,62.26,61.22,2,MIST_HIGH,49.773,17.06,74.16,62.26,2
0,COOL,2,OPTIMAL,2,OPTIMAL,2,MEDIUM,18.78,59.77,53.8,56.45,2,MIST_HIGH,48.676,16.98,74.77,53.8,3
0,COOL,2,OPTIMAL,2,OPTIMAL,2,MEDIUM,19.68,65.88,59.14,62.25,3,PUMP,41.409,19.88,66.88,75.14,0
0,COOL,2,OPTIMAL,2,OPTIMAL,2,MEDIUM,20.59,62.78,62.46,65.84,3,PUMP,42.328,20.79,63.78,78.46,1
0,COOL,2,OPTIMAL,2,OPTIMAL,2,MEDIUM,20.39,61.51,55.02,63.88,3,PUMP,59.342,20.59,62.51,71.02,2
0,COOL,2,OPTIMAL,2,OPTIMAL,2,MEDIUM,20.85,60.29,53.34,63.19,3,PUMP,74.018,21.05,61.29,69.34,3
0,COOL,2,OPTIMAL,2,OPTIMAL,2,MEDIUM,20.04,59.85,54.69,56.43,4,PUMP_MIST_LOW,61.217,19.04,68.85,67.69,0
0,COOL,2,OPTIMAL,2,OPTIMAL,2,MEDIUM,19.27,58.0,54.57,67.96,4,PUMP_MIST_LOW,61.954,18.27,67.0,67.57,1
0,COOL,2,OPTIMAL,2,OPTIMAL,2,MEDIUM,20.78,60.83,56.95,63.03,4,PUMP_MIST_LOW,57.288,19.78,69.83,69.95,2
0,COOL,2,OPTIMAL,2,OPTIMAL,2,MEDIUM,20.05,63.9,53.69,57.08,4,PUMP_MIST_LOW,48.885,19.05,72.9,66.69,3
0,COOL,2,OPTIMAL,2,OPTIMAL,2,MEDIUM,19.4,64.64,62.15,60.18,5,PUMP_MIST_HIGH,-1.267,17.4,79.64,78.15,0
0,COOL,2,OPTIMAL,2,OPTIMAL,2,MEDIUM,21.3,60.21,59.06,58.33,5,PUMP_MIST_HIGH,18.378,19.3,75.21,75.06,1
0,COOL,2,OPTIMAL,2,OPTIMAL,2,MEDIUM,21.2,62.6,55.61,60.89,5,PUMP_MIST_HIGH,21.508,19.2,77.6,71.61,2
0,COOL,2,OPTIMAL,2,OPTIMAL,2,MEDIUM,18.9,58.58,55.94,67.36,5,PUMP_MIST_HIGH,19.868,16.9,73.58,71.94,3
0,COOL,2,OPTIMAL,2,OPTIMAL,3,BRIGHT,20.85,65.65,61.76,91.76,0,OFF,98.87,21.85,62.65,58.76,0
0,COOL,2,OPTIMAL,2,OPTIMAL,3,BRIGHT,20.21,63.55,62.66,88.76,0,OFF,93.67,21.21,60.55,59.66,1
0,COOL,2,OPTIMAL,2,OPTIMAL,3,BRIGHT,20.76,64.06,62.61,87.51,0,OFF,96.329,21.76,61.06,59.61,2
0,COOL,2,OPTIMAL,2,OPTIMAL,3,BRIGHT,19.89,62.69,53.27,83.4,0,OFF,78.534,20.89,59.69,50.27,3
0,COOL,2,OPTIMAL,2,OPTIMAL,3,BRIGHT,18.79,63.07,62.94,90.12,1,MIST_LOW,73.596,18.59,69.07,60.94,0
0,COOL,2,OPTIMAL,2,OPTIMAL,3,BRIGHT,19.24,60.53,62.55,88.2,1,MIST_LOW,79.934,19.04,66.53,60.55,1
0,COOL,2,OPTIMAL,2,OPTIMAL,3,BRIGHT,18.63,64.66,55.48,83.12,1,MIST_LOW,59.229,18.43,70.66,53.48,2
0,COOL,2,OPTIMAL,2,OPTIMAL,3,BRIGHT,20.49,64.57,53.76,93.18,1,MIST_LOW,61.703,20.29,70.57,51.76,3
0,COOL,2,OPTIMAL,2,OPTIMAL,3,BRIGHT,19.93,60.83,61.94,85.23,2,MIST_HIGH,58.124,18.63,73.83,60.94,0
0,COOL,2,OPTIMAL,2,OPTIMAL,3,BRIGHT,21.25,63.46,62.1,87.99,2,MIST_HIGH,57.794,19.95,76.46,61.1,1
0,COOL,2,OPTIMAL,2,OPTIMAL,3,BRIGHT,19.16,63.88,61.73,84.48,2,MIST_HIGH,51.208,17.86,76.88,60.73,2
0,COOL,2,OPTIMAL,2,OPTIMAL,3,BRIGHT,19.17,60.0,59.19,83.87,2,MIST_HIGH,62.79,17.87,73.0,58.19,3
0,COOL,2,OPTIMAL,2,OPTIMAL,3,BRIGHT,18.9,65.36,59.76,89.96,3,PUMP,45.345,19.6,64.36,74.76,0
0,COOL,2,OPTIMAL,2,OPTIMAL,3,BRIGHT,20.32,64.11,58.41,82.51,3,PUMP,54.707,21.02,63.11,73.41,1
0,COOL,2,OPTIMAL,2,OPTIMAL,3,BRIGHT,19.95,62.97,57.92,93.82,3,PUMP,56.287,20.65,61.97,72.92,2
0,COOL,2,OPTIMAL,2,OPTIMAL,3,BRIGHT,21.11,64.95,57.91,93.81,3,PUMP,56.97,21.81,63.95,72.91,3
0,COOL,2,OPTIMAL,2,OPTIMAL,3,BRIGHT,21.16,60.24,55.22,88.92,4,PUMP_MIST_LOW,69.976,20.66,67.24,67.22,0
0,COOL,2,OPTIMAL,2,OPTIMAL,3,BRIGHT,18.75,64.39,57.78,88.49,4,PUMP_MIST_LOW,42.23,18.25,71.39,69.78,1
0,COOL,2,OPTIMAL,2,OPTIMAL,3,BRIGHT,20.01,61.15,59.86,84.1,4,PUMP_MIST_LOW,45.069,19.51,68.15,71.86,2
0,COOL,2,OPTIMAL,2,OPTIMAL,3,BRIGHT,21.33,63.59,57.6,90.27,4,PUMP_MIST_LOW,52.17,20.83,70.59,69.6,3
0,COOL,2,OPTIMAL,2,OPTIMAL,3,BRIGHT,18.63,59.69,58.81,85.91,5,PUMP_MIST_HIGH,18.127,17.13,72.69,73.81,0
0,COOL,2,OPTIMAL,2,OPTIMAL,3,BRIGHT,20.32,60.08,58.49,84.85,5,PUMP_MIST_HIGH,23.566,18.82,73.08,73.49,1
0,COOL,2,OPTIMAL,2,OPTIMAL,3,BRIGHT,19.92,62.9,56.66,87.99,5,PUMP_MIST_HIGH,21.611,18.42,75.9,71.66,2
0,COOL,2,OPTIMAL,2,OPTIMAL,3,BRIGHT,19.19,63.61,56.72,92.25,5,PUMP_MIST_HIGH,18.019,17.69,76.61,71.72,3
0,COOL,2,OPTIMAL,3,WET,0,DARK,19.38,59.44,78.31,15.91,0,OFF,38.474,18.88,61.44,78.31,0
0,COOL,2,OPTIMAL,3,WET,0,DARK,19.24,58.8,79.7,11.83,0,OFF,34.077,18.74,60.8,79.7,1
0,COOL,2,OPTIMAL,3,WET,0,DARK,19.81,61.05,78.46,20.51,0,OFF,38.755,19.31,63.05,78.46,2
0,COOL,2,OPTIMAL,3,WET,0,DARK,19.02,64.45,78.77,15.0,0,OFF,30.139,18.52,66.45,78.77,3
0,COOL,2,OPTIMAL,3,WET,0,DARK,21.39,64.8,82.17,17.65,1,MIST_LOW,1.671,19.69,75.8,83.17,0
0,COOL,2,OPTIMAL,3,WET,0,DARK,20.8,60.4,82.62,15.81,1,MIST_LOW,5.871,19.1,71.4,83.62,1
0,COOL,2,OPTIMAL,3,WET,0,DARK,19.72,63.52,77.6,18.77,1,MIST_LOW,7.95,18.02,74.52,78.6,2
0,COOL,2,OPTIMAL,3,WET,0,DARK,19.93,63.04,81.5,13.02,1,MIST_LOW,1.241,18.23,74.04,82.5,3
0,COOL,2,OPTIMAL,3,WET,0,DARK,19.61,62.48,86.32,12.09,2,MIST_HIGH,-35.847,16.81,80.48,88.32,0
0,COOL,2,OPTIMAL,3,WET,0,DARK,18.66,58.97,85.67,20.56,2,MIST_HIGH,-31.929,15.86,76.97,87.67,1
0,COOL,2,OPTIMAL,3,WET,0,DARK,19.16,62.61,83.49,11.09,2,MIST_HIGH,-31.561,16.36,80.61,85.49,2
0,COOL,2,OPTIMAL,3,WET,0,DARK,20.78,60.84,83.73,14.85,2,MIST_HIGH,-24.031,17.98,78.84,85.73,3
0,COOL,2,OPTIMAL,3,WET,0,DARK,20.66,65.12,80.81,12.44,3,PUMP,-39.931,19.86,69.12,98.81,0
0,COOL,2,OPTIMAL,3,WET,0,DARK,20.37,59.16,78.68,18.69,3,PUMP,-26.853,19.57,63.16,96.68,1
0,COOL,2,OPTIMAL,3,WET,0,DARK,19.54,63.05,82.72,19.19,3,PUMP,-42.697,18.74,67.05,100.0,2
0,COOL,2,OPTIMAL,3,WET,0,DARK,18.8,59.3,79.28,12.8,3,PUMP,-33.367,18.0,63.3,97.28,3
0,COOL,2,OPTIMAL,3,WET,0,DARK,19.42,60.14,83.45,12.25,4,PUMP_MIST_LOW,-59.831,17.42,72.14,98.45,0
0,COOL,2,OPTIMAL,3,WET,0,DARK,19.85,64.9,80.63,16.04,4,PUMP_MIST_LOW,-60.164,17.85,76.9,95.63,1
0,COOL,2,OPTIMAL,3,WET,0,DARK,21.3,61.31,78.84,9.28,4,PUMP_MIST_LOW,-45.99,19.3,73.31,93.84,2
0,COOL,2,OPTIMAL,3,WET,0,DARK,20.64,63.3,86.4,17.41,4,PUMP_MIST_LOW,-64.233,18.64,75.3,100.0,3
0,COOL,2,OPTIMAL,3,WET,0,DARK,18.82,59.34,78.03,9.77,5,PUMP_MIST_HIGH,-78.162,15.82,77.34,96.03,0
0,COOL,2,OPTIMAL,3,WET,0,DARK,21.06,62.39,77.26,13.76,5,PUMP_MIST_HIGH,-74.281,18.06,80.39,95.26,1
0,COOL,2,OPTIMAL,3,WET,0,DARK,20.74,58.67,79.62,10.86,5,PUMP_MIST_HIGH,-74.303,17.74,76.67,97.62,2
0,COOL,2,OPTIMAL,3,WET,0,DARK,20.43,65.08,80.09,11.97,5,PUMP_MIST_HIGH,-86.544,17.43,83.08,98.09,3
0,COOL,2,OPTIMAL,3,WET,1,LOW,19.4,63.01,78.31,44.06,0,OFF,37.79,19.4,64.01,78.31,0
0,COOL,2,OPTIMAL,3,WET,1,LOW,18.68,63.31,85.6,37.9,0,OFF,19.715,18.68,64.31,85.6,1
0,COOL,2,OPTIMAL,3,WET,1,LOW,19.93,65.8,82.41,37.27,0,OFF,26.454,19.93,66.8,82.41,2
0,COOL,2,OPTIMAL,3,WET,1,LOW,19.85,65.76,83.98,36.12,0,OFF,22.946,19.85,66.76,83.98,3
0,COOL,2,OPTIMAL,3,WET,1,LOW,20.27,63.05,83.36,40.77,1,MIST_LOW,1.604,19.07,73.05,84.36,0
0,COOL,2,OPTIMAL,3,WET,1,LOW,20.07,63.12,80.1,38.17,1,MIST_LOW,7.681,18.87,73.12,81.1,1
0,COOL,2,OPTIMAL,3,WET,1,LOW,20.11,64.44,81.42,38.39,1,MIST_LOW,2.936,18.91,74.44,82.42,2
0,COOL,2,OPTIMAL,3,WET,1,LOW,19.33,60.43,77.0,43.78,1,MIST_LOW,16.12,18.13,70.43,78.0,3
0,COOL,2,OPTIMAL,3,WET,1,LOW,20.97,60.75,81.69,34.1,2,MIST_HIGH,-5.797,18.67,77.75,83.69,0
0,COOL,2,OPTIMAL,3,WET,1,LOW,21.18,65.58,81.77,34.11,2,MIST_HIGH,-13.018,18.88,82.58,83.77,1
0,COOL,2,OPTIMAL,3,WET,1,LOW,19.81,60.34,79.31,34.09,2,MIST_HIGH,-3.888,17.51,77.34,81.31,2
0,COOL,2,OPTIMAL,3,WET,1,LOW,19.65,61.29,82.61,38.74,2,MIST_HIGH,-12.834,17.35,78.29,84.61,3
0,COOL,2,OPTIMAL,3,WET,1,LOW,19.06,63.9,80.9,38.54,3,PUMP,-40.096,18.76,66.9,98.9,0
0,COOL,2,OPTIMAL,3,WET,1,LOW,19.34,61.38,79.4,43.17,3,PUMP,-32.019,19.04,64.38,97.4,1
0,COOL,2,OPTIMAL,3,WET,1,LOW,21.15,64.46,83.85,37.42,3,PUMP,-36.624,20.85,67.46,100.0,2
0,COOL,2,OPTIMAL,3,WET,1,LOW,20.68,64.47,81.13,44.24,3,PUMP,-36.307,20.38,67.47,99.13,3
0,COOL,2,OPTIMAL,3,WET,1,LOW,19.11,60.32,83.37,41.41,4,PUMP_MIST_LOW,-57.727,17.61,71.32,98.37,0
0,COOL,2,OPTIMAL,3,WET,1,LOW,19.36,62.98,78.88,34.23,4,PUMP_MIST_LOW,-51.757,17.86,73.98,93.88,1
0,COOL,2,OPTIMAL,3,WET,1,LOW,18.74,62.28,78.86,35.23,4,PUMP_MIST_LOW,-52.588,17.24,73.28,93.86,2
0,COOL,2,OPTIMAL,3,WET,1,LOW,19.35,63.72,84.27,36.79,4,PUMP_MIST_LOW,-64.292,17.85,74.72,99.27,3
0,COOL,2,OPTIMAL,3,WET,1,LOW,19.02,61.95,80.42,37.74,5,PUMP_MIST_HIGH,-73.528,16.52,78.95,98.42,0
0,COOL,2,OPTIMAL,3,WET,1,LOW,20.84,65.98,81.64,43.5,5,PUMP_MIST_HIGH,-76.728,18.34,82.98,99.64,1
0,COOL,2,OPTIMAL,3,WET,1,LOW,19.52,64.75,86.52,34.67,5,PUMP_MIST_HIGH,-79.718,17.02,81.75,100.0,2
0,COOL,2,OPTIMAL,3,WET,1,LOW,20.77,58.57,81.7,36.31,5,PUMP_MIST_HIGH,-65.217,18.27,75.57,99.7,3
0,COOL,2,OPTIMAL,3,WET,2,MEDIUM,20.96,64.54,85.28,57.46,0,OFF,34.706,21.46,63.54,83.28,0
0,COOL,2,OPTIMAL,3,WET,2,MEDIUM,20.75,59.99,84.71,61.32,0,OFF,32.894,21.25,58.99,82.71,1
0,COOL,2,OPTIMAL,3,WET,2,MEDIUM,20.67,58.27,81.61,65.25,0,OFF,36.38,21.17,57.27,79.61,2
0,COOL,2,OPTIMAL,3,WET,2,MEDIUM,20.06,65.86,81.73,64.18,0,OFF,37.189,20.56,64.86,79.73,3
0,COOL,2,OPTIMAL,3,WET,2,MEDIUM,19.47,60.58,83.29,56.51,1,MIST_LOW,20.129,18.77,68.58,82.29,0
0,COOL,2,OPTIMAL,3,WET,2,MEDIUM,21.22,62.17,79.53,63.66,1,MIST_LOW,23.092,20.52,70.17,78.53,1
0,COOL,2,OPTIMAL,3,WET,2,MEDIUM,19.16,65.1,85.64,58.61,1,MIST_LOW,-1.036,18.46,73.1,84.64,2
0,COOL,2,OPTIMAL,3,WET,2,MEDIUM,18.92,63.06,80.25,58.01,1,MIST_LOW,12.776,18.22,71.06,79.25,3
0,COOL,2,OPTIMAL,3,WET,2,MEDIUM,19.37,58.96,84.89,56.11,2,MIST_HIGH,-5.77,17.57,73.96,84.89,0
0,COOL,2,OPTIMAL,3,WET,2,MEDIUM,18.72,64.27,81.75,63.15,2,MIST_HIGH,-9.773,16.92,79.27,81.75,1
0,COOL,2,OPTIMAL,3,WET,2,MEDIUM,19.64,58.72,78.58,57.1,2,MIST_HIGH,8.731,17.84,73.72,78.58,2
0,COOL,2,OPTIMAL,3,WET,2,MEDIUM,20.33,65.45,86.97,63.5,2,MIST_HIGH,-17.448,18.53,80.45,86.97,3
0,COOL,2,OPTIMAL,3,WET,2,MEDIUM,18.77,63.16,84.01,65.5,3,PUMP,-37.355,18.97,64.16,100.0,0
0,COOL,2,OPTIMAL,3,WET,2,MEDIUM,18.95,59.86,86.82,65.46,3,PUMP,-35.134,19.15,60.86,100.0,1
0,COOL,2,OPTIMAL,3,WET,2,MEDIUM,20.72,64.44,81.39,58.32,3,PUMP,-27.684,20.92,65.44,97.39,2
0,COOL,2,OPTIMAL,3,WET,2,MEDIUM,20.53,60.87,78.35,66.78,3,PUMP,-16.609,20.73,61.87,94.35,3
0,COOL,2,OPTIMAL,3,WET,2,MEDIUM,19.96,61.5,79.95,64.36,4,PUMP_MIST_LOW,-40.721,18.96,70.5,92.95,0
0,COOL,2,OPTIMAL,3,WET,2,MEDIUM,19.13,59.49,80.48,64.79,4,PUMP_MIST_LOW,-33.269,18.13,68.49,93.48,1
0,COOL,2,OPTIMAL,3,WET,2,MEDIUM,19.37,64.65,86.14,62.65,4,PUMP_MIST_LOW,-60.658,18.37,73.65,99.14,2
0,COOL,2,OPTIMAL,3,WET,2,MEDIUM,18.79,59.24,79.96,59.16,4,PUMP_MIST_LOW,-32.856,17.79,68.24,92.96,3
0,COOL,2,OPTIMAL,3,WET,2,MEDIUM,19.63,58.01,83.38,60.55,5,PUMP_MIST_HIGH,-62.498,17.63,73.01,99.38,0
0,COOL,2,OPTIMAL,3,WET,2,MEDIUM,19.12,58.15,85.57,65.31,5,PUMP_MIST_HIGH,-65.657,17.12,73.15,100.0,1
0,COOL,2,OPTIMAL,3,WET,2,MEDIUM,19.27,63.77,83.58,62.47,5,PUMP_MIST_HIGH,-73.293,17.27,78.77,99.58,2
0,COOL,2,OPTIMAL,3,WET,2,MEDIUM,19.68,62.19,81.98,62.62,5,PUMP_MIST_HIGH,-66.065,17.68,77.19,97.98,3
0,COOL,2,OPTIMAL,3,WET,3,BRIGHT,20.32,60.58,83.41,83.33,0,OFF,35.683,21.32,57.58,80.41,0
0,COOL,2,OPTIMAL,3,WET,3,BRIGHT,20.06,58.53,85.35,83.56,0,OFF,27.522,21.06,55.53,82.35,1
0,COOL,2,OPTIMAL,3,WET,3,BRIGHT,21.05,59.62,81.85,83.19,0,OFF,39.74,22.05,56.62,78.85,2
0,COOL,2,OPTIMAL,3,WET,3,BRIGHT,20.2,64.69,83.58,88.31,0,OFF,41.525,21.2,61.69,80.58,3
0,COOL,2,OPTIMAL,3,WET,3,BRIGHT,20.56,60.05,80.66,89.27,1,MIST_LOW,36.894,20.36,66.05,78.66,0
0,COOL,2,OPTIMAL,3,WET,3,BRIGHT,18.8,65.44,79.09,87.9,1,MIST_LOW,17.925,18.6,71.44,77.09,1
0,COOL,2,OPTIMAL,3,WET,3,BRIGHT,21.09,58.64,85.01,82.73,1,MIST_LOW,31.707,20.89,64.64,83.01,2
0,COOL,2,OPTIMAL,3,WET,3,BRIGHT,20.16,65.51,81.16,86.43,1,MIST_LOW,17.835,19.96,71.51,79.16,3
0,COOL,2,OPTIMAL,3,WET,3,BRIGHT,20.58,64.59,79.66,82.49,2,MIST_HIGH,6.983,19.28,77.59,78.66,0
0,COOL,2,OPTIMAL,3,WET,3,BRIGHT,18.8,60.43,86.45,93.53,2,MIST_HIGH,-6.336,17.5,73.43,85.45,1
0,COOL,2,OPTIMAL,3,WET,3,BRIGHT,18.87,63.8,82.32,84.27,2,MIST_HIGH,-2.817,17.57,76.8,81.32,2
0,COOL,2,OPTIMAL,3,WET,3,BRIGHT,20.07,59.99,83.25,84.15,2,MIST_HIGH,5.159,18.77,72.99,82.25,3
0,COOL,2,OPTIMAL,3,WET,3,BRIGHT,20.7,61.32,78.06,89.66,3,PUMP,-14.229,21.4,60.32,93.06,0
0,COOL,2,OPTIMAL,3,WET,3,BRIGHT,19.6,61.67,83.65,92.59,3,PUMP,-28.931,20.3,60.67,98.65,1
0,COOL,2,OPTIMAL,3,WET,3,BRIGHT,19.07,59.44,81.02,86.05,3,PUMP,-28.669,19.77,58.44,96.02,2
0,COOL,2,OPTIMAL,3,WET,3,BRIGHT,19.04,65.99,81.43,86.23,3,PUMP,-28.706,19.74,64.99,96.43,3
0,COOL,2,OPTIMAL,3,WET,3,BRIGHT,19.48,65.93,80.25,86.46,4,PUMP_MIST_LOW,-43.065,18.98,72.93,92.25,0
0,COOL,2,OPTIMAL,3,WET,3,BRIGHT,20.74,61.44,84.26,89.3,4,PUMP_MIST_LOW,-32.288,20.24,68.44,96.26,1
0,COOL,2,OPTIMAL,3,WET,3,BRIGHT,20.18,59.71,84.66,93.11,4,PUMP_MIST_LOW,-32.152,19.68,66.71,96.66,2
0,COOL,2,OPTIMAL,3,WET,3,BRIGHT,19.31,65.69,81.47,86.77,4,PUMP_MIST_LOW,-45.81,18.81,72.69,93.47,3
0,COOL,2,OPTIMAL,3,WET,3,BRIGHT,20.63,65.86,82.96,88.21,5,PUMP_MIST_HIGH,-64.065,19.13,78.86,97.96,0
0,COOL,2,OPTIMAL,3,WET,3,BRIGHT,21.38,60.41,80.0,84.66,5,PUMP_MIST_HIGH,-46.75,19.88,73.41,95.0,1
0,COOL,2,OPTIMAL,3,WET,3,BRIGHT,21.0,58.17,85.22,90.28,5,PUMP_MIST_HIGH,-54.891,19.5,71.17,100.0,2
0,COOL,2,OPTIMAL,3,WET,3,BRIGHT,19.37,62.43,82.56,93.11,5,PUMP_MIST_HIGH,-61.777,17.87,75.43,97.56,3
0,COOL,3,HUMID,0,VERY_DRY,0,DARK,19.03,78.3,13.56,10.66,0,OFF,-84.708,18.53,80.3,13.56,0
0,COOL,3,HUMID,0,VERY_DRY,0,DARK,19.63,82.66,12.33,18.73,0,OFF,-92.35,19.13,84.66,12.33,1
0,COOL,3,HUMID,0,VERY_DRY,0,DARK,18.86,81.2,19.18,17.81,0,OFF,-78.098,18.36,83.2,19.18,2
0,COOL,3,HUMID,0,VERY_DRY,0,DARK,20.63,84.34,11.73,18.91,0,OFF,-93.115,20.13,86.34,11.73,3
0,COOL,3,HUMID,0,VERY_DRY,0,DARK,20.53,82.61,19.08,16.14,1,MIST_LOW,-115.356,18.83,93.61,20.08,0
0,COOL,3,HUMID,0,VERY_DRY,0,DARK,19.44,83.85,15.76,9.94,1,MIST_LOW,-127.781,17.74,94.85,16.76,1
0,COOL,3,HUMID,0,VERY_DRY,0,DARK,18.76,84.17,13.48,18.81,1,MIST_LOW,-135.28,17.06,95.17,14.48,2
0,COOL,3,HUMID,0,VERY_DRY,0,DARK,19.77,84.94,18.7,11.72,1,MIST_LOW,-122.331,18.07,95.94,19.7,3
0,COOL,3,HUMID,0,VERY_DRY,0,DARK,20.43,82.82,10.11,18.33,2,MIST_HIGH,-156.151,17.63,100.0,12.11,0
0,COOL,3,HUMID,0,VERY_DRY,0,DARK,19.67,80.44,10.41,15.48,2,MIST_HIGH,-155.449,16.87,98.44,12.41,1
0,COOL,3,HUMID,0,VERY_DRY,0,DARK,19.02,82.02,12.21,9.61,2,MIST_HIGH,-156.263,16.22,100.0,14.21,2
0,COOL,3,HUMID,0,VERY_DRY,0,DARK,20.65,81.14,14.46,16.14,2,MIST_HIGH,-144.956,17.85,99.14,16.46,3
0,COOL,3,HUMID,0,VERY_DRY,0,DARK,20.01,79.78,12.9,13.73,3,PUMP,-16.675,19.21,83.78,30.9,0
0,COOL,3,HUMID,0,VERY_DRY,0,DARK,18.97,78.66,15.71,9.59,3,PUMP,-12.312,18.17,82.66,33.71,1
0,COOL,3,HUMID,0,VERY_DRY,0,DARK,19.72,78.68,15.02,18.29,3,PUMP,-11.414,18.92,82.68,33.02,2
0,COOL,3,HUMID,0,VERY_DRY,0,DARK,18.97,79.08,15.59,14.85,3,PUMP,-13.253,18.17,83.08,33.59,3
0,COOL,3,HUMID,0,VERY_DRY,0,DARK,20.43,79.57,16.16,17.83,4,PUMP_MIST_LOW,-55.11,18.43,91.57,31.16,0
0,COOL,3,HUMID,0,VERY_DRY,0,DARK,19.29,78.57,17.77,12.88,4,PUMP_MIST_LOW,-53.778,17.29,90.57,32.77,1
0,COOL,3,HUMID,0,VERY_DRY,0,DARK,21.19,78.72,16.72,14.08,4,PUMP_MIST_LOW,-50.14,19.19,90.72,31.72,2
0,COOL,3,HUMID,0,VERY_DRY,0,DARK,19.58,80.57,15.94,9.29,4,PUMP_MIST_LOW,-59.893,17.58,92.57,30.94,3
0,COOL,3,HUMID,0,VERY_DRY,0,DARK,19.45,85.9,16.16,20.88,5,PUMP_MIST_HIGH,-78.608,16.45,100.0,34.16,0
0,COOL,3,HUMID,0,VERY_DRY,0,DARK,19.84,79.17,10.45,18.82,5,PUMP_MIST_HIGH,-84.842,16.84,97.17,28.45,1
0,COOL,3,HUMID,0,VERY_DRY,0,DARK,19.16,80.99,17.58,19.23,5,PUMP_MIST_HIGH,-74.963,16.16,98.99,35.58,2
0,COOL,3,HUMID,0,VERY_DRY,0,DARK,18.91,78.44,19.49,20.12,5,PUMP_MIST_HIGH,-67.643,15.91,96.44,37.49,3
0,COOL,3,HUMID,0,VERY_DRY,1,LOW,21.03,84.56,10.14,42.33,0,OFF,-92.305,21.03,85.56,10.14,0
0,COOL,3,HUMID,0,VERY_DRY,1,LOW,18.91,81.6,10.23,36.51,0,OFF,-94.166,18.91,82.6,10.23,1
0,COOL,3,HUMID,0,VERY_DRY,1,LOW,20.11,79.63,15.23,37.1,0,OFF,-76.68,20.11,80.63,15.23,2
0,COOL,3,HUMID,0,VERY_DRY,1,LOW,19.95,83.84,11.41,42.39,0,OFF,-91.927,19.95,84.84,11.41,3
0,COOL,3,HUMID,0,VERY_DRY,1,LOW,18.65,82.66,16.64,34.52,1,MIST_LOW,-123.384,17.45,92.66,17.64,0
0,COOL,3,HUMID,0,VERY_DRY,1,LOW,19.08,80.27,17.89,41.42,1,MIST_LOW,-115.556,17.88,90.27,18.89,1
0,COOL,3,HUMID,0,VERY_DRY,1,LOW,18.75,83.24,10.08,38.66,1,MIST_LOW,-137.75,17.55,93.24,11.08,2
0,COOL,3,HUMID,0,VERY_DRY,1,LOW,19.36,84.82,16.6,44.37,1,MIST_LOW,-124.634,18.16,94.82,17.6,3
0,COOL,3,HUMID,0,VERY_DRY,1,LOW,18.65,84.94,16.49,36.77,2,MIST_HIGH,-136.831,16.35,100.0,18.49,0
0,COOL,3,HUMID,0,VERY_DRY,1,LOW,19.67,85.81,11.0,37.79,2,MIST_HIGH,-145.137,17.37,100.0,13.0,1
0,COOL,3,HUMID,0,VERY_DRY,1,LOW,21.03,82.25,11.86,40.01,2,MIST_HIGH,-137.763,18.73,99.25,13.86,2
0,COOL,3,HUMID,0,VERY_DRY,1,LOW,19.88,85.41,10.21,36.97,2,MIST_HIGH,-146.085,17.58,100.0,12.21,3
0,COOL,3,HUMID,0,VERY_DRY,1,LOW,20.08,80.67,13.93,35.88,3,PUMP,-12.505,19.78,83.67,31.93,0
0,COOL,3,HUMID,0,VERY_DRY,1,LOW,19.57,80.82,16.25,36.83,3,PUMP,-9.507,19.27,83.82,34.25,1
0,COOL,3,HUMID,0,VERY_DRY,1,LOW,21.34,82.01,18.12,41.51,3,PUMP,-1.841,21.04,85.01,36.12,2
0,COOL,3,HUMID,0,VERY_DRY,1,LOW,21.06,85.12,18.15,34.35,3,PUMP,-7.652,20.76,88.12,36.15,3
0,COOL,3,HUMID,0,VERY_DRY,1,LOW,20.15,80.24,11.52,44.77,4,PUMP_MIST_LOW,-63.608,18.65,91.24,26.52,0
0,COOL,3,HUMID,0,VERY_DRY,1,LOW,20.44,78.7,13.82,45.53,4,PUMP_MIST_LOW,-55.391,18.94,89.7,28.82,1
0,COOL,3,HUMID,0,VERY_DRY,1,LOW,20.31,83.0,12.27,36.88,4,PUMP_MIST_LOW,-65.923,18.81,94.0,27.27,2
0,COOL,3,HUMID,0,VERY_DRY,1,LOW,19.03,85.76,19.1,37.95,4,PUMP_MIST_LOW,-60.13,17.53,96.76,34.1,3
0,COOL,3,HUMID,0,VERY_DRY,1,LOW,20.12,79.65,11.39,40.5,5,PUMP_MIST_HIGH,-69.558,17.62,96.65,29.39,0
0,COOL,3,HUMID,0,VERY_DRY,1,LOW,20.84,84.9,13.09,42.46,5,PUMP_MIST_HIGH,-69.022,18.34,100.0,31.09,1
0,COOL,3,HUMID,0,VERY_DRY,1,LOW,20.07,79.08,19.96,45.71,5,PUMP_MIST_HIGH,-50.809,17.57,96.08,37.96,2
0,COOL,3,HUMID,0,VERY_DRY,1,LOW,19.01,85.46,19.17,37.81,5,PUMP_MIST_HIGH,-62.12,16.51,100.0,37.17,3
0,COOL,3,HUMID,0,VERY_DRY,2,MEDIUM,20.16,85.59,11.18,59.81,0,OFF,-93.942,20.66,84.59,9.18,0
0,COOL,3,HUMID,0,VERY_DRY,2,MEDIUM,21.06,83.82,17.65,66.56,0,OFF,-74.631,21.56,82.82,15.65,1
0,COOL,3,HUMID,0,VERY_DRY,2,MEDIUM,19.76,81.29,14.43,67.21,0,OFF,-81.531,20.26,80.29,12.43,2
0,COOL,3,HUMID,0,VERY_DRY,2,MEDIUM,21.1,85.47,12.74,65.35,0,OFF,-87.464,21.6,84.47,10.74,3
0,COOL,3,HUMID,0,VERY_DRY,2,MEDIUM,18.9,79.48,17.62,63.34,1,MIST_LOW,-114.817,18.2,87.48,16.62,0
0,COOL,3,HUMID,0,VERY_DRY,2,MEDIUM,19.35,82.54,12.31,58.79,1,MIST_LOW,-129.438,18.65,90.54,11.31,1
0,COOL,3,HUMID,0,VERY_DRY,2,MEDIUM,20.52,80.87,16.88,61.72,1,MIST_LOW,-113.409,19.82,88.87,15.88,2
0,COOL,3,HUMID,0,VERY_DRY,2,MEDIUM,20.01,82.84,17.12,60.49,1,MIST_LOW,-117.707,19.31,90.84,16.12,3
0,COOL,3,HUMID,0,VERY_DRY,2,MEDIUM,20.99,81.93,11.38,58.32,2,MIST_HIGH,-137.808,19.19,96.93,11.38,0
0,COOL,3,HUMID,0,VERY_DRY,2,MEDIUM,18.69,84.12,10.15,59.24,2,MIST_HIGH,-151.222,16.89,99.12,10.15,1
0,COOL,3,HUMID,0,VERY_DRY,2,MEDIUM,19.76,83.94,19.88,65.09,2,MIST_HIGH,-127.088,17.96,98.94,19.88,2
0,COOL,3,HUMID,0,VERY_DRY,2,MEDIUM,18.79,85.42,19.86,66.41,2,MIST_HIGH,-131.949,16.99,100.0,19.86,3
0,COOL,3,HUMID,0,VERY_DRY,2,MEDIUM,19.97,80.6,14.58,58.96,3,PUMP,-10.8,20.17,81.6,30.58,0
0,COOL,3,HUMID,0,VERY_DRY,2,MEDIUM,19.73,78.33,17.35,60.56,3,PUMP,-2.106,19.93,79.33,33.35,1
0,COOL,3,HUMID,0,VERY_DRY,2,MEDIUM,19.48,82.89,17.42,63.13,3,PUMP,-10.072,19.68,83.89,33.42,2
0,COOL,3,HUMID,0,VERY_DRY,2,MEDIUM,20.07,85.01,17.87,62.25,3,PUMP,-10.619,20.27,86.01,33.87,3
0,COOL,3,HUMID,0,VERY_DRY,2,MEDIUM,19.86,84.62,10.42,67.95,4,PUMP_MIST_LOW,-73.229,18.86,93.62,23.42,0
0,COOL,3,HUMID,0,VERY_DRY,2,MEDIUM,20.05,81.16,17.35,62.69,4,PUMP_MIST_LOW,-52.558,19.05,90.16,30.35,1
0,COOL,3,HUMID,0,VERY_DRY,2,MEDIUM,20.05,83.05,10.49,59.49,4,PUMP_MIST_LOW,-69.993,19.05,92.05,23.49,2
0,COOL,3,HUMID,0,VERY_DRY,2,MEDIUM,19.71,80.44,18.28,61.54,4,PUMP_MIST_LOW,-50.532,18.71,89.44,31.28,3
0,COOL,3,HUMID,0,VERY_DRY,2,MEDIUM,19.78,82.91,10.55,62.2,5,PUMP_MIST_HIGH,-76.997,17.78,97.91,26.55,0
0,COOL,3,HUMID,0,VERY_DRY,2,MEDIUM,19.0,84.64,14.52,64.67,5,PUMP_MIST_HIGH,-73.943,17.0,99.64,30.52,1
0,COOL,3,HUMID,0,VERY_DRY,2,MEDIUM,18.92,84.23,19.38,64.35,5,PUMP_MIST_HIGH,-63.339,16.92,99.23,35.38,2
0,COOL,3,HUMID,0,VERY_DRY,2,MEDIUM,18.98,81.31,14.51,58.15,5,PUMP_MIST_HIGH,-68.693,16.98,96.31,30.51,3
0,COOL,3,HUMID,0,VERY_DRY,3,BRIGHT,20.25,83.7,12.02,87.46,0,OFF,-86.172,21.25,80.7,9.02,0
0,COOL,3,HUMID,0,VERY_DRY,3,BRIGHT,19.3,83.53,19.07,91.56,0,OFF,-74.143,20.3,80.53,16.07,1
0,COOL,3,HUMID,0,VERY_DRY,3,BRIGHT,20.61,78.99,11.14,87.39,0,OFF,-79.327,21.61,75.99,8.14,2
0,COOL,3,HUMID,0,VERY_DRY,3,BRIGHT,19.62,82.19,13.84,91.49,0,OFF,-81.967,20.62,79.19,10.84,3
0,COOL,3,HUMID,0,VERY_DRY,3,BRIGHT,20.03,85.6,13.79,86.57,1,MIST_LOW,-126.34,19.83,91.6,11.79,0
0,COOL,3,HUMID,0,VERY_DRY,3,BRIGHT,20.75,85.3,15.65,89.91,1,MIST_LOW,-119.638,20.55,91.3,13.65,1
0,COOL,3,HUMID,0,VERY_DRY,3,BRIGHT,19.02,84.95,11.79,90.54,1,MIST_LOW,-132.74,18.82,90.95,9.79,2
0,COOL,3,HUMID,0,VERY_DRY,3,BRIGHT,19.77,80.48,17.69,87.36,1,MIST_LOW,-110.781,19.57,86.48,15.69,3
0,COOL,3,HUMID,0,VERY_DRY,3,BRIGHT,20.35,78.94,11.32,84.43,2,MIST_HIGH,-132.469,19.05,91.94,10.32,0
0,COOL,3,HUMID,0,VERY_DRY,3,BRIGHT,20.34,80.02,14.59,92.26,2,MIST_HIGH,-127.37,19.04,93.02,13.59,1
0,COOL,3,HUMID,0,VERY_DRY,3,BRIGHT,20.12,78.05,18.83,84.85,2,MIST_HIGH,-116.007,18.82,91.05,17.83,2
0,COOL,3,HUMID,0,VERY_DRY,3,BRIGHT,20.25,81.81,14.1,82.95,2,MIST_HIGH,-131.54,18.95,94.81,13.1,3
0,COOL,3,HUMID,0,VERY_DRY,3,BRIGHT,20.28,79.96,15.47,89.44,3,PUMP,-4.201,20.98,78.96,30.47,0
0,COOL,3,HUMID,0,VERY_DRY,3,BRIGHT,20.16,84.6,10.49,83.78,3,PUMP,-22.48,20.86,83.6,25.49,1
0,COOL,3,HUMID,0,VERY_DRY,3,BRIGHT,20.43,78.29,18.54,90.0,3,PUMP,5.374,21.13,77.29,33.54,2
0,COOL,3,HUMID,0,VERY_DRY,3,BRIGHT,20.95,80.39,19.2,82.59,3,PUMP,5.077,21.65,79.39,34.2,3
0,COOL,3,HUMID,0,VERY_DRY,3,BRIGHT,19.77,79.43,16.72,89.33,4,PUMP_MIST_LOW,-49.312,19.27,86.43,28.72,0
0,COOL,3,HUMID,0,VERY_DRY,3,BRIGHT,20.54,82.76,17.87,84.13,4,PUMP_MIST_LOW,-49.766,20.04,89.76,29.87,1
0,COOL,3,HUMID,0,VERY_DRY,3,BRIGHT,19.87,82.63,19.31,83.12,4,PUMP_MIST_LOW,-48.65,19.37,89.63,31.31,2
0,COOL,3,HUMID,0,VERY_DRY,3,BRIGHT,19.44,80.95,13.79,82.81,4,PUMP_MIST_LOW,-58.958,18.94,87.95,25.79,3
0,COOL,3,HUMID,0,VERY_DRY,3,BRIGHT,19.8,82.4,12.93,83.61,5,PUMP_MIST_HIGH,-68.448,18.3,95.4,27.93,0
0,COOL,3,HUMID,0,VERY_DRY,3,BRIGHT,20.54,80.2,15.27,88.3,5,PUMP_MIST_HIGH,-57.601,19.04,93.2,30.27,1
0,COOL,3,HUMID,0,VERY_DRY,3,BRIGHT,20.55,82.9,11.09,90.76,5,PUMP_MIST_HIGH,-70.684,19.05,95.9,26.09,2
0,COOL,3,HUMID,0,VERY_DRY,3,BRIGHT,20.36,85.9,14.84,90.26,5,PUMP_MIST_HIGH,-68.223,18.86,98.9,29.84,3
0,COOL,3,HUMID,1,DRY,0,DARK,21.21,85.89,32.87,16.31,0,OFF,-14.306,20.71,87.89,32.87,0
0,COOL,3,HUMID,1,DRY,0,DARK,19.49,82.2,39.95,13.25,0,OFF,0.926,18.99,84.2,39.95,1
0,COOL,3,HUMID,1,DRY,0,DARK,18.96,82.5,35.2,16.58,0,OFF,-11.206,18.46,84.5,35.2,2
0,COOL,3,HUMID,1,DRY,0,DARK,19.98,79.44,36.09,17.5,0,OFF,-1.172,19.48,81.44,36.09,3
0,COOL,3,HUMID,1,DRY,0,DARK,21.34,78.01,30.24,16.51,1,MIST_LOW,-46.962,19.64,89.01,31.24,0
0,COOL,3,HUMID,1,DRY,0,DARK,18.93,84.78,38.0,20.99,1,MIST_LOW,-49.228,17.23,95.78,39.0,1
0,COOL,3,HUMID,1,DRY,0,DARK,19.76,80.67,35.6,16.65,1,MIST_LOW,-45.014,18.06,91.67,36.6,2
0,COOL,3,HUMID,1,DRY,0,DARK,18.63,79.61,32.82,18.48,1,MIST_LOW,-52.78,16.93,90.61,33.82,3
0,COOL,3,HUMID,1,DRY,0,DARK,19.46,82.05,33.24,9.07,2,MIST_HIGH,-75.68,16.66,100.0,35.24,0
0,COOL,3,HUMID,1,DRY,0,DARK,20.52,80.73,37.24,16.39,2,MIST_HIGH,-61.852,17.72,98.73,39.24,1
0,COOL,3,HUMID,1,DRY,0,DARK,18.68,79.41,33.31,13.06,2,MIST_HIGH,-73.886,15.88,97.41,35.31,2
0,COOL,3,HUMID,1,DRY,0,DARK,20.48,85.33,37.97,16.75,2,MIST_HIGH,-62.472,17.68,100.0,39.97,3
0,COOL,3,HUMID,1,DRY,0,DARK,19.95,83.02,38.92,15.44,3,PUMP,42.579,19.15,87.02,56.92,0
0,COOL,3,HUMID,1,DRY,0,DARK,19.54,84.27,34.14,17.91,3,PUMP,29.221,18.74,88.27,52.14,1
0,COOL,3,HUMID,1,DRY,0,DARK,20.94,80.39,37.25,12.79,3,PUMP,46.435,20.14,84.39,55.25,2
0,COOL,3,HUMID,1,DRY,0,DARK,20.1,79.67,36.85,18.59,3,PUMP,44.091,19.3,83.67,54.85,3
0,COOL,3,HUMID,1,DRY,0,DARK,21.09,80.83,39.7,12.37,4,PUMP_MIST_LOW,4.413,19.09,92.83,54.7,0
0,COOL,3,HUMID,1,DRY,0,DARK,18.69,85.87,36.27,19.11,4,PUMP_MIST_LOW,-18.534,16.69,97.87,51.27,1
0,COOL,3,HUMID,1,DRY,0,DARK,20.2,81.12,35.95,19.38,4,PUMP_MIST_LOW,-6.751,18.2,93.12,50.95,2
0,COOL,3,HUMID,1,DRY,0,DARK,20.7,83.64,33.14,9.38,4,PUMP_MIST_LOW,-15.069,18.7,95.64,48.14,3
0,COOL,3,HUMID,1,DRY,0,DARK,19.76,81.98,32.38,14.42,5,PUMP_MIST_HIGH,-33.544,16.76,99.98,50.38,0
0,COOL,3,HUMID,1,DRY,0,DARK,21.26,79.73,33.02,10.35,5,PUMP_MIST_HIGH,-23.779,18.26,97.73,51.02,1
0,COOL,3,HUMID,1,DRY,0,DARK,20.8,84.22,39.13,14.33,5,PUMP_MIST_HIGH,-16.066,17.8,100.0,57.13,2
0,COOL,3,HUMID,1,DRY,0,DARK,18.67,81.86,35.0,11.28,5,PUMP_MIST_HIGH,-31.334,15.67,99.86,53.0,3
0,COOL,3,HUMID,1,DRY,1,LOW,21.19,83.86,35.24,43.31,0,OFF,-2.983,21.19,84.86,35.24,0
0,COOL,3,HUMID,1,DRY,1,LOW,19.0,84.97,38.22,45.26,0,OFF,-5.49,19.0,85.97,38.22,1
0,COOL,3,HUMID,1,DRY,1,LOW,20.49,79.06,37.25,39.51,0,OFF,6.701,20.49,80.06,37.25,2
0,COOL,3,HUMID,1,DRY,1,LOW,20.6,82.18,30.04,45.19,0,OFF,-13.085,20.6,83.18,30.04,3
0,COOL,3,HUMID,1,DRY,1,LOW,20.52,82.75,30.87,39.6,1,MIST_LOW,-52.642,19.32,92.75,31.87,0
0,COOL,3,HUMID,1,DRY,1,LOW,18.73,82.16,36.59,37.75,1,MIST_LOW,-45.431,17.53,92.16,37.59,1
0,COOL,3,HUMID,1,DRY,1,LOW,20.22,80.5,38.92,37.85,1,MIST_LOW,-33.106,19.02,90.5,39.92,2
0,COOL,3,HUMID,1,DRY,1,LOW,19.14,80.21,33.19,39.29,1,MIST_LOW,-48.134,17.94,90.21,34.19,3
0,COOL,3,HUMID,1,DRY,1,LOW,18.93,79.19,32.74,34.18,2,MIST_HIGH,-60.751,16.63,96.19,34.74,0
0,COOL,3,HUMID,1,DRY,1,LOW,20.34,82.11,32.07,38.2,2,MIST_HIGH,-62.3,18.04,99.11,34.07,1
0,COOL,3,HUMID,1,DRY,1,LOW,19.49,79.13,37.04,37.4,2,MIST_HIGH,-49.807,17.19,96.13,39.04,2
0,COOL,3,HUMID,1,DRY,1,LOW,19.29,78.57,36.13,38.06,2,MIST_HIGH,-51.48,16.99,95.57,38.13,3
0,COOL,3,HUMID,1,DRY,1,LOW,19.84,79.04,34.71,42.11,3,PUMP,42.956,19.54,82.04,52.71,0
0,COOL,3,HUMID,1,DRY,1,LOW,18.9,78.43,34.26,36.15,3,PUMP,39.976,18.6,81.43,52.26,1
0,COOL,3,HUMID,1,DRY,1,LOW,20.27,82.74,38.36,42.39,3,PUMP,46.074,19.97,85.74,56.36,2
0,COOL,3,HUMID,1,DRY,1,LOW,20.33,80.5,38.17,42.55,3,PUMP,49.449,20.03,83.5,56.17,3
0,COOL,3,HUMID,1,DRY,1,LOW,20.48,82.27,39.74,43.07,4,PUMP_MIST_LOW,3.45,18.98,93.27,54.74,0
0,COOL,3,HUMID,1,DRY,1,LOW,19.9,79.05,38.13,45.04,4,PUMP_MIST_LOW,3.376,18.4,90.05,53.13,1
0,COOL,3,HUMID,1,DRY,1,LOW,19.91,81.64,36.84,42.52,4,PUMP_MIST_LOW,-3.442,18.41,92.64,51.84,2
0,COOL,3,HUMID,1,DRY,1,LOW,19.9,79.85,32.24,44.33,4,PUMP_MIST_LOW,-10.276,18.4,90.85,47.24,3
0,COOL,3,HUMID,1,DRY,1,LOW,20.33,85.3,33.92,42.4,5,PUMP_MIST_HIGH,-16.919,17.83,100.0,51.92,0
0,COOL,3,HUMID,1,DRY,1,LOW,20.46,84.31,38.82,39.44,5,PUMP_MIST_HIGH,-6.189,17.96,100.0,56.82,1
0,COOL,3,HUMID,1,DRY,1,LOW,18.68,81.8,33.51,39.53,5,PUMP_MIST_HIGH,-21.113,16.18,98.8,51.51,2
0,COOL,3,HUMID,1,DRY,1,LOW,19.08,84.14,36.04,35.53,5,PUMP_MIST_HIGH,-16.456,16.58,100.0,54.04,3
0,COOL,3,HUMID,1,DRY,2,MEDIUM,18.89,84.54,37.97,59.91,0,OFF,-5.09,19.39,83.54,35.97,0
0,COOL,3,HUMID,1,DRY,2,MEDIUM,20.42,84.34,35.33,60.81,0,OFF,-5.416,20.92,83.34,33.33,1
0,COOL,3,HUMID,1,DRY,2,MEDIUM,19.76,82.97,35.48,67.69,0,OFF,-5.016,20.26,81.97,33.48,2
0,COOL,3,HUMID,1,DRY,2,MEDIUM,19.67,80.73,38.14,63.09,0,OFF,3.89,20.17,79.73,36.14,3
0,COOL,3,HUMID,1,DRY,2,MEDIUM,20.8,81.48,37.87,62.53,1,MIST_LOW,-34.431,20.1,89.48,36.87,0
0,COOL,3,HUMID,1,DRY,2,MEDIUM,19.26,83.3,30.78,67.17,1,MIST_LOW,-57.15,18.56,91.3,29.78,1
0,COOL,3,HUMID,1,DRY,2,MEDIUM,20.21,81.89,35.92,61.55,1,MIST_LOW,-41.069,19.51,89.89,34.92,2
0,COOL,3,HUMID,1,DRY,2,MEDIUM,20.15,84.58,31.76,67.47,1,MIST_LOW,-54.269,19.45,92.58,30.76,3
0,COOL,3,HUMID,1,DRY,2,MEDIUM,18.79,78.87,38.14,65.26,2,MIST_HIGH,-48.713,16.99,93.87,38.14,0
0,COOL,3,HUMID,1,DRY,2,MEDIUM,19.66,81.95,36.6,57.09,2,MIST_HIGH,-54.108,17.86,96.95,36.6,1
0,COOL,3,HUMID,1,DRY,2,MEDIUM,20.89,85.1,39.03,63.63,2,MIST_HIGH,-49.951,19.09,100.0,39.03,2
0,COOL,3,HUMID,1,DRY,2,MEDIUM,18.6,79.17,31.49,62.38,2,MIST_HIGH,-63.783,16.8,94.17,31.49,3
0,COOL,3,HUMID,1,DRY,2,MEDIUM,19.69,82.62,31.96,64.18,3,PUMP,31.566,19.89,83.62,47.96,0
0,COOL,3,HUMID,1,DRY,2,MEDIUM,19.49,82.56,39.13,59.65,3,PUMP,46.074,19.69,83.56,55.13,1
0,COOL,3,HUMID,1,DRY,2,MEDIUM,21.24,81.48,39.83,60.13,3,PUMP,54.882,21.44,82.48,55.83,2
0,COOL,3,HUMID,1,DRY,2,MEDIUM,18.85,78.06,39.86,60.85,3,PUMP,52.771,19.05,79.06,55.86,3
0,COOL,3,HUMID,1,DRY,2,MEDIUM,18.96,80.35,33.69,62.59,4,PUMP_MIST_LOW,-10.449,17.96,89.35,46.69,0
0,COOL,3,HUMID,1,DRY,2,MEDIUM,18.75,83.63,38.21,60.31,4,PUMP_MIST_LOW,-6.871,17.75,92.63,51.21,1
0,COOL,3,HUMID,1,DRY,2,MEDIUM,21.01,84.93,32.35,64.43,4,PUMP_MIST_LOW,-14.004,20.01,93.93,45.35,2
0,COOL,3,HUMID,1,DRY,2,MEDIUM,19.7,80.55,33.83,60.58,4,PUMP_MIST_LOW,-8.081,18.7,89.55,46.83,3
0,COOL,3,HUMID,1,DRY,2,MEDIUM,20.13,83.3,34.75,58.26,5,PUMP_MIST_HIGH,-15.703,18.13,98.3,50.75,0
0,COOL,3,HUMID,1,DRY,2,MEDIUM,19.68,85.4,38.4,57.85,5,PUMP_MIST_HIGH,-12.195,17.68,100.0,54.4,1
0,COOL,3,HUMID,1,DRY,2,MEDIUM,21.39,83.36,31.34,56.86,5,PUMP_MIST_HIGH,-18.9,19.39,98.36,47.34,2
0,COOL,3,HUMID,1,DRY,2,MEDIUM,18.64,83.77,34.87,61.24,5,PUMP_MIST_HIGH,-20.952,16.64,98.77,50.87,3
0,COOL,3,HUMID,1,DRY,3,BRIGHT,21.37,78.68,36.42,86.99,0,OFF,11.696,22.37,75.68,33.42,0
0,COOL,3,HUMID,1,DRY,3,BRIGHT,19.88,84.31,36.04,87.11,0,OFF,-2.899,20.88,81.31,33.04,1
0,COOL,3,HUMID,1,DRY,3,BRIGHT,19.1,82.08,35.52,87.4,0,OFF,-2.896,20.1,79.08,32.52,2
0,COOL,3,HUMID,1,DRY,3,BRIGHT,19.59,79.49,36.05,88.94,0,OFF,3.921,20.59,76.49,33.05,3
0,COOL,3,HUMID,1,DRY,3,BRIGHT,20.97,79.89,35.02,86.93,1,MIST_LOW,-34.627,20.77,85.89,33.02,0
0,COOL,3,HUMID,1,DRY,3,BRIGHT,20.13,80.94,39.78,88.82,1,MIST_LOW,-28.981,19.93,86.94,37.78,1
0,COOL,3,HUMID,1,DRY,3,BRIGHT,20.57,78.91,34.82,90.29,1,MIST_LOW,-34.741,20.37,84.91,32.82,2
0,COOL,3,HUMID,1,DRY,3,BRIGHT,19.0,83.85,39.84,93.8,1,MIST_LOW,-37.152,18.8,89.85,37.84,3
0,COOL,3,HUMID,1,DRY,3,BRIGHT,20.78,81.72,30.78,92.68,2,MIST_HIGH,-59.67,19.48,94.72,29.78,0
0,COOL,3,HUMID,1,DRY,3,BRIGHT,18.85,81.78,37.42,93.52,2,MIST_HIGH,-52.019,17.55,94.78,36.42,1
0,COOL,3,HUMID,1,DRY,3,BRIGHT,18.82,83.07,37.98,85.75,2,MIST_HIGH,-52.992,17.52,96.07,36.98,2
0,COOL,3,HUMID,1,DRY,3,BRIGHT,18.75,80.75,37.79,87.63,2,MIST_HIGH,-49.915,17.45,93.75,36.79,3
0,COOL,3,HUMID,1,DRY,3,BRIGHT,20.04,81.75,37.34,87.05,3,PUMP,48.057,20.74,80.75,52.34,0
0,COOL,3,HUMID,1,DRY,3,BRIGHT,21.29,84.39,32.89,82.42,3,PUMP,38.523,21.99,83.39,47.89,1
0,COOL,3,HUMID,1,DRY,3,BRIGHT,21.18,84.0,37.27,88.76,3,PUMP,48.003,21.88,83.0,52.27,2
0,COOL,3,HUMID,1,DRY,3,BRIGHT,18.77,81.79,31.69,82.62,3,PUMP,32.105,19.47,80.79,46.69,3
0,COOL,3,HUMID,1,DRY,3,BRIGHT,21.37,84.47,36.24,85.44,4,PUMP_MIST_LOW,-1.25,20.87,91.47,48.24,0
0,COOL,3,HUMID,1,DRY,3,BRIGHT,18.83,82.04,38.51,85.33,4,PUMP_MIST_LOW,-0.732,18.33,89.04,50.51,1
0,COOL,3,HUMID,1,DRY,3,BRIGHT,18.97,80.25,38.58,82.17,4,PUMP_MIST_LOW,2.726,18.47,87.25,50.58,2
0,COOL,3,HUMID,1,DRY,3,BRIGHT,18.91,79.4,35.92,83.81,4,PUMP_MIST_LOW,-1.688,18.41,86.4,47.92,3
0,COOL,3,HUMID,1,DRY,3,BRIGHT,19.85,84.46,32.61,90.41,5,PUMP_MIST_HIGH,-20.232,18.35,97.46,47.61,0
0,COOL,3,HUMID,1,DRY,3,BRIGHT,19.96,84.39,38.62,86.11,5,PUMP_MIST_HIGH,-7.165,18.46,97.39,53.62,1
0,COOL,3,HUMID,1,DRY,3,BRIGHT,18.84,79.16,39.34,83.85,5,PUMP_MIST_HIGH,-0.868,17.34,92.16,54.34,2
0,COOL,3,HUMID,1,DRY,3,BRIGHT,19.99,85.95,37.7,84.86,5,PUMP_MIST_HIGH,-11.476,18.49,98.95,52.7,3
0,COOL,3,HUMID,2,OPTIMAL,0,DARK,19.83,83.1,55.11,17.81,0,OFF,42.431,19.33,85.1,55.11,0
0,COOL,3,HUMID,2,OPTIMAL,0,DARK,19.57,83.14,60.55,10.39,0,OFF,42.226,19.07,85.14,60.55,1
0,COOL,3,HUMID,2,OPTIMAL,0,DARK,19.07,81.19,56.01,17.95,0,OFF,44.946,18.57,83.19,56.01,2
0,COOL,3,HUMID,2,OPTIMAL,0,DARK,20.71,82.26,56.8,17.47,0,OFF,50.121,20.21,84.26,56.8,3
0,COOL,3,HUMID,2,OPTIMAL,0,DARK,19.93,79.16,61.7,9.14,1,MIST_LOW,2.999,18.23,90.16,62.7,0
0,COOL,3,HUMID,2,OPTIMAL,0,DARK,21.2,81.59,59.78,20.54,1,MIST_LOW,7.195,19.5,92.59,60.78,1
0,COOL,3,HUMID,2,OPTIMAL,0,DARK,20.51,78.33,62.18,16.65,1,MIST_LOW,5.202,18.81,89.33,63.18,2
0,COOL,3,HUMID,2,OPTIMAL,0,DARK,21.28,81.45,62.18,19.3,1,MIST_LOW,2.642,19.58,92.45,63.18,3
0,COOL,3,HUMID,2,OPTIMAL,0,DARK,19.54,80.14,53.98,16.85,2,MIST_HIGH,-18.894,16.74,98.14,55.98,0
0,COOL,3,HUMID,2,OPTIMAL,0,DARK,19.7,84.19,60.49,17.81,2,MIST_HIGH,-26.566,16.9,100.0,62.49,1
0,COOL,3,HUMID,2,OPTIMAL,0,DARK,20.25,79.56,56.37,17.28,2,MIST_HIGH,-12.246,17.45,97.56,58.37,2
0,COOL,3,HUMID,2,OPTIMAL,0,DARK,19.1,82.38,59.73,18.98,2,MIST_HIGH,-26.857,16.3,100.0,61.73,3
0,COOL,3,HUMID,2,OPTIMAL,0,DARK,18.63,78.78,54.04,14.35,3,PUMP,7.935,17.83,82.78,72.04,0
0,COOL,3,HUMID,2,OPTIMAL,0,DARK,19.21,80.27,54.93,9.28,3,PUMP,5.545,18.41,84.27,72.93,1
0,COOL,3,HUMID,2,OPTIMAL,0,DARK,18.86,85.51,59.57,19.03,3,PUMP,-13.718,18.06,89.51,77.57,2
0,COOL,3,HUMID,2,OPTIMAL,0,DARK,21.26,83.1,60.08,10.44,3,PUMP,-3.261,20.46,87.1,78.08,3
0,COOL,3,HUMID,2,OPTIMAL,0,DARK,21.0,79.04,59.56,19.8,4,PUMP_MIST_LOW,-30.853,19.0,91.04,74.56,0
0,COOL,3,HUMID,2,OPTIMAL,0,DARK,20.18,85.74,61.96,17.35,4,PUMP_MIST_LOW,-49.204,18.18,97.74,76.96,1
0,COOL,3,HUMID,2,OPTIMAL,0,DARK,19.31,81.74,62.36,16.67,4,PUMP_MIST_LOW,-46.447,17.31,93.74,77.36,2
0,COOL,3,HUMID,2,OPTIMAL,0,DARK,21.18,80.21,57.27,19.84,4,PUMP_MIST_LOW,-27.317,19.18,92.21,72.27,3
0,COOL,3,HUMID,2,OPTIMAL,0,DARK,20.76,80.59,54.62,9.89,5,PUMP_MIST_HIGH,-52.823,17.76,98.59,72.62,0
0,COOL,3,HUMID,2,OPTIMAL,0,DARK,20.78,81.06,56.33,9.72,5,PUMP_MIST_HIGH,-57.103,17.78,99.06,74.33,1
0,COOL,3,HUMID,2,OPTIMAL,0,DARK,21.28,80.12,57.41,14.9,5,PUMP_MIST_HIGH,-56.258,18.28,98.12,75.41,2
0,COOL,3,HUMID,2,OPTIMAL,0,DARK,21.2,82.88,54.78,14.9,5,PUMP_MIST_HIGH,-54.007,18.2,100.0,72.78,3
0,COOL,3,HUMID,2,OPTIMAL,1,LOW,19.0,84.15,55.18,41.72,0,OFF,41.456,19.0,85.15,55.18,0
0,COOL,3,HUMID,2,OPTIMAL,1,LOW,21.16,83.72,54.03,34.88,0,OFF,46.609,21.16,84.72,54.03,1
0,COOL,3,HUMID,2,OPTIMAL,1,LOW,20.2,80.0,57.46,44.76,0,OFF,56.695,20.2,81.0,57.46,2
0,COOL,3,HUMID,2,OPTIMAL,1,LOW,19.02,83.12,62.33,41.98,0,OFF,39.967,19.02,84.12,62.33,3
0,COOL,3,HUMID,2,OPTIMAL,1,LOW,19.35,83.6,62.05,40.9,1,MIST_LOW,-3.49,18.15,93.6,63.05,0
0,COOL,3,HUMID,2,OPTIMAL,1,LOW,20.04,85.52,57.91,39.23,1,MIST_LOW,4.363,18.84,95.52,58.91,1
0,COOL,3,HUMID,2,OPTIMAL,1,LOW,20.96,84.25,60.85,40.48,1,MIST_LOW,3.154,19.76,94.25,61.85,2
0,COOL,3,HUMID,2,OPTIMAL,1,LOW,18.61,85.63,61.18,39.78,1,MIST_LOW,-7.281,17.41,95.63,62.18,3
0,COOL,3,HUMID,2,OPTIMAL,1,LOW,20.19,85.48,56.59,42.18,2,MIST_HIGH,-5.195,17.89,100.0,58.59,0
0,COOL,3,HUMID,2,OPTIMAL,1,LOW,19.72,83.06,62.59,35.09,2,MIST_HIGH,-19.286,17.42,100.0,64.59,1
0,COOL,3,HUMID,2,OPTIMAL,1,LOW,20.1,85.69,53.8,39.52,2,MIST_HIGH,-8.86,17.8,100.0,55.8,2
0,COOL,3,HUMID,2,OPTIMAL,1,LOW,20.75,83.18,54.77,34.47,2,MIST_HIGH,-4.763,18.45,100.0,56.77,3
0,COOL,3,HUMID,2,OPTIMAL,1,LOW,19.68,79.53,59.96,44.76,3,PUMP,0.844,19.38,82.53,77.96,0
0,COOL,3,HUMID,2,OPTIMAL,1,LOW,20.37,80.87,53.85,41.59,3,PUMP,13.73,20.07,83.87,71.85,1
0,COOL,3,HUMID,2,OPTIMAL,1,LOW,20.66,79.12,54.93,42.64,3,PUMP,15.202,20.36,82.12,72.93,2
0,COOL,3,HUMID,2,OPTIMAL,1,LOW,20.26,81.91,53.63,40.49,3,PUMP,12.188,19.96,84.91,71.63,3
0,COOL,3,HUMID,2,OPTIMAL,1,LOW,19.46,82.27,61.34,39.39,4,PUMP_MIST_LOW,-41.476,17.96,93.27,76.34,0
0,COOL,3,HUMID,2,OPTIMAL,1,LOW,21.39,78.3,53.56,43.45,4,PUMP_MIST_LOW,-2.609,19.89,89.3,68.56,1
0,COOL,3,HUMID,2,OPTIMAL,1,LOW,18.72,78.95,61.07,42.01,4,PUMP_MIST_LOW,-37.958,17.22,89.95,76.07,2
0,COOL,3,HUMID,2,OPTIMAL,1,LOW,19.88,83.42,61.74,35.79,4,PUMP_MIST_LOW,-42.812,18.38,94.42,76.74,3
0,COOL,3,HUMID,2,OPTIMAL,1,LOW,20.22,85.4,53.37,35.7,5,PUMP_MIST_HIGH,-42.563,17.72,100.0,71.37,0
0,COOL,3,HUMID,2,OPTIMAL,1,LOW,20.43,81.77,62.18,34.55,5,PUMP_MIST_HIGH,-58.432,17.93,98.77,80.18,1
0,COOL,3,HUMID,2,OPTIMAL,1,LOW,20.56,79.04,54.72,34.6,5,PUMP_MIST_HIGH,-37.984,18.06,96.04,72.72,2
0,COOL,3,HUMID,2,OPTIMAL,1,LOW,19.46,84.35,57.56,36.05,5,PUMP_MIST_HIGH,-53.806,16.96,100.0,75.56,3
0,COOL,3,HUMID,2,OPTIMAL,2,MEDIUM,20.25,84.54,54.06,61.97,0,OFF,43.081,20.75,83.54,52.06,0
0,COOL,3,HUMID,2,OPTIMAL,2,MEDIUM,20.84,79.76,61.04,61.11,0,OFF,62.864,21.34,78.76,59.04,1
0,COOL,3,HUMID,2,OPTIMAL,2,MEDIUM,20.87,85.86,59.78,59.89,0,OFF,54.966,21.37,84.86,57.78,2
0,COOL,3,HUMID,2,OPTIMAL,2,MEDIUM,21.33,82.61,54.37,66.04,0,OFF,50.275,21.83,81.61,52.37,3
0,COOL,3,HUMID,2,OPTIMAL,2,MEDIUM,20.82,84.11,58.93,60.03,1,MIST_LOW,15.659,20.12,92.11,57.93,0
0,COOL,3,HUMID,2,OPTIMAL,2,MEDIUM,18.94,79.13,57.15,64.36,1,MIST_LOW,13.872,18.24,87.13,56.15,1
0,COOL,3,HUMID,2,OPTIMAL,2,MEDIUM,20.15,81.51,62.26,56.49,1,MIST_LOW,10.984,19.45,89.51,61.26,2
0,COOL,3,HUMID,2,OPTIMAL,2,MEDIUM,18.88,84.78,59.12,65.33,1,MIST_LOW,8.268,18.18,92.78,58.12,3
0,COOL,3,HUMID,2,OPTIMAL,2,MEDIUM,18.64,81.9,53.06,58.15,2,MIST_HIGH,-12.7,16.84,96.9,53.06,0
0,COOL,3,HUMID,2,OPTIMAL,2,MEDIUM,18.85,83.21,61.87,60.99,2,MIST_HIGH,-11.909,17.05,98.21,61.87,1
0,COOL,3,HUMID,2,OPTIMAL,2,MEDIUM,20.86,84.18,59.92,58.47,2,MIST_HIGH,-2.934,19.06,99.18,59.92,2
0,COOL,3,HUMID,2,OPTIMAL,2,MEDIUM,20.39,82.18,57.12,67.26,2,MIST_HIGH,0.95,18.59,97.18,57.12,3
0,COOL,3,HUMID,2,OPTIMAL,2,MEDIUM,20.31,78.3,54.8,62.0,3,PUMP,24.669,20.51,79.3,70.8,0
0,COOL,3,HUMID,2,OPTIMAL,2,MEDIUM,21.26,83.02,60.83,60.17,3,PUMP,7.512,21.46,84.02,76.83,1
0,COOL,3,HUMID,2,OPTIMAL,2,MEDIUM,18.61,79.89,54.18,62.36,3,PUMP,18.017,18.81,80.89,70.18,2
0,COOL,3,HUMID,2,OPTIMAL,2,MEDIUM,18.87,80.9,60.61,62.48,3,PUMP,3.701,19.07,81.9,76.61,3
0,COOL,3,HUMID,2,OPTIMAL,2,MEDIUM,19.21,84.16,59.59,59.32,4,PUMP_MIST_LOW,-32.621,18.21,93.16,72.59,0
0,COOL,3,HUMID,2,OPTIMAL,2,MEDIUM,19.14,84.37,59.85,67.62,4,PUMP_MIST_LOW,-33.731,18.14,93.37,72.85,1
0,COOL,3,HUMID,2,OPTIMAL,2,MEDIUM,19.93,79.41,59.7,56.52,4,PUMP_MIST_LOW,-22.959,18.93,88.41,72.7,2
0,COOL,3,HUMID,2,OPTIMAL,2,MEDIUM,20.41,80.28,57.35,60.01,4,PUMP_MIST_LOW,-17.879,19.41,89.28,70.35,3
0,COOL,3,HUMID,2,OPTIMAL,2,MEDIUM,20.85,84.07,53.43,64.89,5,PUMP_MIST_HIGH,-23.383,18.85,99.07,69.43,0
0,COOL,3,HUMID,2,OPTIMAL,2,MEDIUM,21.19,79.41,60.85,61.82,5,PUMP_MIST_HIGH,-40.44,19.19,94.41,76.85,1
0,COOL,3,HUMID,2,OPTIMAL,2,MEDIUM,18.92,85.16,60.21,63.11,5,PUMP_MIST_HIGH,-55.29,16.92,100.0,76.21,2
0,COOL,3,HUMID,2,OPTIMAL,2,MEDIUM,19.51,79.59,59.77,59.91,5,PUMP_MIST_HIGH,-43.817,17.51,94.59,75.77,3
0,COOL,3,HUMID,2,OPTIMAL,3,BRIGHT,20.78,80.61,53.98,90.85,0,OFF,53.584,21.78,77.61,50.98,0
0,COOL,3,HUMID,2,OPTIMAL,3,BRIGHT,21.04,81.0,55.21,87.65,0,OFF,56.341,22.04,78.0,52.21,1
0,COOL,3,HUMID,2,OPTIMAL,3,BRIGHT,19.96,85.12,54.45,93.13,0,OFF,44.706,20.96,82.12,51.45,2
0,COOL,3,HUMID,2,OPTIMAL,3,BRIGHT,19.87,81.1,54.36,90.64,0,OFF,50.703,20.87,78.1,51.36,3
0,COOL,3,HUMID,2,OPTIMAL,3,BRIGHT,20.37,85.8,55.02,83.53,1,MIST_LOW,6.002,20.17,91.8,53.02,0
0,COOL,3,HUMID,2,OPTIMAL,3,BRIGHT,20.54,78.48,54.37,92.22,1,MIST_LOW,16.885,20.34,84.48,52.37,1
0,COOL,3,HUMID,2,OPTIMAL,3,BRIGHT,19.88,79.37,56.44,92.64,1,MIST_LOW,17.713,19.68,85.37,54.44,2
0,COOL,3,HUMID,2,OPTIMAL,3,BRIGHT,20.29,84.32,59.38,89.34,1,MIST_LOW,17.28,20.09,90.32,57.38,3
0,COOL,3,HUMID,2,OPTIMAL,3,BRIGHT,19.08,85.76,61.55,83.04,2,MIST_HIGH,-7.69,17.78,98.76,60.55,0
0,COOL,3,HUMID,2,OPTIMAL,3,BRIGHT,21.0,81.91,62.96,89.1,2,MIST_HIGH,1.668,19.7,94.91,61.96,1
0,COOL,3,HUMID,2,OPTIMAL,3,BRIGHT,20.94,80.23,60.3,90.83,2,MIST_HIGH,9.756,19.64,93.23,59.3,2
0,COOL,3,HUMID,2,OPTIMAL,3,BRIGHT,19.29,80.62,58.79,92.7,2,MIST_HIGH,6.149,17.99,93.62,57.79,3
0,COOL,3,HUMID,2,OPTIMAL,3,BRIGHT,20.26,79.19,58.74,82.06,3,PUMP,21.708,20.96,78.19,73.74,0
0,COOL,3,HUMID,2,OPTIMAL,3,BRIGHT,21.34,78.32,57.71,91.22,3,PUMP,28.746,22.04,77.32,72.71,1
0,COOL,3,HUMID,2,OPTIMAL,3,BRIGHT,18.69,82.25,57.79,91.58,3,PUMP,13.798,19.39,81.25,72.79,2
0,COOL,3,HUMID,2,OPTIMAL,3,BRIGHT,20.9,81.62,55.41,88.7,3,PUMP,26.877,21.6,80.62,70.41,3
0,COOL,3,HUMID,2,OPTIMAL,3,BRIGHT,18.63,83.85,62.5,83.59,4,PUMP_MIST_LOW,-33.184,18.13,90.85,74.5,0
0,COOL,3,HUMID,2,OPTIMAL,3,BRIGHT,19.43,83.18,53.91,87.76,4,PUMP_MIST_LOW,-1.525,18.93,90.18,65.91,1
0,COOL,3,HUMID,2,OPTIMAL,3,BRIGHT,19.45,83.63,61.58,90.97,4,PUMP_MIST_LOW,-28.267,18.95,90.63,73.58,2
0,COOL,3,HUMID,2,OPTIMAL,3,BRIGHT,18.67,81.64,60.72,92.49,4,PUMP_MIST_LOW,-25.792,18.17,88.64,72.72,3
0,COOL,3,HUMID,2,OPTIMAL,3,BRIGHT,19.74,84.32,56.7,87.57,5,PUMP_MIST_HIGH,-37.337,18.24,97.32,71.7,0
0,COOL,3,HUMID,2,OPTIMAL,3,BRIGHT,20.37,84.88,53.71,92.72,5,PUMP_MIST_HIGH,-19.902,18.87,97.88,68.71,1
0,COOL,3,HUMID,2,OPTIMAL,3,BRIGHT,19.53,78.26,57.26,85.24,5,PUMP_MIST_HIGH,-29.46,18.03,91.26,72.26,2
0,COOL,3,HUMID,2,OPTIMAL,3,BRIGHT,21.25,82.34,60.94,91.45,5,PUMP_MIST_HIGH,-38.23,19.75,95.34,75.94,3
0,COOL,3,HUMID,3,WET,0,DARK,18.83,85.05,84.36,9.66,0,OFF,-23.18,18.33,87.05,84.36,0
0,COOL,3,HUMID,3,WET,0,DARK,21.25,83.4,85.88,10.33,0,OFF,-15.993,20.75,85.4,85.88,1
0,COOL,3,HUMID,3,WET,0,DARK,19.62,82.95,80.66,11.1,0,OFF,-9.506,19.12,84.95,80.66,2
0,COOL,3,HUMID,3,WET,0,DARK,20.16,78.54,84.09,11.46,0,OFF,-7.927,19.66,80.54,84.09,3
0,COOL,3,HUMID,3,WET,0,DARK,21.35,79.91,78.14,14.74,1,MIST_LOW,-38.167,19.65,90.91,79.14,0
0,COOL,3,HUMID,3,WET,0,DARK,21.23,82.64,86.59,11.52,1,MIST_LOW,-60.672,19.53,93.64,87.59,1
0,COOL,3,HUMID,3,WET,0,DARK,20.69,79.8,80.53,12.21,1,MIST_LOW,-45.137,18.99,90.8,81.53,2
0,COOL,3,HUMID,3,WET,0,DARK,20.5,80.22,77.63,13.14,1,MIST_LOW,-40.303,18.8,91.22,78.63,3
0,COOL,3,HUMID,3,WET,0,DARK,19.96,82.21,78.23,17.52,2,MIST_HIGH,-72.96,17.16,100.0,80.23,0
0,COOL,3,HUMID,3,WET,0,DARK,20.5,82.26,79.92,16.45,2,MIST_HIGH,-74.8,17.7,100.0,81.92,1
0,COOL,3,HUMID,3,WET,0,DARK,20.84,85.56,85.09,20.29,2,MIST_HIGH,-84.558,18.04,100.0,87.09,2
0,COOL,3,HUMID,3,WET,0,DARK,18.78,85.14,81.58,9.96,2,MIST_HIGH,-83.767,15.98,100.0,83.58,3
0,COOL,3,HUMID,3,WET,0,DARK,21.11,80.31,86.57,10.31,3,PUMP,-73.286,20.31,84.31,100.0,0
0,COOL,3,HUMID,3,WET,0,DARK,19.37,83.58,81.96,19.5,3,PUMP,-84.013,18.57,87.58,99.96,1
0,COOL,3,HUMID,3,WET,0,DARK,20.06,83.02,79.93,20.63,3,PUMP,-76.66,19.26,87.02,97.93,2
0,COOL,3,HUMID,3,WET,0,DARK,20.12,79.06,80.47,14.33,3,PUMP,-71.259,19.32,83.06,98.47,3
0,COOL,3,HUMID,3,WET,0,DARK,20.41,80.33,77.63,19.46,4,PUMP_MIST_LOW,-100.757,18.41,92.33,92.63,0
0,COOL,3,HUMID,3,WET,0,DARK,19.25,85.58,83.45,13.94,4,PUMP_MIST_LOW,-125.064,17.25,97.58,98.45,1
0,COOL,3,HUMID,3,WET,0,DARK,19.56,83.17,80.26,16.12,4,PUMP_MIST_LOW,-113.53,17.56,95.17,95.26,2
0,COOL,3,HUMID,3,WET,0,DARK,20.55,84.74,81.45,12.65,4,PUMP_MIST_LOW,-115.363,18.55,96.74,96.45,3
0,COOL,3,HUMID,3,WET,0,DARK,18.97,84.31,78.72,12.12,5,PUMP_MIST_HIGH,-139.404,15.97,100.0,96.72,0
0,COOL,3,HUMID,3,WET,0,DARK,19.96,85.77,84.7,9.57,5,PUMP_MIST_HIGH,-143.141,16.96,100.0,100.0,1
0,COOL,3,HUMID,3,WET,0,DARK,19.59,81.65,78.66,20.09,5,PUMP_MIST_HIGH,-136.746,16.59,99.65,96.66,2
0,COOL,3,HUMID,3,WET,0,DARK,20.59,80.28,86.73,19.07,5,PUMP_MIST_HIGH,-138.353,17.59,98.28,100.0,3
0,COOL,3,HUMID,3,WET,1,LOW,20.54,83.33,78.53,36.85,0,OFF,0.475,20.54,84.33,78.53,0
0,COOL,3,HUMID,3,WET,1,LOW,18.72,80.53,78.26,37.12,0,OFF,-0.32,18.72,81.53,78.26,1
0,COOL,3,HUMID,3,WET,1,LOW,19.12,82.5,77.35,37.8,0,OFF,-0.255,19.12,83.5,77.35,2
0,COOL,3,HUMID,3,WET,1,LOW,19.56,80.98,82.4,35.95,0,OFF,-7.01,19.56,81.98,82.4,3
0,COOL,3,HUMID,3,WET,1,LOW,19.44,85.36,81.05,39.99,1,MIST_LOW,-55.895,18.24,95.36,82.05,0
0,COOL,3,HUMID,3,WET,1,LOW,19.01,81.66,80.2,34.05,1,MIST_LOW,-49.605,17.81,91.66,81.2,1
0,COOL,3,HUMID,3,WET,1,LOW,20.67,85.8,80.31,42.47,1,MIST_LOW,-51.148,19.47,95.8,81.31,2
0,COOL,3,HUMID,3,WET,1,LOW,19.93,80.32,86.44,45.77,1,MIST_LOW,-57.608,18.73,90.32,87.44,3
0,COOL,3,HUMID,3,WET,1,LOW,20.21,79.18,82.65,44.88,2,MIST_HIGH,-63.752,17.91,96.18,84.65,0
0,COOL,3,HUMID,3,WET,1,LOW,19.84,83.51,84.32,44.8,2,MIST_HIGH,-74.543,17.54,100.0,86.32,1
0,COOL,3,HUMID,3,WET,1,LOW,18.99,82.41,80.08,38.82,2,MIST_HIGH,-67.413,16.69,99.41,82.08,2
0,COOL,3,HUMID,3,WET,1,LOW,20.95,81.57,77.92,34.66,2,MIST_HIGH,-55.256,18.65,98.57,79.92,3
0,COOL,3,HUMID,3,WET,1,LOW,20.4,82.67,79.22,45.23,3,PUMP,-70.327,20.1,85.67,97.22,0
0,COOL,3,HUMID,3,WET,1,LOW,19.38,78.18,82.38,39.35,3,PUMP,-72.238,19.08,81.18,100.0,1
0,COOL,3,HUMID,3,WET,1,LOW,20.48,78.7,82.12,36.33,3,PUMP,-69.541,20.18,81.7,100.0,2
0,COOL,3,HUMID,3,WET,1,LOW,19.49,82.84,86.43,44.9,3,PUMP,-79.338,19.19,85.84,100.0,3
0,COOL,3,HUMID,3,WET,1,LOW,19.61,79.18,85.54,38.44,4,PUMP_MIST_LOW,-113.739,18.11,90.18,100.0,0
0,COOL,3,HUMID,3,WET,1,LOW,19.64,80.28,80.51,45.73,4,PUMP_MIST_LOW,-105.961,18.14,91.28,95.51,1
0,COOL,3,HUMID,3,WET,1,LOW,21.05,78.7,84.28,39.33,4,PUMP_MIST_LOW,-106.852,19.55,89.7,99.28,2
0,COOL,3,HUMID,3,WET,1,LOW,21.38,84.43,79.89,43.67,4,PUMP_MIST_LOW,-105.735,19.88,95.43,94.89,3
0,COOL,3,HUMID,3,WET,1,LOW,21.32,81.39,85.96,35.67,5,PUMP_MIST_HIGH,-124.611,18.82,98.39,100.0,0
0,COOL,3,HUMID,3,WET,1,LOW,20.24,78.69,79.08,39.7,5,PUMP_MIST_HIGH,-117.584,17.74,95.69,97.08,1
0,COOL,3,HUMID,3,WET,1,LOW,21.03,85.89,77.66,45.52,5,PUMP_MIST_HIGH,-118.995,18.53,100.0,95.66,2
0,COOL,3,HUMID,3,WET,1,LOW,20.72,78.71,81.09,44.97,5,PUMP_MIST_HIGH,-120.336,18.22,95.71,99.09,3
0,COOL,3,HUMID,3,WET,2,MEDIUM,19.76,82.45,84.1,65.06,0,OFF,-3.296,20.26,81.45,82.1,0
0,COOL,3,HUMID,3,WET,2,MEDIUM,18.98,79.49,80.82,62.65,0,OFF,5.849,19.48,78.49,78.82,1
0,COOL,3,HUMID,3,WET,2,MEDIUM,18.72,84.61,85.35,59.65,0,OFF,-12.704,19.22,83.61,83.35,2
0,COOL,3,HUMID,3,WET,2,MEDIUM,20.17,81.71,77.27,56.03,0,OFF,13.535,20.67,80.71,75.27,3
0,COOL,3,HUMID,3,WET,2,MEDIUM,19.34,85.65,85.34,61.67,1,MIST_LOW,-56.723,18.64,93.65,84.34,0
0,COOL,3,HUMID,3,WET,2,MEDIUM,20.43,85.14,81.17,61.9,1,MIST_LOW,-43.649,19.73,93.14,80.17,1
0,COOL,3,HUMID,3,WET,2,MEDIUM,20.53,79.96,78.19,59.33,1,MIST_LOW,-28.796,19.83,87.96,77.19,2
0,COOL,3,HUMID,3,WET,2,MEDIUM,21.38,78.53,84.46,62.97,1,MIST_LOW,-36.922,20.68,86.53,83.46,3
0,COOL,3,HUMID,3,WET,2,MEDIUM,20.18,84.95,83.28,61.71,2,MIST_HIGH,-65.375,18.38,99.95,83.28,0
0,COOL,3,HUMID,3,WET,2,MEDIUM,20.54,78.96,82.13,62.9,2,MIST_HIGH,-52.213,18.74,93.96,82.13,1
0,COOL,3,HUMID,3,WET,2,MEDIUM,20.97,79.3,77.59,59.84,2,MIST_HIGH,-41.879,19.17,94.3,77.59,2
0,COOL,3,HUMID,3,WET,2,MEDIUM,21.06,79.08,78.63,59.27,2,MIST_HIGH,-43.434,19.26,94.08,78.63,3
0,COOL,3,HUMID,3,WET,2,MEDIUM,19.77,85.3,80.56,59.48,3,PUMP,-70.332,19.97,86.3,96.56,0
0,COOL,3,HUMID,3,WET,2,MEDIUM,20.08,85.49,82.14,65.2,3,PUMP,-72.971,20.28,86.49,98.14,1
0,COOL,3,HUMID,3,WET,2,MEDIUM,19.11,78.76,84.53,62.52,3,PUMP,-69.208,19.31,79.76,100.0,2
0,COOL,3,HUMID,3,WET,2,MEDIUM,21.04,84.61,83.85,59.61,3,PUMP,-72.091,21.24,85.61,99.85,3
0,COOL,3,HUMID,3,WET,2,MEDIUM,20.52,83.51,77.96,62.96,4,PUMP_MIST_LOW,-93.962,19.52,92.51,90.96,0
0,COOL,3,HUMID,3,WET,2,MEDIUM,20.91,78.1,82.18,60.48,4,PUMP_MIST_LOW,-92.95,19.91,87.1,95.18,1
0,COOL,3,HUMID,3,WET,2,MEDIUM,19.96,80.72,86.11,57.23,4,PUMP_MIST_LOW,-108.418,18.96,89.72,99.11,2
0,COOL,3,HUMID,3,WET,2,MEDIUM,19.03,79.77,78.88,66.76,4,PUMP_MIST_LOW,-94.682,18.03,88.77,91.88,3
0,COOL,3,HUMID,3,WET,2,MEDIUM,20.32,84.65,82.26,62.39,5,PUMP_MIST_HIGH,-124.565,18.32,99.65,98.26,0
0,COOL,3,HUMID,3,WET,2,MEDIUM,20.14,84.05,78.14,61.53,5,PUMP_MIST_HIGH,-115.516,18.14,99.05,94.14,1
0,COOL,3,HUMID,3,WET,2,MEDIUM,18.81,84.55,86.23,61.75,5,PUMP_MIST_HIGH,-132.877,16.81,99.55,100.0,2
0,COOL,3,HUMID,3,WET,2,MEDIUM,19.47,80.9,85.17,66.68,5,PUMP_MIST_HIGH,-124.929,17.47,95.9,100.0,3
0,COOL,3,HUMID,3,WET,3,BRIGHT,20.27,84.11,80.42,90.52,0,OFF,10.318,21.27,81.11,77.42,0
0,COOL,3,HUMID,3,WET,3,BRIGHT,18.68,84.52,79.22,92.28,0,OFF,7.082,19.68,81.52,76.22,1
0,COOL,3,HUMID,3,WET,3,BRIGHT,19.0,79.81,78.25,83.56,0,OFF,17.663,20.0,76.81,75.25,2
0,COOL,3,HUMID,3,WET,3,BRIGHT,18.82,83.53,84.84,82.93,0,OFF,-2.683,19.82,80.53,81.84,3
0,COOL,3,HUMID,3,WET,3,BRIGHT,20.77,84.06,77.43,83.29,1,MIST_LOW,-26.065,20.57,90.06,75.43,0
0,COOL,3,HUMID,3,WET,3,BRIGHT,20.82,82.11,77.59,83.43,1,MIST_LOW,-23.131,20.62,88.11,75.59,1
0,COOL,3,HUMID,3,WET,3,BRIGHT,19.31,78.53,83.68,91.05,1,MIST_LOW,-35.02,19.11,84.53,81.68,2
0,COOL,3,HUMID,3,WET,3,BRIGHT,20.79,85.36,79.05,92.81,1,MIST_LOW,-31.501,20.59,91.36,77.05,3
0,COOL,3,HUMID,3,WET,3,BRIGHT,19.12,80.81,77.91,92.15,2,MIST_HIGH,-43.99,17.82,93.81,76.91,0
0,COOL,3,HUMID,3,WET,3,BRIGHT,21.24,85.59,80.48,83.93,2,MIST_HIGH,-50.25,19.94,98.59,79.48,1
0,COOL,3,HUMID,3,WET,3,BRIGHT,20.0,83.83,79.42,88.84,2,MIST_HIGH,-49.158,18.7,96.83,78.42,2
0,COOL,3,HUMID,3,WET,3,BRIGHT,18.88,82.63,77.14,84.6,2,MIST_HIGH,-46.046,17.58,95.63,76.14,3
0,COOL,3,HUMID,3,WET,3,BRIGHT,19.14,80.25,86.02,88.45,3,PUMP,-66.732,19.84,79.25,100.0,0
0,COOL,3,HUMID,3,WET,3,BRIGHT,21.33,78.79,79.14,88.05,3,PUMP,-45.074,22.03,77.79,94.14,1
0,COOL,3,HUMID,3,WET,3,BRIGHT,20.58,80.93,82.89,87.28,3,PUMP,-58.766,21.28,79.93,97.89,2
0,COOL,3,HUMID,3,WET,3,BRIGHT,21.28,79.45,80.55,86.56,3,PUMP,-49.225,21.98,78.45,95.55,3
0,COOL,3,HUMID,3,WET,3,BRIGHT,19.2,79.82,78.13,93.82,4,PUMP_MIST_LOW,-85.743,18.7,86.82,90.13,0
0,COOL,3,HUMID,3,WET,3,BRIGHT,18.95,78.88,78.36,91.15,4,PUMP_MIST_LOW,-85.539,18.45,85.88,90.36,1
0,COOL,3,HUMID,3,WET,3,BRIGHT,20.57,82.46,77.41,85.94,4,PUMP_MIST_LOW,-84.05,20.07,89.46,89.41,2
0,COOL,3,HUMID,3,WET,3,BRIGHT,18.92,80.27,83.0,85.74,4,PUMP_MIST_LOW,-97.582,18.42,87.27,95.0,3
0,COOL,3,HUMID,3,WET,3,BRIGHT,21.33,81.55,82.54,85.49,5,PUMP_MIST_HIGH,-110.048,19.83,94.55,97.54,0
0,COOL,3,HUMID,3,WET,3,BRIGHT,21.0,79.51,77.7,92.09,5,PUMP_MIST_HIGH,-97.694,19.5,92.51,92.7,1
0,COOL,3,HUMID,3,WET,3,BRIGHT,19.93,83.43,78.79,93.98,5,PUMP_MIST_HIGH,-109.676,18.43,96.43,93.79,2
0,COOL,3,HUMID,3,WET,3,BRIGHT,19.98,78.84,81.38,89.9,5,PUMP_MIST_HIGH,-107.62,18.48,91.84,96.38,3
1,MILD,0,VERY_DRY,0,VERY_DRY,0,DARK,24.84,27.15,14.01,16.09,0,OFF,-100.07,24.34,28.15,14.01,0
1,MILD,0,VERY_DRY,0,VERY_DRY,0,DARK,24.88,33.4,19.78,9.78,0,OFF,-77.79,24.38,34.4,19.78,1
1,MILD,0,VERY_DRY,0,VERY_DRY,0,DARK,27.33,28.71,15.95,20.89,0,OFF,-85.513,26.83,29.71,15.95,2
1,MILD,0,VERY_DRY,0,VERY_DRY,0,DARK,24.94,32.7,17.25,12.34,0,OFF,-84.023,24.44,33.7,17.25,3
1,MILD,0,VERY_DRY,0,VERY_DRY,0,DARK,26.6,30.66,12.73,18.47,1,MIST_LOW,-60.846,24.9,40.66,13.73,0
1,MILD,0,VERY_DRY,0,VERY_DRY,0,DARK,26.4,29.2,14.76,16.24,1,MIST_LOW,-59.536,24.7,39.2,15.76,1
1,MILD,0,VERY_DRY,0,VERY_DRY,0,DARK,25.73,29.88,12.79,18.22,1,MIST_LOW,-64.737,24.03,39.88,13.79,2
1,MILD,0,VERY_DRY,0,VERY_DRY,0,DARK,24.9,28.01,14.97,16.54,1,MIST_LOW,-73.8,23.2,38.01,15.97,3
1,MILD,0,VERY_DRY,0,VERY_DRY,0,DARK,24.98,26.8,10.53,9.82,2,MIST_HIGH,-85.049,22.18,43.8,12.53,0
1,MILD,0,VERY_DRY,0,VERY_DRY,0,DARK,26.5,33.78,13.83,17.15,2,MIST_HIGH,-62.086,23.7,50.78,15.83,1
1,MILD,0,VERY_DRY,0,VERY_DRY,0,DARK,25.03,30.98,10.96,9.92,2,MIST_HIGH,-77.287,22.23,47.98,12.96,2
1,MILD,0,VERY_DRY,0,VERY_DRY,0,DARK,26.7,32.14,17.93,11.42,2,MIST_HIGH,-55.433,23.9,49.14,19.93,3
1,MILD,0,VERY_DRY,0,VERY_DRY,0,DARK,26.45,29.92,12.62,13.12,3,PUMP,-0.337,25.65,32.92,30.62,0
1,MILD,0,VERY_DRY,0,VERY_DRY,0,DARK,27.01,30.37,19.53,9.38,3,PUMP,16.664,26.21,33.37,37.53,1
1,MILD,0,VERY_DRY,0,VERY_DRY,0,DARK,25.81,33.32,13.84,12.77,3,PUMP,5.584,25.01,36.32,31.84,2
1,MILD,0,VERY_DRY,0,VERY_DRY,0,DARK,25.65,29.68,10.33,15.68,3,PUMP,-8.094,24.85,32.68,28.33,3
1,MILD,0,VERY_DRY,0,VERY_DRY,0,DARK,27.01,28.42,17.06,14.9,4,PUMP_MIST_LOW,11.035,25.01,39.42,32.06,0
1,MILD,0,VERY_DRY,0,VERY_DRY,0,DARK,24.98,31.73,14.87,10.31,4,PUMP_MIST_LOW,-2.777,22.98,42.73,29.87,1
1,MILD,0,VERY_DRY,0,VERY_DRY,0,DARK,26.49,31.28,16.85,15.87,4,PUMP_MIST_LOW,13.51,24.49,42.28,31.85,2
1,MILD,0,VERY_DRY,0,VERY_DRY,0,DARK,25.93,32.83,15.07,13.7,4,PUMP_MIST_LOW,2.46,23.93,43.83,30.07,3
1,MILD,0,VERY_DRY,0,VERY_DRY,0,DARK,25.99,33.77,16.17,13.23,5,PUMP_MIST_HIGH,9.135,22.99,50.77,34.17,0
1,MILD,0,VERY_DRY,0,VERY_DRY,0,DARK,27.34,28.56,10.28,9.54,5,PUMP_MIST_HIGH,0.774,24.34,45.56,28.28,1
1,MILD,0,VERY_DRY,0,VERY_DRY,0,DARK,26.94,28.79,17.42,9.32,5,PUMP_MIST_HIGH,6.868,23.94,45.79,35.42,2
1,MILD,0,VERY_DRY,0,VERY_DRY,0,DARK,27.1,28.73,10.97,13.14,5,PUMP_MIST_HIGH,1.719,24.1,45.73,28.97,3
1,MILD,0,VERY_DRY,0,VERY_DRY,1,LOW,25.6,28.81,16.61,36.97,0,OFF,-89.496,25.6,28.81,16.61,0
1,MILD,0,VERY_DRY,0,VERY_DRY,1,LOW,26.41,30.74,19.1,34.79,0,OFF,-78.571,26.41,30.74,19.1,1
1,MILD,0,VERY_DRY,0,VERY_DRY,1,LOW,25.45,28.7,10.2,37.91,0,OFF,-103.613,25.45,28.7,10.2,2
1,MILD,0,VERY_DRY,0,VERY_DRY,1,LOW,25.89,32.91,15.68,44.82,0,OFF,-83.97,25.89,32.91,15.68,3
1,MILD,0,VERY_DRY,0,VERY_DRY,1,LOW,25.35,31.57,15.88,45.83,1,MIST_LOW,-56.775,24.15,40.57,16.88,0
1,MILD,0,VERY_DRY,0,VERY_DRY,1,LOW,25.66,29.12,15.73,43.7,1,MIST_LOW,-60.016,24.46,38.12,16.73,1
1,MILD,0,VERY_DRY,0,VERY_DRY,1,LOW,24.88,31.4,13.36,40.03,1,MIST_LOW,-71.827,23.68,40.4,14.36,2
1,MILD,0,VERY_DRY,0,VERY_DRY,1,LOW,26.74,28.72,16.15,38.36,1,MIST_LOW,-56.309,25.54,37.72,17.15,3
1,MILD,0,VERY_DRY,0,VERY_DRY,1,LOW,25.82,29.98,18.47,43.45,2,MIST_HIGH,-50.579,23.52,45.98,20.47,0
1,MILD,0,VERY_DRY,0,VERY_DRY,1,LOW,26.95,30.29,12.87,34.57,2,MIST_HIGH,-50.217,24.65,46.29,14.87,1
1,MILD,0,VERY_DRY,0,VERY_DRY,1,LOW,27.39,29.22,12.26,42.91,2,MIST_HIGH,-51.824,25.09,45.22,14.26,2
1,MILD,0,VERY_DRY,0,VERY_DRY,1,LOW,24.86,32.75,10.95,38.04,2,MIST_HIGH,-65.021,22.56,48.75,12.95,3
1,MILD,0,VERY_DRY,0,VERY_DRY,1,LOW,24.79,32.41,14.75,36.52,3,PUMP,2.799,24.49,34.41,32.75,0
1,MILD,0,VERY_DRY,0,VERY_DRY,1,LOW,26.83,31.21,13.02,43.65,3,PUMP,3.767,26.53,33.21,31.02,1
1,MILD,0,VERY_DRY,0,VERY_DRY,1,LOW,25.81,30.32,12.0,38.83,3,PUMP,-3.048,25.51,32.32,30.0,2
1,MILD,0,VERY_DRY,0,VERY_DRY,1,LOW,26.35,29.63,17.63,36.17,3,PUMP,9.393,26.05,31.63,35.63,3
1,MILD,0,VERY_DRY,0,VERY_DRY,1,LOW,24.65,31.63,18.63,40.92,4,PUMP_MIST_LOW,3.906,23.15,41.63,33.63,0
1,MILD,0,VERY_DRY,0,VERY_DRY,1,LOW,25.2,33.7,17.42,39.61,4,PUMP_MIST_LOW,6.43,23.7,43.7,32.42,1
1,MILD,0,VERY_DRY,0,VERY_DRY,1,LOW,27.22,30.26,16.14,43.23,4,PUMP_MIST_LOW,12.739,25.72,40.26,31.14,2
1,MILD,0,VERY_DRY,0,VERY_DRY,1,LOW,25.81,30.53,16.27,40.27,4,PUMP_MIST_LOW,8.914,24.31,40.53,31.27,3
1,MILD,0,VERY_DRY,0,VERY_DRY,1,LOW,25.62,27.18,11.5,42.22,5,PUMP_MIST_HIGH,-2.365,23.12,43.18,29.5,0
1,MILD,0,VERY_DRY,0,VERY_DRY,1,LOW,25.44,29.48,13.19,43.96,5,PUMP_MIST_HIGH,4.275,22.94,45.48,31.19,1
1,MILD,0,VERY_DRY,0,VERY_DRY,1,LOW,24.78,27.63,14.12,43.88,5,PUMP_MIST_HIGH,1.164,22.28,43.63,32.12,2
1,MILD,0,VERY_DRY,0,VERY_DRY,1,LOW,26.41,28.05,16.01,38.87,5,PUMP_MIST_HIGH,11.017,23.91,44.05,34.01,3
1,MILD,0,VERY_DRY,0,VERY_DRY,2,MEDIUM,24.92,27.54,12.46,65.93,0,OFF,-108.249,25.42,25.54,10.46,0
1,MILD,0,VERY_DRY,0,VERY_DRY,2,MEDIUM,25.9,30.48,14.36,63.76,0,OFF,-96.397,26.4,28.48,12.36,1
1,MILD,0,VERY_DRY,0,VERY_DRY,2,MEDIUM,24.7,27.27,11.36,59.1,0,OFF,-111.644,25.2,25.27,9.36,2
1,MILD,0,VERY_DRY,0,VERY_DRY,2,MEDIUM,26.85,31.27,11.76,66.23,0,OFF,-99.793,27.35,29.27,9.76,3
1,MILD,0,VERY_DRY,0,VERY_DRY,2,MEDIUM,27.3,29.89,10.2,66.32,1,MIST_LOW,-70.948,26.6,36.89,9.2,0
1,MILD,0,VERY_DRY,0,VERY_DRY,2,MEDIUM,24.84,30.81,18.67,66.81,1,MIST_LOW,-59.557,24.14,37.81,17.67,1
1,MILD,0,VERY_DRY,0,VERY_DRY,2,MEDIUM,25.74,28.91,16.57,57.08,1,MIST_LOW,-64.115,25.04,35.91,15.57,2
1,MILD,0,VERY_DRY,0,VERY_DRY,2,MEDIUM,27.24,31.79,11.41,57.34,1,MIST_LOW,-65.547,26.54,38.79,10.41,3
1,MILD,0,VERY_DRY,0,VERY_DRY,2,MEDIUM,26.66,33.46,15.22,65.95,2,MIST_HIGH,-46.956,24.86,47.46,15.22,0
1,MILD,0,VERY_DRY,0,VERY_DRY,2,MEDIUM,27.26,33.45,12.52,66.61,2,MIST_HIGH,-50.719,25.46,47.45,12.52,1
1,MILD,0,VERY_DRY,0,VERY_DRY,2,MEDIUM,25.27,26.98,18.07,59.95,2,MIST_HIGH,-63.801,23.47,40.98,18.07,2
1,MILD,0,VERY_DRY,0,VERY_DRY,2,MEDIUM,26.24,29.12,17.48,58.83,2,MIST_HIGH,-50.497,24.44,43.12,17.48,3
1,MILD,0,VERY_DRY,0,VERY_DRY,2,MEDIUM,25.78,27.15,11.75,67.64,3,PUMP,-14.526,25.98,27.15,27.75,0
1,MILD,0,VERY_DRY,0,VERY_DRY,2,MEDIUM,25.83,28.03,15.89,61.88,3,PUMP,-4.268,26.03,28.03,31.89,1
1,MILD,0,VERY_DRY,0,VERY_DRY,2,MEDIUM,25.65,33.59,13.16,61.09,3,PUMP,-1.693,25.85,33.59,29.16,2
1,MILD,0,VERY_DRY,0,VERY_DRY,2,MEDIUM,26.51,33.71,18.79,67.24,3,PUMP,13.076,26.71,33.71,34.79,3
1,MILD,0,VERY_DRY,0,VERY_DRY,2,MEDIUM,25.62,31.73,18.21,56.25,4,PUMP_MIST_LOW,8.482,24.62,39.73,31.21,0
1,MILD,0,VERY_DRY,0,VERY_DRY,2,MEDIUM,27.31,30.85,18.41,63.95,4,PUMP_MIST_LOW,12.908,26.31,38.85,31.41,1
1,MILD,0,VERY_DRY,0,VERY_DRY,2,MEDIUM,27.23,31.53,17.89,58.88,4,PUMP_MIST_LOW,12.656,26.23,39.53,30.89,2
1,MILD,0,VERY_DRY,0,VERY_DRY,2,MEDIUM,26.15,28.47,19.58,60.35,4,PUMP_MIST_LOW,7.859,25.15,36.47,32.58,3
1,MILD,0,VERY_DRY,0,VERY_DRY,2,MEDIUM,26.87,26.98,18.67,66.29,5,PUMP_MIST_HIGH,18.566,24.87,40.98,34.67,0
1,MILD,0,VERY_DRY,0,VERY_DRY,2,MEDIUM,25.69,33.28,13.93,67.74,5,PUMP_MIST_HIGH,6.898,23.69,47.28,29.93,1
1,MILD,0,VERY_DRY,0,VERY_DRY,2,MEDIUM,25.32,26.72,18.23,58.83,5,PUMP_MIST_HIGH,4.242,23.32,40.72,34.23,2
1,MILD,0,VERY_DRY,0,VERY_DRY,2,MEDIUM,25.19,33.12,19.16,63.58,5,PUMP_MIST_HIGH,16.034,23.19,47.12,35.16,3
1,MILD,0,VERY_DRY,0,VERY_DRY,3,BRIGHT,27.06,32.13,14.06,82.41,0,OFF,-101.154,28.06,28.13,11.06,0
1,MILD,0,VERY_DRY,0,VERY_DRY,3,BRIGHT,27.03,32.59,19.4,87.65,0,OFF,-89.096,28.03,28.59,16.4,1
1,MILD,0,VERY_DRY,0,VERY_DRY,3,BRIGHT,25.76,32.73,17.17,92.52,0,OFF,-91.048,26.76,28.73,14.17,2
1,MILD,0,VERY_DRY,0,VERY_DRY,3,BRIGHT,26.9,32.6,16.98,88.08,0,OFF,-93.749,27.9,28.6,13.98,3
1,MILD,0,VERY_DRY,0,VERY_DRY,3,BRIGHT,25.59,30.82,18.13,90.85,1,MIST_LOW,-61.978,25.39,35.82,16.13,0
1,MILD,0,VERY_DRY,0,VERY_DRY,3,BRIGHT,25.87,26.22,10.52,89.7,1,MIST_LOW,-84.415,25.67,31.22,8.52,1
1,MILD,0,VERY_DRY,0,VERY_DRY,3,BRIGHT,26.36,32.33,11.36,86.81,1,MIST_LOW,-71.291,26.16,37.33,9.36,2
1,MILD,0,VERY_DRY,0,VERY_DRY,3,BRIGHT,26.36,28.51,10.82,83.89,1,MIST_LOW,-78.548,26.16,33.51,8.82,3
1,MILD,0,VERY_DRY,0,VERY_DRY,3,BRIGHT,26.05,33.76,18.31,91.16,2,MIST_HIGH,-45.659,24.75,45.76,17.31,0
1,MILD,0,VERY_DRY,0,VERY_DRY,3,BRIGHT,26.97,31.49,17.93,85.83,2,MIST_HIGH,-47.128,25.67,43.49,16.93,1
1,MILD,0,VERY_DRY,0,VERY_DRY,3,BRIGHT,25.94,31.88,12.61,90.25,2,MIST_HIGH,-60.969,24.64,43.88,11.61,2
1,MILD,0,VERY_DRY,0,VERY_DRY,3,BRIGHT,26.91,32.4,11.99,86.97,2,MIST_HIGH,-58.326,25.61,44.4,10.99,3
1,MILD,0,VERY_DRY,0,VERY_DRY,3,BRIGHT,25.11,33.01,19.45,92.61,3,PUMP,5.147,25.81,31.01,34.45,0
1,MILD,0,VERY_DRY,0,VERY_DRY,3,BRIGHT,25.23,33.58,19.23,89.77,3,PUMP,5.993,25.93,31.58,34.23,1
1,MILD,0,VERY_DRY,0,VERY_DRY,3,BRIGHT,26.35,33.25,19.74,84.38,3,PUMP,9.79,27.05,31.25,34.74,2
1,MILD,0,VERY_DRY,0,VERY_DRY,3,BRIGHT,26.56,27.35,14.01,87.15,3,PUMP,-12.361,27.26,25.35,29.01,3
1,MILD,0,VERY_DRY,0,VERY_DRY,3,BRIGHT,25.33,26.71,13.68,93.37,4,PUMP_MIST_LOW,-13.683,24.83,32.71,25.68,0
1,MILD,0,VERY_DRY,0,VERY_DRY,3,BRIGHT,24.93,31.75,14.35,93.04,4,PUMP_MIST_LOW,-5.492,24.43,37.75,26.35,1
1,MILD,0,VERY_DRY,0,VERY_DRY,3,BRIGHT,25.87,31.39,11.19,90.56,4,PUMP_MIST_LOW,-9.704,25.37,37.39,23.19,2
1,MILD,0,VERY_DRY,0,VERY_DRY,3,BRIGHT,25.13,32.9,17.82,85.46,4,PUMP_MIST_LOW,4.285,24.63,38.9,29.82,3
1,MILD,0,VERY_DRY,0,VERY_DRY,3,BRIGHT,25.98,27.04,18.56,89.2,5,PUMP_MIST_HIGH,11.897,24.48,39.04,33.56,0
1,MILD,0,VERY_DRY,0,VERY_DRY,3,BRIGHT,27.39,28.26,16.77,87.02,5,PUMP_MIST_HIGH,14.58,25.89,40.26,31.77,1
1,MILD,0,VERY_DRY,0,VERY_DRY,3,BRIGHT,25.74,27.17,12.9,85.14,5,PUMP_MIST_HIGH,-0.558,24.24,39.17,27.9,2
1,MILD,0,VERY_DRY,0,VERY_DRY,3,BRIGHT,26.33,33.26,13.7,90.21,5,PUMP_MIST_HIGH,12.731,24.83,45.26,28.7,3
1,MILD,0,VERY_DRY,1,DRY,0,DARK,25.88,26.08,31.33,12.88,0,OFF,-27.045,25.38,27.08,31.33,0
1,MILD,0,VERY_DRY,1,DRY,0,DARK,26.54,31.49,37.13,17.5,0,OFF,-4.099,26.04,32.49,37.13,1
1,MILD,0,VERY_DRY,1,DRY,0,DARK,26.66,28.05,30.95,9.71,0,OFF,-22.204,26.16,29.05,30.95,2
1,MILD,0,VERY_DRY,1,DRY,0,DARK,25.53,27.88,39.08,20.96,0,OFF,-9.019,25.03,28.88,39.08,3
1,MILD,0,VERY_DRY,1,DRY,0,DARK,27.23,33.74,35.98,17.98,1,MIST_LOW,29.939,25.53,43.74,36.98,0
1,MILD,0,VERY_DRY,1,DRY,0,DARK,24.73,28.03,36.2,12.63,1,MIST_LOW,5.247,23.03,38.03,37.2,1
1,MILD,0,VERY_DRY,1,DRY,0,DARK,25.71,28.97,39.68,15.71,1,MIST_LOW,25.193,24.01,38.97,40.68,2
1,MILD,0,VERY_DRY,1,DRY,0,DARK,26.23,28.08,35.04,20.16,1,MIST_LOW,15.692,24.53,38.08,36.04,3
1,MILD,0,VERY_DRY,1,DRY,0,DARK,27.06,27.06,33.17,15.37,2,MIST_HIGH,12.578,24.26,44.06,35.17,0
1,MILD,0,VERY_DRY,1,DRY,0,DARK,25.0,26.93,30.44,10.53,2,MIST_HIGH,-7.947,22.2,43.93,32.44,1
1,MILD,0,VERY_DRY,1,DRY,0,DARK,27.04,32.68,37.48,20.11,2,MIST_HIGH,30.56,24.24,49.68,39.48,2
1,MILD,0,VERY_DRY,1,DRY,0,DARK,25.39,33.02,36.13,18.14,2,MIST_HIGH,14.991,22.59,50.02,38.13,3
1,MILD,0,VERY_DRY,1,DRY,0,DARK,25.34,28.5,38.93,12.79,3,PUMP,59.076,24.54,31.5,56.93,0
1,MILD,0,VERY_DRY,1,DRY,0,DARK,27.38,32.11,31.51,19.24,3,PUMP,55.823,26.58,35.11,49.51,1
1,MILD,0,VERY_DRY,1,DRY,0,DARK,26.44,32.39,30.53,10.78,3,PUMP,51.185,25.64,35.39,48.53,2
1,MILD,0,VERY_DRY,1,DRY,0,DARK,25.24,26.29,32.6,17.47,3,PUMP,41.943,24.44,29.29,50.6,3
1,MILD,0,VERY_DRY,1,DRY,0,DARK,25.82,33.96,39.27,9.49,4,PUMP_MIST_LOW,64.74,23.82,44.96,54.27,0
1,MILD,0,VERY_DRY,1,DRY,0,DARK,25.6,31.67,34.85,14.92,4,PUMP_MIST_LOW,51.079,23.6,42.67,49.85,1
1,MILD,0,VERY_DRY,1,DRY,0,DARK,26.97,32.94,31.24,10.12,4,PUMP_MIST_LOW,57.892,24.97,43.94,46.24,2
1,MILD,0,VERY_DRY,1,DRY,0,DARK,27.03,27.45,31.68,15.1,4,PUMP_MIST_LOW,50.245,25.03,38.45,46.68,3
1,MILD,0,VERY_DRY,1,DRY,0,DARK,25.36,33.13,35.86,16.0,5,PUMP_MIST_HIGH,57.467,22.36,50.13,53.86,0
1,MILD,0,VERY_DRY,1,DRY,0,DARK,27.32,30.21,35.71,14.0,5,PUMP_MIST_HIGH,66.745,24.32,47.21,53.71,1
1,MILD,0,VERY_DRY,1,DRY,0,DARK,24.82,32.15,36.77,19.65,5,PUMP_MIST_HIGH,56.057,21.82,49.15,54.77,2
1,MILD,0,VERY_DRY,1,DRY,0,DARK,24.67,31.45,36.81,13.73,5,PUMP_MIST_HIGH,54.567,21.67,48.45,54.81,3
1,MILD,0,VERY_DRY,1,DRY,1,LOW,26.25,33.61,38.37,35.85,0,OFF,0.962,26.25,33.61,38.37,0
1,MILD,0,VERY_DRY,1,DRY,1,LOW,24.83,32.65,36.6,39.45,0,OFF,-8.87,24.83,32.65,36.6,1
1,MILD,0,VERY_DRY,1,DRY,1,LOW,27.27,30.75,30.06,45.64,0,OFF,-19.551,27.27,30.75,30.06,2
1,MILD,0,VERY_DRY,1,DRY,1,LOW,26.44,33.61,33.25,42.78,0,OFF,-9.206,26.44,33.61,33.25,3
1,MILD,0,VERY_DRY,1,DRY,1,LOW,26.66,33.66,35.69,36.54,1,MIST_LOW,27.367,25.46,42.66,36.69,0
1,MILD,0,VERY_DRY,1,DRY,1,LOW,24.74,31.15,33.23,34.67,1,MIST_LOW,4.041,23.54,40.15,34.23,1
1,MILD,0,VERY_DRY,1,DRY,1,LOW,24.8,33.62,33.81,38.79,1,MIST_LOW,9.407,23.6,42.62,34.81,2
1,MILD,0,VERY_DRY,1,DRY,1,LOW,25.1,33.72,38.66,35.07,1,MIST_LOW,20.703,23.9,42.72,39.66,3
1,MILD,0,VERY_DRY,1,DRY,1,LOW,26.99,27.3,37.79,37.42,2,MIST_HIGH,32.452,24.69,43.3,39.79,0
1,MILD,0,VERY_DRY,1,DRY,1,LOW,26.71,31.23,31.21,39.89,2,MIST_HIGH,24.008,24.41,47.23,33.21,1
1,MILD,0,VERY_DRY,1,DRY,1,LOW,25.81,32.45,33.1,42.22,2,MIST_HIGH,19.067,23.51,48.45,35.1,2
1,MILD,0,VERY_DRY,1,DRY,1,LOW,24.97,31.32,38.32,40.15,2,MIST_HIGH,25.528,22.67,47.32,40.32,3
1,MILD,0,VERY_DRY,1,DRY,1,LOW,25.97,33.08,34.76,40.76,3,PUMP,59.686,25.67,35.08,52.76,0
1,MILD,0,VERY_DRY,1,DRY,1,LOW,25.78,32.05,38.11,41.37,3,PUMP,64.465,25.48,34.05,56.11,1
1,MILD,0,VERY_DRY,1,DRY,1,LOW,25.82,29.41,30.4,38.1,3,PUMP,44.152,25.52,31.41,48.4,2
1,MILD,0,VERY_DRY,1,DRY,1,LOW,25.9,27.79,36.86,35.86,3,PUMP,55.394,25.6,29.79,54.86,3
1,MILD,0,VERY_DRY,1,DRY,1,LOW,25.99,31.04,35.25,37.49,4,PUMP_MIST_LOW,60.135,24.49,41.04,50.25,0
1,MILD,0,VERY_DRY,1,DRY,1,LOW,25.82,33.26,34.78,35.78,4,PUMP_MIST_LOW,62.181,24.32,43.26,49.78,1
1,MILD,0,VERY_DRY,1,DRY,1,LOW,24.96,33.22,38.42,40.28,4,PUMP_MIST_LOW,58.994,23.46,43.22,53.42,2
1,MILD,0,VERY_DRY,1,DRY,1,LOW,25.43,26.38,30.77,34.54,4,PUMP_MIST_LOW,33.486,23.93,36.38,45.77,3
1,MILD,0,VERY_DRY,1,DRY,1,LOW,24.9,29.4,30.94,41.93,5,PUMP_MIST_HIGH,49.707,22.4,45.4,48.94,0
1,MILD,0,VERY_DRY,1,DRY,1,LOW,26.19,28.03,32.55,34.98,5,PUMP_MIST_HIGH,55.009,23.69,44.03,50.55,1
1,MILD,0,VERY_DRY,1,DRY,1,LOW,26.01,26.91,36.62,36.15,5,PUMP_MIST_HIGH,61.182,23.51,42.91,54.62,2
1,MILD,0,VERY_DRY,1,DRY,1,LOW,25.11,29.14,30.83,44.52,5,PUMP_MIST_HIGH,49.732,22.61,45.14,48.83,3
1,MILD,0,VERY_DRY,1,DRY,2,MEDIUM,25.43,30.7,34.55,64.04,0,OFF,-20.142,25.93,28.7,32.55,0
1,MILD,0,VERY_DRY,1,DRY,2,MEDIUM,26.35,28.12,39.67,66.46,0,OFF,-10.597,26.85,26.12,37.67,1
1,MILD,0,VERY_DRY,1,DRY,2,MEDIUM,25.12,27.48,37.47,63.25,0,OFF,-20.146,25.62,25.48,35.47,2
1,MILD,0,VERY_DRY,1,DRY,2,MEDIUM,27.04,26.85,35.34,56.07,0,OFF,-22.947,27.54,24.85,33.34,3
1,MILD,0,VERY_DRY,1,DRY,2,MEDIUM,24.93,27.37,34.77,64.3,1,MIST_LOW,4.043,24.23,34.37,33.77,0
1,MILD,0,VERY_DRY,1,DRY,2,MEDIUM,27.03,33.73,36.02,61.84,1,MIST_LOW,23.566,26.33,40.73,35.02,1
1,MILD,0,VERY_DRY,1,DRY,2,MEDIUM,26.33,33.79,33.61,64.09,1,MIST_LOW,16.363,25.63,40.79,32.61,2
1,MILD,0,VERY_DRY,1,DRY,2,MEDIUM,26.53,29.16,33.03,57.5,1,MIST_LOW,8.377,25.83,36.16,32.03,3
1,MILD,0,VERY_DRY,1,DRY,2,MEDIUM,24.64,26.9,30.16,67.65,2,MIST_HIGH,-5.55,22.84,40.9,30.16,0
1,MILD,0,VERY_DRY,1,DRY,2,MEDIUM,27.01,27.67,36.49,63.8,2,MIST_HIGH,24.556,25.21,41.67,36.49,1
1,MILD,0,VERY_DRY,1,DRY,2,MEDIUM,25.82,31.01,37.9,58.29,2,MIST_HIGH,29.068,24.02,45.01,37.9,2
1,MILD,0,VERY_DRY,1,DRY,2,MEDIUM,25.44,29.71,34.74,56.26,2,MIST_HIGH,11.142,23.64,43.71,34.74,3
1,MILD,0,VERY_DRY,1,DRY,2,MEDIUM,25.07,27.22,37.03,67.57,3,PUMP,46.354,25.27,27.22,53.03,0
1,MILD,0,VERY_DRY,1,DRY,2,MEDIUM,25.92,32.88,35.85,58.42,3,PUMP,55.68,26.12,32.88,51.85,1
1,MILD,0,VERY_DRY,1,DRY,2,MEDIUM,26.19,32.67,30.51,56.09,3,PUMP,45.005,26.39,32.67,46.51,2
1,MILD,0,VERY_DRY,1,DRY,2,MEDIUM,26.37,31.7,39.79,66.18,3,PUMP,63.505,26.57,31.7,55.79,3
1,MILD,0,VERY_DRY,1,DRY,2,MEDIUM,26.66,30.77,35.54,59.49,4,PUMP_MIST_LOW,56.691,25.66,38.77,48.54,0
1,MILD,0,VERY_DRY,1,DRY,2,MEDIUM,25.96,29.89,35.91,63.34,4,PUMP_MIST_LOW,53.822,24.96,37.89,48.91,1
1,MILD,0,VERY_DRY,1,DRY,2,MEDIUM,26.5,32.53,34.88,64.57,4,PUMP_MIST_LOW,57.6,25.5,40.53,47.88,2
1,MILD,0,VERY_DRY,1,DRY,2,MEDIUM,26.08,29.38,33.16,56.76,4,PUMP_MIST_LOW,47.588,25.08,37.38,46.16,3
1,MILD,0,VERY_DRY,1,DRY,2,MEDIUM,27.1,29.34,34.73,61.94,5,PUMP_MIST_HIGH,66.8,25.1,43.34,50.73,0
1,MILD,0,VERY_DRY,1,DRY,2,MEDIUM,27.23,28.77,36.98,56.25,5,PUMP_MIST_HIGH,71.02,25.23,42.77,52.98,1
1,MILD,0,VERY_DRY,1,DRY,2,MEDIUM,25.41,27.54,33.44,58.79,5,PUMP_MIST_HIGH,47.782,23.41,41.54,49.44,2
1,MILD,0,VERY_DRY,1,DRY,2,MEDIUM,25.22,33.27,33.39,63.23,5,PUMP_MIST_HIGH,56.247,23.22,47.27,49.39,3
1,MILD,0,VERY_DRY,1,DRY,3,BRIGHT,26.96,31.26,31.31,85.52,0,OFF,-31.005,27.96,27.26,28.31,0
1,MILD,0,VERY_DRY,1,DRY,3,BRIGHT,26.59,33.68,38.33,90.08,0,OFF,-11.214,27.59,29.68,35.33,1
1,MILD,0,VERY_DRY,1,DRY,3,BRIGHT,26.66,32.37,38.0,92.13,0,OFF,-14.219,27.66,28.37,35.0,2
1,MILD,0,VERY_DRY,1,DRY,3,BRIGHT,26.34,28.26,37.49,90.0,0,OFF,-20.842,27.34,24.26,34.49,3
1,MILD,0,VERY_DRY,1,DRY,3,BRIGHT,24.96,27.6,36.06,83.21,1,MIST_LOW,3.511,24.76,32.6,34.06,0
1,MILD,0,VERY_DRY,1,DRY,3,BRIGHT,25.76,33.95,33.04,84.51,1,MIST_LOW,9.904,25.56,38.95,31.04,1
1,MILD,0,VERY_DRY,1,DRY,3,BRIGHT,24.73,26.15,38.81,86.28,1,MIST_LOW,6.233,24.53,31.15,36.81,2
1,MILD,0,VERY_DRY,1,DRY,3,BRIGHT,25.04,32.62,38.94,82.38,1,MIST_LOW,17.882,24.84,37.62,36.94,3
1,MILD,0,VERY_DRY,1,DRY,3,BRIGHT,24.78,29.44,36.18,83.45,2,MIST_HIGH,7.911,23.48,41.44,35.18,0
1,MILD,0,VERY_DRY,1,DRY,3,BRIGHT,25.23,28.06,33.4,86.26,2,MIST_HIGH,1.315,23.93,40.06,32.4,1
1,MILD,0,VERY_DRY,1,DRY,3,BRIGHT,24.73,33.02,32.67,83.81,2,MIST_HIGH,6.13,23.43,45.02,31.67,2
1,MILD,0,VERY_DRY,1,DRY,3,BRIGHT,26.53,30.12,36.69,90.48,2,MIST_HIGH,23.7,25.23,42.12,35.69,3
1,MILD,0,VERY_DRY,1,DRY,3,BRIGHT,27.19,29.5,34.57,92.1,3,PUMP,42.241,27.89,27.5,49.57,0
1,MILD,0,VERY_DRY,1,DRY,3,BRIGHT,24.91,26.85,36.11,91.39,3,PUMP,39.631,25.61,24.85,51.11,1
1,MILD,0,VERY_DRY,1,DRY,3,BRIGHT,27.25,32.59,30.42,83.26,3,PUMP,38.275,27.95,30.59,45.42,2
1,MILD,0,VERY_DRY,1,DRY,3,BRIGHT,26.36,32.97,39.11,83.88,3,PUMP,59.974,27.06,30.97,54.11,3
1,MILD,0,VERY_DRY,1,DRY,3,BRIGHT,25.42,29.53,35.06,90.79,4,PUMP_MIST_LOW,46.013,24.92,35.53,47.06,0
1,MILD,0,VERY_DRY,1,DRY,3,BRIGHT,24.88,31.18,33.35,83.65,4,PUMP_MIST_LOW,43.319,24.38,37.18,45.35,1
1,MILD,0,VERY_DRY,1,DRY,3,BRIGHT,26.98,29.51,34.16,91.23,4,PUMP_MIST_LOW,49.075,26.48,35.51,46.16,2
1,MILD,0,VERY_DRY,1,DRY,3,BRIGHT,25.29,32.47,33.41,88.06,4,PUMP_MIST_LOW,46.843,24.79,38.47,45.41,3
1,MILD,0,VERY_DRY,1,DRY,3,BRIGHT,24.84,28.98,37.55,86.33,5,PUMP_MIST_HIGH,53.203,23.34,40.98,52.55,0
1,MILD,0,VERY_DRY,1,DRY,3,BRIGHT,26.46,27.21,37.54,87.06,5,PUMP_MIST_HIGH,63.543,24.96,39.21,52.54,1
1,MILD,0,VERY_DRY,1,DRY,3,BRIGHT,25.24,32.41,34.13,86.91,5,PUMP_MIST_HIGH,52.809,23.74,44.41,49.13,2
1,MILD,0,VERY_DRY,1,DRY,3,BRIGHT,25.88,32.82,37.95,86.34,5,PUMP_MIST_HIGH,71.528,24.38,44.82,52.95,3
1,MILD,0,VERY_DRY,2,OPTIMAL,0,DARK,24.68,27.16,53.1,18.67,0,OFF,26.559,24.18,28.16,53.1,0
1,MILD,0,VERY_DRY,2,OPTIMAL,0,DARK,27.24,26.68,56.15,20.78,0,OFF,40.371,26.74,27.68,56.15,1
1,MILD,0,VERY_DRY,2,OPTIMAL,0,DARK,25.06,26.49,60.59,16.92,0,OFF,31.536,24.56,27.49,60.59,2
1,MILD,0,VERY_DRY,2,OPTIMAL,0,DARK,26.4,33.22,53.58,16.58,0,OFF,42.734,25.9,34.22,53.58,3
1,MILD,0,VERY_DRY,2,OPTIMAL,0,DARK,26.6,31.28,58.2,12.55,1,MIST_LOW,75.609,24.9,41.28,59.2,0
1,MILD,0,VERY_DRY,2,OPTIMAL,0,DARK,25.73,31.45,58.54,12.65,1,MIST_LOW,72.371,24.03,41.45,59.54,1
1,MILD,0,VERY_DRY,2,OPTIMAL,0,DARK,26.68,33.27,53.08,12.36,1,MIST_LOW,73.339,24.98,43.27,54.08,2
1,MILD,0,VERY_DRY,2,OPTIMAL,0,DARK,26.08,33.36,60.0,14.35,1,MIST_LOW,73.485,24.38,43.36,61.0,3
1,MILD,0,VERY_DRY,2,OPTIMAL,0,DARK,25.17,30.36,60.88,16.82,2,MIST_HIGH,51.511,22.37,47.36,62.88,0
1,MILD,0,VERY_DRY,2,OPTIMAL,0,DARK,26.55,33.1,60.82,13.85,2,MIST_HIGH,60.459,23.75,50.1,62.82,1
1,MILD,0,VERY_DRY,2,OPTIMAL,0,DARK,25.15,28.41,53.37,13.01,2,MIST_HIGH,53.064,22.35,45.41,55.37,2
1,MILD,0,VERY_DRY,2,OPTIMAL,0,DARK,26.63,31.92,54.26,20.9,2,MIST_HIGH,65.276,23.83,48.92,56.26,3
1,MILD,0,VERY_DRY,2,OPTIMAL,0,DARK,25.39,26.74,58.52,15.26,3,PUMP,9.805,24.59,29.74,76.52,0
1,MILD,0,VERY_DRY,2,OPTIMAL,0,DARK,26.72,27.28,53.28,18.56,3,PUMP,25.906,25.92,30.28,71.28,1
1,MILD,0,VERY_DRY,2,OPTIMAL,0,DARK,26.26,27.93,60.74,17.72,3,PUMP,9.801,25.46,30.93,78.74,2
1,MILD,0,VERY_DRY,2,OPTIMAL,0,DARK,27.36,26.88,53.6,13.48,3,PUMP,26.658,26.56,29.88,71.6,3
1,MILD,0,VERY_DRY,2,OPTIMAL,0,DARK,26.36,28.84,53.48,16.81,4,PUMP_MIST_LOW,52.073,24.36,39.84,68.48,0
1,MILD,0,VERY_DRY,2,OPTIMAL,0,DARK,24.95,28.38,60.37,14.44,4,PUMP_MIST_LOW,14.378,22.95,39.38,75.37,1
1,MILD,0,VERY_DRY,2,OPTIMAL,0,DARK,27.35,32.44,62.89,15.79,4,PUMP_MIST_LOW,31.267,25.35,43.44,77.89,2
1,MILD,0,VERY_DRY,2,OPTIMAL,0,DARK,27.1,31.02,58.33,16.15,4,PUMP_MIST_LOW,37.769,25.1,42.02,73.33,3
1,MILD,0,VERY_DRY,2,OPTIMAL,0,DARK,25.58,28.28,60.85,17.58,5,PUMP_MIST_HIGH,5.321,22.58,45.28,78.85,0
1,MILD,0,VERY_DRY,2,OPTIMAL,0,DARK,26.48,31.71,58.2,11.97,5,PUMP_MIST_HIGH,19.276,23.48,48.71,76.2,1
1,MILD,0,VERY_DRY,2,OPTIMAL,0,DARK,25.52,30.66,61.23,13.34,5,PUMP_MIST_HIGH,8.132,22.52,47.66,79.23,2
1,MILD,0,VERY_DRY,2,OPTIMAL,0,DARK,24.87,31.69,61.28,9.98,5,PUMP_MIST_HIGH,7.61,21.87,48.69,79.28,3
1,MILD,0,VERY_DRY,2,OPTIMAL,1,LOW,24.77,33.11,57.76,39.35,0,OFF,46.151,24.77,33.11,57.76,0
1,MILD,0,VERY_DRY,2,OPTIMAL,1,LOW,25.63,30.21,58.88,40.23,0,OFF,42.912,25.63,30.21,58.88,1
1,MILD,0,VERY_DRY,2,OPTIMAL,1,LOW,25.71,28.11,57.99,39.08,0,OFF,41.608,25.71,28.11,57.99,2
1,MILD,0,VERY_DRY,2,OPTIMAL,1,LOW,25.83,33.45,57.9,45.68,0,OFF,50.361,25.83,33.45,57.9,3
1,MILD,0,VERY_DRY,2,OPTIMAL,1,LOW,26.91,27.15,54.27,42.53,1,MIST_LOW,66.779,25.71,36.15,55.27,0
1,MILD,0,VERY_DRY,2,OPTIMAL,1,LOW,24.96,31.64,61.63,35.42,1,MIST_LOW,55.729,23.76,40.64,62.63,1
1,MILD,0,VERY_DRY,2,OPTIMAL,1,LOW,25.2,29.79,60.46,45.33,1,MIST_LOW,55.968,24.0,38.79,61.46,2
1,MILD,0,VERY_DRY,2,OPTIMAL,1,LOW,25.63,33.61,59.02,38.9,1,MIST_LOW,74.539,24.43,42.61,60.02,3
1,MILD,0,VERY_DRY,2,OPTIMAL,1,LOW,24.94,30.57,53.4,35.84,2,MIST_HIGH,65.907,22.64,46.57,55.4,0
1,MILD,0,VERY_DRY,2,OPTIMAL,1,LOW,25.64,33.93,56.03,39.83,2,MIST_HIGH,78.905,23.34,49.93,58.03,1
1,MILD,0,VERY_DRY,2,OPTIMAL,1,LOW,26.82,27.14,58.9,34.58,2,MIST_HIGH,73.786,24.52,43.14,60.9,2
1,MILD,0,VERY_DRY,2,OPTIMAL,1,LOW,27.1,33.11,55.16,43.83,2,MIST_HIGH,88.58,24.8,49.11,57.16,3
1,MILD,0,VERY_DRY,2,OPTIMAL,1,LOW,25.97,26.98,56.49,44.45,3,PUMP,16.284,25.67,28.98,74.49,0
1,MILD,0,VERY_DRY,2,OPTIMAL,1,LOW,25.77,30.58,58.66,44.8,3,PUMP,16.856,25.47,32.58,76.66,1
1,MILD,0,VERY_DRY,2,OPTIMAL,1,LOW,26.79,29.8,60.2,41.27,3,PUMP,15.623,26.49,31.8,78.2,2
1,MILD,0,VERY_DRY,2,OPTIMAL,1,LOW,26.73,30.04,57.61,39.4,3,PUMP,21.268,26.43,32.04,75.61,3
1,MILD,0,VERY_DRY,2,OPTIMAL,1,LOW,25.86,32.93,56.25,43.6,4,PUMP_MIST_LOW,41.203,24.36,42.93,71.25,0
1,MILD,0,VERY_DRY,2,OPTIMAL,1,LOW,26.46,29.28,55.33,38.74,4,PUMP_MIST_LOW,39.228,24.96,39.28,70.33,1
1,MILD,0,VERY_DRY,2,OPTIMAL,1,LOW,26.11,33.66,61.9,42.83,4,PUMP_MIST_LOW,31.34,24.61,43.66,76.9,2
1,MILD,0,VERY_DRY,2,OPTIMAL,1,LOW,26.41,32.93,60.07,40.86,4,PUMP_MIST_LOW,34.94,24.91,42.93,75.07,3
1,MILD,0,VERY_DRY,2,OPTIMAL,1,LOW,26.83,31.66,58.61,35.49,5,PUMP_MIST_HIGH,37.426,24.33,47.66,76.61,0
1,MILD,0,VERY_DRY,2,OPTIMAL,1,LOW,26.17,27.54,59.19,40.92,5,PUMP_MIST_HIGH,19.502,23.67,43.54,77.19,1
1,MILD,0,VERY_DRY,2,OPTIMAL,1,LOW,24.75,30.56,54.89,39.71,5,PUMP_MIST_HIGH,28.816,22.25,46.56,72.89,2
1,MILD,0,VERY_DRY,2,OPTIMAL,1,LOW,27.11,26.96,62.36,36.16,5,PUMP_MIST_HIGH,22.936,24.61,42.96,80.36,3
1,MILD,0,VERY_DRY,2,OPTIMAL,2,MEDIUM,24.65,32.29,55.45,64.47,0,OFF,33.812,25.15,30.29,53.45,0
1,MILD,0,VERY_DRY,2,OPTIMAL,2,MEDIUM,27.09,29.55,61.07,63.28,0,OFF,40.767,27.59,27.55,59.07,1
1,MILD,0,VERY_DRY,2,OPTIMAL,2,MEDIUM,25.73,26.36,61.62,56.28,0,OFF,33.894,26.23,24.36,59.62,2
1,MILD,0,VERY_DRY,2,OPTIMAL,2,MEDIUM,25.82,29.32,61.6,59.81,0,OFF,38.994,26.32,27.32,59.6,3
1,MILD,0,VERY_DRY,2,OPTIMAL,2,MEDIUM,25.32,26.92,53.99,58.02,1,MIST_LOW,54.938,24.62,33.92,52.99,0
1,MILD,0,VERY_DRY,2,OPTIMAL,2,MEDIUM,25.0,28.04,53.9,59.68,1,MIST_LOW,55.524,24.3,35.04,52.9,1
1,MILD,0,VERY_DRY,2,OPTIMAL,2,MEDIUM,25.74,27.35,59.14,59.9,1,MIST_LOW,67.191,25.04,34.35,58.14,2
1,MILD,0,VERY_DRY,2,OPTIMAL,2,MEDIUM,24.68,26.47,56.9,59.84,1,MIST_LOW,50.261,23.98,33.47,55.9,3
1,MILD,0,VERY_DRY,2,OPTIMAL,2,MEDIUM,25.76,28.59,56.76,65.93,2,MIST_HIGH,66.595,23.96,42.59,56.76,0
1,MILD,0,VERY_DRY,2,OPTIMAL,2,MEDIUM,24.94,27.62,60.52,63.03,2,MIST_HIGH,59.742,23.14,41.62,60.52,1
1,MILD,0,VERY_DRY,2,OPTIMAL,2,MEDIUM,25.98,32.02,56.85,57.38,2,MIST_HIGH,80.994,24.18,46.02,56.85,2
1,MILD,0,VERY_DRY,2,OPTIMAL,2,MEDIUM,24.77,29.72,57.07,61.81,2,MIST_HIGH,65.902,22.97,43.72,57.07,3
1,MILD,0,VERY_DRY,2,OPTIMAL,2,MEDIUM,25.74,27.87,61.86,59.23,3,PUMP,8.294,25.94,27.87,77.86,0
1,MILD,0,VERY_DRY,2,OPTIMAL,2,MEDIUM,27.3,31.4,55.46,62.66,3,PUMP,29.176,27.5,31.4,71.46,1
1,MILD,0,VERY_DRY,2,OPTIMAL,2,MEDIUM,26.8,28.44,57.07,57.01,3,PUMP,22.653,27.0,28.44,73.07,2
1,MILD,0,VERY_DRY,2,OPTIMAL,2,MEDIUM,26.38,27.63,62.68,60.48,3,PUMP,8.235,26.58,27.63,78.68,3
1,MILD,0,VERY_DRY,2,OPTIMAL,2,MEDIUM,27.36,32.26,58.38,61.09,4,PUMP_MIST_LOW,43.07,26.36,40.26,71.38,0
1,MILD,0,VERY_DRY,2,OPTIMAL,2,MEDIUM,27.15,29.61,53.01,61.58,4,PUMP_MIST_LOW,59.448,26.15,37.61,66.01,1
1,MILD,0,VERY_DRY,2,OPTIMAL,2,MEDIUM,26.92,28.31,62.72,56.01,4,PUMP_MIST_LOW,26.24,25.92,36.31,75.72,2
1,MILD,0,VERY_DRY,2,OPTIMAL,2,MEDIUM,27.21,29.86,58.98,66.07,4,PUMP_MIST_LOW,37.501,26.21,37.86,71.98,3
1,MILD,0,VERY_DRY,2,OPTIMAL,2,MEDIUM,25.66,28.81,59.32,63.02,5,PUMP_MIST_HIGH,22.248,23.66,42.81,75.32,0
1,MILD,0,VERY_DRY,2,OPTIMAL,2,MEDIUM,26.03,26.36,60.39,62.76,5,PUMP_MIST_HIGH,25.252,24.03,40.36,76.39,1
1,MILD,0,VERY_DRY,2,OPTIMAL,2,MEDIUM,25.44,29.16,54.23,57.68,5,PUMP_MIST_HIGH,32.791,23.44,43.16,70.23,2
1,MILD,0,VERY_DRY,2,OPTIMAL,2,MEDIUM,26.16,28.24,57.32,63.33,5,PUMP_MIST_HIGH,35.112,24.16,42.24,73.32,3
1,MILD,0,VERY_DRY,2,OPTIMAL,3,BRIGHT,27.28,28.55,59.82,86.11,0,OFF,33.5,28.28,24.55,56.82,0
1,MILD,0,VERY_DRY,2,OPTIMAL,3,BRIGHT,25.33,32.02,57.53,84.95,0,OFF,36.203,26.33,28.02,54.53,1
1,MILD,0,VERY_DRY,2,OPTIMAL,3,BRIGHT,27.35,28.73,57.6,89.19,0,OFF,28.901,28.35,24.73,54.6,2
1,MILD,0,VERY_DRY,2,OPTIMAL,3,BRIGHT,24.64,31.53,59.46,82.02,0,OFF,37.293,25.64,27.53,56.46,3
1,MILD,0,VERY_DRY,2,OPTIMAL,3,BRIGHT,25.93,33.21,59.73,86.96,1,MIST_LOW,75.315,25.73,38.21,57.73,0
1,MILD,0,VERY_DRY,2,OPTIMAL,3,BRIGHT,27.11,31.63,60.62,88.46,1,MIST_LOW,75.792,26.91,36.63,58.62,1
1,MILD,0,VERY_DRY,2,OPTIMAL,3,BRIGHT,26.8,31.19,53.78,82.37,1,MIST_LOW,62.371,26.6,36.19,51.78,2
1,MILD,0,VERY_DRY,2,OPTIMAL,3,BRIGHT,26.93,31.37,59.72,86.24,1,MIST_LOW,75.549,26.73,36.37,57.72,3
1,MILD,0,VERY_DRY,2,OPTIMAL,3,BRIGHT,26.88,32.62,56.58,84.13,2,MIST_HIGH,80.551,25.58,44.62,55.58,0
1,MILD,0,VERY_DRY,2,OPTIMAL,3,BRIGHT,26.75,31.58,53.08,87.55,2,MIST_HIGH,71.14,25.45,43.58,52.08,1
1,MILD,0,VERY_DRY,2,OPTIMAL,3,BRIGHT,27.22,29.56,55.22,82.24,2,MIST_HIGH,73.891,25.92,41.56,54.22,2
1,MILD,0,VERY_DRY,2,OPTIMAL,3,BRIGHT,25.39,33.37,56.58,83.08,2,MIST_HIGH,76.987,24.09,45.37,55.58,3
1,MILD,0,VERY_DRY,2,OPTIMAL,3,BRIGHT,26.32,28.43,60.18,84.81,3,PUMP,14.95,27.02,26.43,75.18,0
1,MILD,0,VERY_DRY,2,OPTIMAL,3,BRIGHT,25.98,28.9,55.81,92.85,3,PUMP,23.935,26.68,26.9,70.81,1
1,MILD,0,VERY_DRY,2,OPTIMAL,3,BRIGHT,26.58,27.67,54.96,91.85,3,PUMP,33.864,27.28,25.67,69.96,2
1,MILD,0,VERY_DRY,2,OPTIMAL,3,BRIGHT,25.71,32.96,58.69,87.93,3,PUMP,23.493,26.41,30.96,73.69,3
1,MILD,0,VERY_DRY,2,OPTIMAL,3,BRIGHT,26.14,31.28,58.66,90.19,4,PUMP_MIST_LOW,37.53,25.64,37.28,70.66,0
1,MILD,0,VERY_DRY,2,OPTIMAL,3,BRIGHT,26.18,26.52,54.28,82.78,4,PUMP_MIST_LOW,49.227,25.68,32.52,66.28,1
1,MILD,0,VERY_DRY,2,OPTIMAL,3,BRIGHT,25.33,30.56,55.28,88.28,4,PUMP_MIST_LOW,50.854,24.83,36.56,67.28,2
1,MILD,0,VERY_DRY,2,OPTIMAL,3,BRIGHT,26.79,27.53,59.78,93.9,4,PUMP_MIST_LOW,31.247,26.29,33.53,71.78,3
1,MILD,0,VERY_DRY,2,OPTIMAL,3,BRIGHT,26.54,30.26,55.53,88.72,5,PUMP_MIST_HIGH,43.839,25.04,42.26,70.53,0
1,MILD,0,VERY_DRY,2,OPTIMAL,3,BRIGHT,25.87,33.5,59.41,93.32,5,PUMP_MIST_HIGH,38.732,24.37,45.5,74.41,1
1,MILD,0,VERY_DRY,2,OPTIMAL,3,BRIGHT,24.75,33.51,57.33,93.94,5,PUMP_MIST_HIGH,31.517,23.25,45.51,72.33,2
1,MILD,0,VERY_DRY,2,OPTIMAL,3,BRIGHT,25.37,31.44,57.67,86.34,5,PUMP_MIST_HIGH,29.483,23.87,43.44,72.67,3
1,MILD,0,VERY_DRY,3,WET,0,DARK,26.73,33.07,79.25,12.34,0,OFF,-1.782,26.23,34.07,79.25,0
1,MILD,0,VERY_DRY,3,WET,0,DARK,25.78,29.59,77.05,11.34,0,OFF,-5.779,25.28,30.59,77.05,1
1,MILD,0,VERY_DRY,3,WET,0,DARK,24.83,30.57,77.25,17.85,0,OFF,-7.661,24.33,31.57,77.25,2
1,MILD,0,VERY_DRY,3,WET,0,DARK,27.34,29.39,77.74,12.0,0,OFF,-2.555,26.84,30.39,77.74,3
1,MILD,0,VERY_DRY,3,WET,0,DARK,25.06,28.49,83.26,10.16,1,MIST_LOW,-4.414,23.36,38.49,84.26,0
1,MILD,0,VERY_DRY,3,WET,0,DARK,25.94,32.46,82.93,16.52,1,MIST_LOW,13.481,24.24,42.46,83.93,1
1,MILD,0,VERY_DRY,3,WET,0,DARK,25.54,28.0,78.08,11.86,1,MIST_LOW,7.216,23.84,38.0,79.08,2
1,MILD,0,VERY_DRY,3,WET,0,DARK,25.55,26.44,80.34,18.53,1,MIST_LOW,0.025,23.85,36.44,81.34,3
1,MILD,0,VERY_DRY,3,WET,0,DARK,27.24,32.21,83.2,18.17,2,MIST_HIGH,12.233,24.44,49.21,85.2,0
1,MILD,0,VERY_DRY,3,WET,0,DARK,26.35,30.63,77.86,9.73,2,MIST_HIGH,10.077,23.55,47.63,79.86,1
1,MILD,0,VERY_DRY,3,WET,0,DARK,24.69,28.51,85.48,9.78,2,MIST_HIGH,-14.633,21.89,45.51,87.48,2
1,MILD,0,VERY_DRY,3,WET,0,DARK,24.96,33.35,81.42,12.62,2,MIST_HIGH,2.487,22.16,50.35,83.42,3
1,MILD,0,VERY_DRY,3,WET,0,DARK,26.35,26.53,83.78,15.71,3,PUMP,-64.787,25.55,29.53,100.0,0
1,MILD,0,VERY_DRY,3,WET,0,DARK,25.43,29.05,77.96,18.02,3,PUMP,-55.227,24.63,32.05,95.96,1
1,MILD,0,VERY_DRY,3,WET,0,DARK,25.25,30.8,83.6,9.13,3,PUMP,-61.477,24.45,33.8,100.0,2
1,MILD,0,VERY_DRY,3,WET,0,DARK,25.67,32.36,85.8,16.43,3,PUMP,-57.622,24.87,35.36,100.0,3
1,MILD,0,VERY_DRY,3,WET,0,DARK,25.55,33.5,84.83,14.45,4,PUMP_MIST_LOW,-54.877,23.55,44.5,99.83,0
1,MILD,0,VERY_DRY,3,WET,0,DARK,25.52,27.54,78.03,16.14,4,PUMP_MIST_LOW,-50.232,23.52,38.54,93.03,1
1,MILD,0,VERY_DRY,3,WET,0,DARK,24.79,32.32,78.94,15.88,4,PUMP_MIST_LOW,-46.836,22.79,43.32,93.94,2
1,MILD,0,VERY_DRY,3,WET,0,DARK,26.38,28.05,81.21,17.7,4,PUMP_MIST_LOW,-45.33,24.38,39.05,96.21,3
1,MILD,0,VERY_DRY,3,WET,0,DARK,25.84,27.95,84.97,9.73,5,PUMP_MIST_HIGH,-66.784,22.84,44.95,100.0,0
1,MILD,0,VERY_DRY,3,WET,0,DARK,25.47,29.49,86.6,18.05,5,PUMP_MIST_HIGH,-65.509,22.47,46.49,100.0,1
1,MILD,0,VERY_DRY,3,WET,0,DARK,25.47,33.08,84.75,10.77,5,PUMP_MIST_HIGH,-59.761,22.47,50.08,100.0,2
1,MILD,0,VERY_DRY,3,WET,0,DARK,25.46,28.74,80.69,9.1,5,PUMP_MIST_HIGH,-63.971,22.46,45.74,98.69,3
1,MILD,0,VERY_DRY,3,WET,1,LOW,26.24,31.43,77.57,40.09,0,OFF,-2.447,26.24,31.43,77.57,0
1,MILD,0,VERY_DRY,3,WET,1,LOW,26.94,32.87,81.22,36.34,0,OFF,-5.569,26.94,32.87,81.22,1
1,MILD,0,VERY_DRY,3,WET,1,LOW,25.16,33.27,84.85,38.1,0,OFF,-18.246,25.16,33.27,84.85,2
1,MILD,0,VERY_DRY,3,WET,1,LOW,26.47,31.56,86.82,41.2,0,OFF,-20.923,26.47,31.56,86.82,3
1,MILD,0,VERY_DRY,3,WET,1,LOW,25.53,30.63,86.63,41.39,1,MIST_LOW,1.426,24.33,39.63,87.63,0
1,MILD,0,VERY_DRY,3,WET,1,LOW,25.77,27.3,81.54,43.47,1,MIST_LOW,7.568,24.57,36.3,82.54,1
1,MILD,0,VERY_DRY,3,WET,1,LOW,24.72,27.76,77.04,36.68,1,MIST_LOW,6.389,23.52,36.76,78.04,2
1,MILD,0,VERY_DRY,3,WET,1,LOW,25.24,30.99,79.39,42.82,1,MIST_LOW,16.31,24.04,39.99,80.39,3
1,MILD,0,VERY_DRY,3,WET,1,LOW,27.27,28.65,84.4,36.46,2,MIST_HIGH,14.097,24.97,44.65,86.4,0
1,MILD,0,VERY_DRY,3,WET,1,LOW,25.12,33.92,80.63,34.88,2,MIST_HIGH,15.562,22.82,49.92,82.63,1
1,MILD,0,VERY_DRY,3,WET,1,LOW,24.68,26.92,79.91,36.33,2,MIST_HIGH,4.501,22.38,42.92,81.91,2
1,MILD,0,VERY_DRY,3,WET,1,LOW,26.24,32.12,77.44,34.36,2,MIST_HIGH,22.985,23.94,48.12,79.44,3
1,MILD,0,VERY_DRY,3,WET,1,LOW,25.15,27.39,85.85,42.63,3,PUMP,-67.238,24.85,29.39,100.0,0
1,MILD,0,VERY_DRY,3,WET,1,LOW,25.55,30.44,78.79,34.26,3,PUMP,-54.347,25.25,32.44,96.79,1
1,MILD,0,VERY_DRY,3,WET,1,LOW,26.96,33.29,77.21,42.13,3,PUMP,-41.972,26.66,35.29,95.21,2
1,MILD,0,VERY_DRY,3,WET,1,LOW,25.66,32.3,78.11,45.23,3,PUMP,-49.596,25.36,34.3,96.11,3
1,MILD,0,VERY_DRY,3,WET,1,LOW,25.45,27.92,85.09,41.93,4,PUMP_MIST_LOW,-64.473,23.95,37.92,100.0,0
1,MILD,0,VERY_DRY,3,WET,1,LOW,27.24,33.82,86.98,44.58,4,PUMP_MIST_LOW,-41.34,25.74,43.82,100.0,1
1,MILD,0,VERY_DRY,3,WET,1,LOW,27.06,26.52,78.44,45.09,4,PUMP_MIST_LOW,-39.806,25.56,36.52,93.44,2
1,MILD,0,VERY_DRY,3,WET,1,LOW,26.83,27.53,80.78,38.49,4,PUMP_MIST_LOW,-43.846,25.33,37.53,95.78,3
1,MILD,0,VERY_DRY,3,WET,1,LOW,26.28,33.82,79.45,34.55,5,PUMP_MIST_HIGH,-40.638,23.78,49.82,97.45,0
1,MILD,0,VERY_DRY,3,WET,1,LOW,26.32,27.51,82.35,43.48,5,PUMP_MIST_HIGH,-55.94,23.82,43.51,100.0,1
1,MILD,0,VERY_DRY,3,WET,1,LOW,25.52,26.43,84.96,44.47,5,PUMP_MIST_HIGH,-60.262,23.02,42.43,100.0,2
1,MILD,0,VERY_DRY,3,WET,1,LOW,26.98,33.75,85.86,36.51,5,PUMP_MIST_HIGH,-35.855,24.48,49.75,100.0,3
1,MILD,0,VERY_DRY,3,WET,2,MEDIUM,24.83,29.77,83.64,56.78,0,OFF,-19.76,25.33,27.77,81.64,0
1,MILD,0,VERY_DRY,3,WET,2,MEDIUM,26.02,32.01,83.45,62.11,0,OFF,-11.953,26.52,30.01,81.45,1
1,MILD,0,VERY_DRY,3,WET,2,MEDIUM,26.0,29.71,80.22,60.49,0,OFF,-8.928,26.5,27.71,78.22,2
1,MILD,0,VERY_DRY,3,WET,2,MEDIUM,26.54,31.73,81.95,59.22,0,OFF,-7.873,27.04,29.73,79.95,3
1,MILD,0,VERY_DRY,3,WET,2,MEDIUM,25.72,33.37,82.84,56.44,1,MIST_LOW,17.0,25.02,40.37,81.84,0
1,MILD,0,VERY_DRY,3,WET,2,MEDIUM,25.21,27.62,85.63,60.75,1,MIST_LOW,0.319,24.51,34.62,84.63,1
1,MILD,0,VERY_DRY,3,WET,2,MEDIUM,25.46,33.11,82.71,67.23,1,MIST_LOW,15.998,24.76,40.11,81.71,2
1,MILD,0,VERY_DRY,3,WET,2,MEDIUM,25.65,30.4,78.34,57.01,1,MIST_LOW,21.458,24.95,37.4,77.34,3
1,MILD,0,VERY_DRY,3,WET,2,MEDIUM,25.84,28.81,82.84,61.58,2,MIST_HIGH,15.68,24.04,42.81,82.84,0
1,MILD,0,VERY_DRY,3,WET,2,MEDIUM,26.34,29.41,81.68,60.91,2,MIST_HIGH,20.661,24.54,43.41,81.68,1
1,MILD,0,VERY_DRY,3,WET,2,MEDIUM,26.85,28.54,80.82,58.15,2,MIST_HIGH,22.696,25.05,42.54,80.82,2
1,MILD,0,VERY_DRY,3,WET,2,MEDIUM,25.25,31.16,80.59,56.99,2,MIST_HIGH,14.274,23.45,45.16,80.59,3
1,MILD,0,VERY_DRY,3,WET,2,MEDIUM,26.96,30.1,83.44,65.43,3,PUMP,-58.563,27.16,30.1,99.44,0
1,MILD,0,VERY_DRY,3,WET,2,MEDIUM,27.19,26.79,77.71,56.46,3,PUMP,-52.601,27.39,26.79,93.71,1
1,MILD,0,VERY_DRY,3,WET,2,MEDIUM,25.16,27.57,80.29,59.63,3,PUMP,-60.742,25.36,27.57,96.29,2
1,MILD,0,VERY_DRY,3,WET,2,MEDIUM,26.88,31.47,79.74,64.47,3,PUMP,-48.382,27.08,31.47,95.74,3
1,MILD,0,VERY_DRY,3,WET,2,MEDIUM,27.39,33.99,84.52,64.88,4,PUMP_MIST_LOW,-36.958,26.39,41.99,97.52,0
1,MILD,0,VERY_DRY,3,WET,2,MEDIUM,27.15,26.07,79.99,65.87,4,PUMP_MIST_LOW,-40.885,26.15,34.07,92.99,1
1,MILD,0,VERY_DRY,3,WET,2,MEDIUM,26.79,29.23,81.06,62.96,4,PUMP_MIST_LOW,-39.215,25.79,37.23,94.06,2
1,MILD,0,VERY_DRY,3,WET,2,MEDIUM,26.43,29.78,82.13,65.13,4,PUMP_MIST_LOW,-41.732,25.43,37.78,95.13,3
1,MILD,0,VERY_DRY,3,WET,2,MEDIUM,25.02,29.18,79.27,64.99,5,PUMP_MIST_HIGH,-49.12,23.02,43.18,95.27,0
1,MILD,0,VERY_DRY,3,WET,2,MEDIUM,25.93,30.13,84.86,65.09,5,PUMP_MIST_HIGH,-54.626,23.93,44.13,100.0,1
1,MILD,0,VERY_DRY,3,WET,2,MEDIUM,26.62,29.69,84.92,59.76,5,PUMP_MIST_HIGH,-45.1,24.62,43.69,100.0,2
1,MILD,0,VERY_DRY,3,WET,2,MEDIUM,25.13,32.16,83.98,58.52,5,PUMP_MIST_HIGH,-53.896,23.13,46.16,99.98,3
1,MILD,0,VERY_DRY,3,WET,3,BRIGHT,25.86,30.47,80.75,88.93,0,OFF,-8.769,26.86,26.47,77.75,0
1,MILD,0,VERY_DRY,3,WET,3,BRIGHT,24.96,33.55,77.1,91.72,0,OFF,0.942,25.96,29.55,74.1,1
1,MILD,0,VERY_DRY,3,WET,3,BRIGHT,26.94,28.72,81.19,90.23,0,OFF,-15.048,27.94,24.72,78.19,2
1,MILD,0,VERY_DRY,3,WET,3,BRIGHT,25.73,32.23,82.38,85.91,0,OFF,-9.789,26.73,28.23,79.38,3
1,MILD,0,VERY_DRY,3,WET,3,BRIGHT,24.67,32.28,86.22,83.84,1,MIST_LOW,5.276,24.47,37.28,84.22,0
1,MILD,0,VERY_DRY,3,WET,3,BRIGHT,27.27,28.64,83.3,89.24,1,MIST_LOW,13.485,27.07,33.64,81.3,1
1,MILD,0,VERY_DRY,3,WET,3,BRIGHT,26.3,32.94,86.8,84.45,1,MIST_LOW,10.34,26.1,37.94,84.8,2
1,MILD,0,VERY_DRY,3,WET,3,BRIGHT,25.69,30.28,78.88,83.3,1,MIST_LOW,20.766,25.49,35.28,76.88,3
1,MILD,0,VERY_DRY,3,WET,3,BRIGHT,26.19,29.61,85.95,83.12,2,MIST_HIGH,12.053,24.89,41.61,84.95,0
1,MILD,0,VERY_DRY,3,WET,3,BRIGHT,24.89,30.42,77.32,90.27,2,MIST_HIGH,19.299,23.59,42.42,76.32,1
1,MILD,0,VERY_DRY,3,WET,3,BRIGHT,25.97,27.49,77.69,93.56,2,MIST_HIGH,25.268,24.67,39.49,76.69,2
1,MILD,0,VERY_DRY,3,WET,3,BRIGHT,25.39,27.86,83.6,82.84,2,MIST_HIGH,11.635,24.09,39.86,82.6,3
1,MILD,0,VERY_DRY,3,WET,3,BRIGHT,24.76,30.15,78.72,92.32,3,PUMP,-54.096,25.46,28.15,93.72,0
1,MILD,0,VERY_DRY,3,WET,3,BRIGHT,25.75,27.26,78.11,88.44,3,PUMP,-54.274,26.45,25.26,93.11,1
1,MILD,0,VERY_DRY,3,WET,3,BRIGHT,25.94,26.55,86.55,92.39,3,PUMP,-69.275,26.64,24.55,100.0,2
1,MILD,0,VERY_DRY,3,WET,3,BRIGHT,24.96,27.65,81.32,90.52,3,PUMP,-62.919,25.66,25.65,96.32,3
1,MILD,0,VERY_DRY,3,WET,3,BRIGHT,25.93,30.83,86.39,89.05,4,PUMP_MIST_LOW,-50.121,25.43,36.83,98.39,0
1,MILD,0,VERY_DRY,3,WET,3,BRIGHT,26.01,31.48,79.75,82.09,4,PUMP_MIST_LOW,-34.896,25.51,37.48,91.75,1
1,MILD,0,VERY_DRY,3,WET,3,BRIGHT,25.0,26.51,80.99,91.69,4,PUMP_MIST_LOW,-48.667,24.5,32.51,92.99,2
1,MILD,0,VERY_DRY,3,WET,3,BRIGHT,26.07,33.28,85.79,87.52,4,PUMP_MIST_LOW,-44.48,25.57,39.28,97.79,3
1,MILD,0,VERY_DRY,3,WET,3,BRIGHT,26.21,31.9,79.88,92.57,5,PUMP_MIST_HIGH,-33.727,24.71,43.9,94.88,0
1,MILD,0,VERY_DRY,3,WET,3,BRIGHT,25.88,31.6,84.12,85.57,5,PUMP_MIST_HIGH,-44.172,24.38,43.6,99.12,1
1,MILD,0,VERY_DRY,3,WET,3,BRIGHT,26.32,32.48,78.75,84.99,5,PUMP_MIST_HIGH,-30.097,24.82,44.48,93.75,2
1,MILD,0,VERY_DRY,3,WET,3,BRIGHT,27.12,31.87,81.58,92.93,5,PUMP_MIST_HIGH,-34.445,25.62,43.87,96.58,3
1,MILD,1,DRY,0,VERY_DRY,0,DARK,25.11,48.55,13.94,20.35,0,OFF,-47.093,24.61,49.55,13.94,0
1,MILD,1,DRY,0,VERY_DRY,0,DARK,25.27,50.96,12.74,16.54,0,OFF,-45.24,24.77,51.96,12.74,1
1,MILD,1,DRY,0,VERY_DRY,0,DARK,25.42,51.33,16.98,17.67,0,OFF,-35.277,24.92,52.33,16.98,2
1,MILD,1,DRY,0,VERY_DRY,0,DARK,25.21,47.95,19.92,15.63,0,OFF,-35.177,24.71,48.95,19.92,3
1,MILD,1,DRY,0,VERY_DRY,0,DARK,27.39,44.61,11.05,18.2,1,MIST_LOW,-39.513,25.69,54.61,12.05,0
1,MILD,1,DRY,0,VERY_DRY,0,DARK,25.51,47.61,12.53,15.07,1,MIST_LOW,-37.619,23.81,57.61,13.53,1
1,MILD,1,DRY,0,VERY_DRY,0,DARK,25.89,44.59,16.94,18.0,1,MIST_LOW,-31.958,24.19,54.59,17.94,2
1,MILD,1,DRY,0,VERY_DRY,0,DARK,25.67,49.97,18.56,13.76,1,MIST_LOW,-20.685,23.97,59.97,19.56,3
1,MILD,1,DRY,0,VERY_DRY,0,DARK,24.63,44.92,19.17,12.93,2,MIST_HIGH,-31.016,21.83,61.92,21.17,0
1,MILD,1,DRY,0,VERY_DRY,0,DARK,26.7,47.88,10.68,15.58,2,MIST_HIGH,-46.704,23.9,64.88,12.68,1
1,MILD,1,DRY,0,VERY_DRY,0,DARK,25.28,51.6,11.4,18.85,2,MIST_HIGH,-55.684,22.48,68.6,13.4,2
1,MILD,1,DRY,0,VERY_DRY,0,DARK,26.96,45.36,10.18,10.21,2,MIST_HIGH,-34.904,24.16,62.36,12.18,3
1,MILD,1,DRY,0,VERY_DRY,0,DARK,25.42,48.28,13.91,9.93,3,PUMP,28.447,24.62,51.28,31.91,0
1,MILD,1,DRY,0,VERY_DRY,0,DARK,26.74,49.42,11.53,13.3,3,PUMP,29.496,25.94,52.42,29.53,1
1,MILD,1,DRY,0,VERY_DRY,0,DARK,25.21,44.28,16.75,11.59,3,PUMP,27.318,24.41,47.28,34.75,2
1,MILD,1,DRY,0,VERY_DRY,0,DARK,26.55,50.69,18.12,16.69,3,PUMP,44.752,25.75,53.69,36.12,3
1,MILD,1,DRY,0,VERY_DRY,0,DARK,26.61,51.18,13.91,12.7,4,PUMP_MIST_LOW,46.96,24.61,62.18,28.91,0
1,MILD,1,DRY,0,VERY_DRY,0,DARK,24.75,44.04,17.72,18.21,4,PUMP_MIST_LOW,30.17,22.75,55.04,32.72,1
1,MILD,1,DRY,0,VERY_DRY,0,DARK,27.2,47.0,12.39,10.1,4,PUMP_MIST_LOW,39.547,25.2,58.0,27.39,2
1,MILD,1,DRY,0,VERY_DRY,0,DARK,25.78,51.91,13.37,11.31,4,PUMP_MIST_LOW,34.015,23.78,62.91,28.37,3
1,MILD,1,DRY,0,VERY_DRY,0,DARK,26.47,45.76,18.82,18.56,5,PUMP_MIST_HIGH,41.019,23.47,62.76,36.82,0
1,MILD,1,DRY,0,VERY_DRY,0,DARK,26.93,45.34,11.67,13.99,5,PUMP_MIST_HIGH,28.12,23.93,62.34,29.67,1
1,MILD,1,DRY,0,VERY_DRY,0,DARK,24.9,46.62,15.62,11.27,5,PUMP_MIST_HIGH,27.901,21.9,63.62,33.62,2
1,MILD,1,DRY,0,VERY_DRY,0,DARK,25.18,48.33,19.39,10.45,5,PUMP_MIST_HIGH,33.959,22.18,65.33,37.39,3
1,MILD,1,DRY,0,VERY_DRY,1,LOW,25.2,46.85,11.74,38.83,0,OFF,-54.154,25.2,46.85,11.74,0
1,MILD,1,DRY,0,VERY_DRY,1,LOW,25.49,47.11,14.59,34.79,0,OFF,-46.831,25.49,47.11,14.59,1
1,MILD,1,DRY,0,VERY_DRY,1,LOW,26.88,49.2,13.69,34.81,0,OFF,-40.909,26.88,49.2,13.69,2
1,MILD,1,DRY,0,VERY_DRY,1,LOW,25.21,46.41,15.99,45.8,0,OFF,-45.886,25.21,46.41,15.99,3
1,MILD,1,DRY,0,VERY_DRY,1,LOW,24.89,48.29,19.91,44.21,1,MIST_LOW,-23.043,23.69,57.29,20.91,0
1,MILD,1,DRY,0,VERY_DRY,1,LOW,25.08,51.67,16.0,45.78,1,MIST_LOW,-25.211,23.88,60.67,17.0,1
1,MILD,1,DRY,0,VERY_DRY,1,LOW,26.55,49.42,19.72,42.32,1,MIST_LOW,-8.284,25.35,58.42,20.72,2
1,MILD,1,DRY,0,VERY_DRY,1,LOW,25.53,49.08,18.84,37.82,1,MIST_LOW,-13.949,24.33,58.08,19.84,3
1,MILD,1,DRY,0,VERY_DRY,1,LOW,26.98,47.86,13.35,41.3,2,MIST_HIGH,-18.944,24.68,63.86,15.35,0
1,MILD,1,DRY,0,VERY_DRY,1,LOW,26.24,47.06,16.41,36.79,2,MIST_HIGH,-21.64,23.94,63.06,18.41,1
1,MILD,1,DRY,0,VERY_DRY,1,LOW,26.24,51.91,12.33,41.4,2,MIST_HIGH,-37.943,23.94,67.91,14.33,2
1,MILD,1,DRY,0,VERY_DRY,1,LOW,27.11,46.47,17.38,43.09,2,MIST_HIGH,-7.862,24.81,62.47,19.38,3
1,MILD,1,DRY,0,VERY_DRY,1,LOW,26.34,44.48,13.75,37.56,3,PUMP,24.945,26.04,46.48,31.75,0
1,MILD,1,DRY,0,VERY_DRY,1,LOW,25.02,45.64,10.38,45.08,3,PUMP,15.531,24.72,47.64,28.38,1
1,MILD,1,DRY,0,VERY_DRY,1,LOW,26.27,51.57,17.39,37.94,3,PUMP,43.75,25.97,53.57,35.39,2
1,MILD,1,DRY,0,VERY_DRY,1,LOW,25.38,49.15,17.6,40.25,3,PUMP,37.46,25.08,51.15,35.6,3
1,MILD,1,DRY,0,VERY_DRY,1,LOW,27.34,49.18,12.88,34.28,4,PUMP_MIST_LOW,44.532,25.84,59.18,27.88,0
1,MILD,1,DRY,0,VERY_DRY,1,LOW,26.97,46.65,12.42,40.47,4,PUMP_MIST_LOW,38.336,25.47,56.65,27.42,1
1,MILD,1,DRY,0,VERY_DRY,1,LOW,27.14,49.32,12.48,42.25,4,PUMP_MIST_LOW,43.271,25.64,59.32,27.48,2
1,MILD,1,DRY,0,VERY_DRY,1,LOW,26.61,48.86,13.81,37.86,4,PUMP_MIST_LOW,43.661,25.11,58.86,28.81,3
1,MILD,1,DRY,0,VERY_DRY,1,LOW,25.84,44.05,18.7,34.84,5,PUMP_MIST_HIGH,48.428,23.34,60.05,36.7,0
1,MILD,1,DRY,0,VERY_DRY,1,LOW,25.14,49.07,11.42,36.45,5,PUMP_MIST_HIGH,29.097,22.64,65.07,29.42,1
1,MILD,1,DRY,0,VERY_DRY,1,LOW,24.86,48.74,18.31,45.18,5,PUMP_MIST_HIGH,43.212,22.36,64.74,36.31,2
1,MILD,1,DRY,0,VERY_DRY,1,LOW,25.26,44.63,17.25,37.74,5,PUMP_MIST_HIGH,44.463,22.76,60.63,35.25,3
1,MILD,1,DRY,0,VERY_DRY,2,MEDIUM,26.62,45.96,11.76,58.99,0,OFF,-57.546,27.12,43.96,9.76,0
1,MILD,1,DRY,0,VERY_DRY,2,MEDIUM,25.4,47.59,16.36,59.26,0,OFF,-48.438,25.9,45.59,14.36,1
1,MILD,1,DRY,0,VERY_DRY,2,MEDIUM,26.79,44.64,19.73,60.78,0,OFF,-43.472,27.29,42.64,17.73,2
1,MILD,1,DRY,0,VERY_DRY,2,MEDIUM,25.07,47.53,15.05,64.82,0,OFF,-52.316,25.57,45.53,13.05,3
1,MILD,1,DRY,0,VERY_DRY,2,MEDIUM,26.73,50.56,17.94,56.24,1,MIST_LOW,-15.452,26.03,57.56,16.94,0
1,MILD,1,DRY,0,VERY_DRY,2,MEDIUM,25.67,50.83,17.59,67.06,1,MIST_LOW,-19.135,24.97,57.83,16.59,1
1,MILD,1,DRY,0,VERY_DRY,2,MEDIUM,26.27,45.22,17.27,59.09,1,MIST_LOW,-34.872,25.57,52.22,16.27,2
1,MILD,1,DRY,0,VERY_DRY,2,MEDIUM,25.9,47.63,13.75,63.27,1,MIST_LOW,-39.581,25.2,54.63,12.75,3
1,MILD,1,DRY,0,VERY_DRY,2,MEDIUM,24.8,45.09,14.69,57.86,2,MIST_HIGH,-35.392,23.0,59.09,14.69,0
1,MILD,1,DRY,0,VERY_DRY,2,MEDIUM,25.13,44.1,15.01,64.7,2,MIST_HIGH,-35.262,23.33,58.1,15.01,1
1,MILD,1,DRY,0,VERY_DRY,2,MEDIUM,25.98,51.41,19.4,67.65,2,MIST_HIGH,-14.539,24.18,65.41,19.4,2
1,MILD,1,DRY,0,VERY_DRY,2,MEDIUM,25.64,47.92,16.41,63.06,2,MIST_HIGH,-24.568,23.84,61.92,16.41,3
1,MILD,1,DRY,0,VERY_DRY,2,MEDIUM,25.74,44.31,19.22,60.62,3,PUMP,28.473,25.94,44.31,35.22,0
1,MILD,1,DRY,0,VERY_DRY,2,MEDIUM,26.18,45.55,14.36,59.06,3,PUMP,21.676,26.38,45.55,30.36,1
1,MILD,1,DRY,0,VERY_DRY,2,MEDIUM,27.16,49.78,15.1,61.86,3,PUMP,30.805,27.36,49.78,31.1,2
1,MILD,1,DRY,0,VERY_DRY,2,MEDIUM,26.53,49.57,16.51,67.12,3,PUMP,33.713,26.73,49.57,32.51,3
1,MILD,1,DRY,0,VERY_DRY,2,MEDIUM,26.66,45.94,10.35,65.76,4,PUMP_MIST_LOW,18.038,25.66,53.94,23.35,0
1,MILD,1,DRY,0,VERY_DRY,2,MEDIUM,26.37,49.41,16.97,63.74,4,PUMP_MIST_LOW,44.578,25.37,57.41,29.97,1
1,MILD,1,DRY,0,VERY_DRY,2,MEDIUM,25.33,47.64,16.81,59.05,4,PUMP_MIST_LOW,38.094,24.33,55.64,29.81,2
1,MILD,1,DRY,0,VERY_DRY,2,MEDIUM,26.29,51.61,18.42,56.15,4,PUMP_MIST_LOW,50.87,25.29,59.61,31.42,3
1,MILD,1,DRY,0,VERY_DRY,2,MEDIUM,26.76,49.16,19.17,60.77,5,PUMP_MIST_HIGH,59.034,24.76,63.16,35.17,0
1,MILD,1,DRY,0,VERY_DRY,2,MEDIUM,26.24,51.21,15.19,58.27,5,PUMP_MIST_HIGH,45.729,24.24,65.21,31.19,1
1,MILD,1,DRY,0,VERY_DRY,2,MEDIUM,25.78,50.64,12.53,59.63,5,PUMP_MIST_HIGH,31.599,23.78,64.64,28.53,2
1,MILD,1,DRY,0,VERY_DRY,2,MEDIUM,27.31,49.27,13.83,59.7,5,PUMP_MIST_HIGH,49.4,25.31,63.27,29.83,3
1,MILD,1,DRY,0,VERY_DRY,3,BRIGHT,25.75,51.01,17.28,83.07,0,OFF,-43.593,26.75,47.01,14.28,0
1,MILD,1,DRY,0,VERY_DRY,3,BRIGHT,26.38,50.21,13.44,83.71,0,OFF,-53.346,27.38,46.21,10.44,1
1,MILD,1,DRY,0,VERY_DRY,3,BRIGHT,26.7,51.44,13.98,85.7,0,OFF,-51.267,27.7,47.44,10.98,2
1,MILD,1,DRY,0,VERY_DRY,3,BRIGHT,27.36,50.53,10.02,82.84,0,OFF,-63.181,28.36,46.53,7.02,3
1,MILD,1,DRY,0,VERY_DRY,3,BRIGHT,26.55,48.2,16.55,90.8,1,MIST_LOW,-34.417,26.35,53.2,14.55,0
1,MILD,1,DRY,0,VERY_DRY,3,BRIGHT,25.08,47.0,17.04,84.38,1,MIST_LOW,-40.011,24.88,52.0,15.04,1
1,MILD,1,DRY,0,VERY_DRY,3,BRIGHT,25.11,51.59,14.51,91.77,1,MIST_LOW,-29.885,24.91,56.59,12.51,2
1,MILD,1,DRY,0,VERY_DRY,3,BRIGHT,25.12,44.47,11.83,91.11,1,MIST_LOW,-54.864,24.92,49.47,9.83,3
1,MILD,1,DRY,0,VERY_DRY,3,BRIGHT,25.33,51.22,14.09,89.52,2,MIST_HIGH,-24.781,24.03,63.22,13.09,0
1,MILD,1,DRY,0,VERY_DRY,3,BRIGHT,26.35,50.95,11.66,85.52,2,MIST_HIGH,-26.172,25.05,62.95,10.66,1
1,MILD,1,DRY,0,VERY_DRY,3,BRIGHT,25.66,46.21,13.42,89.03,2,MIST_HIGH,-29.228,24.36,58.21,12.42,2
1,MILD,1,DRY,0,VERY_DRY,3,BRIGHT,25.94,49.38,11.01,82.73,2,MIST_HIGH,-28.329,24.64,61.38,10.01,3
1,MILD,1,DRY,0,VERY_DRY,3,BRIGHT,26.71,44.06,15.82,93.85,3,PUMP,17.728,27.41,42.06,30.82,0
1,MILD,1,DRY,0,VERY_DRY,3,BRIGHT,24.87,48.18,10.07,89.24,3,PUMP,8.966,25.57,46.18,25.07,1
1,MILD,1,DRY,0,VERY_DRY,3,BRIGHT,27.36,50.09,19.32,87.68,3,PUMP,32.618,28.06,48.09,34.32,2
1,MILD,1,DRY,0,VERY_DRY,3,BRIGHT,25.54,47.44,13.71,92.68,3,PUMP,17.563,26.24,45.44,28.71,3
1,MILD,1,DRY,0,VERY_DRY,3,BRIGHT,27.4,50.53,19.41,89.98,4,PUMP_MIST_LOW,51.091,26.9,56.53,31.41,0
1,MILD,1,DRY,0,VERY_DRY,3,BRIGHT,25.66,44.46,13.56,85.96,4,PUMP_MIST_LOW,15.52,25.16,50.46,25.56,1
1,MILD,1,DRY,0,VERY_DRY,3,BRIGHT,24.88,47.66,16.98,90.7,4,PUMP_MIST_LOW,25.331,24.38,53.66,28.98,2
1,MILD,1,DRY,0,VERY_DRY,3,BRIGHT,27.09,45.11,16.02,92.43,4,PUMP_MIST_LOW,26.294,26.59,51.11,28.02,3
1,MILD,1,DRY,0,VERY_DRY,3,BRIGHT,25.38,49.59,18.15,86.42,5,PUMP_MIST_HIGH,45.191,23.88,61.59,33.15,0
1,MILD,1,DRY,0,VERY_DRY,3,BRIGHT,26.33,49.27,14.75,86.96,5,PUMP_MIST_HIGH,48.573,24.83,61.27,29.75,1
1,MILD,1,DRY,0,VERY_DRY,3,BRIGHT,25.13,51.89,19.58,91.75,5,PUMP_MIST_HIGH,44.989,23.63,63.89,34.58,2
1,MILD,1,DRY,0,VERY_DRY,3,BRIGHT,24.65,46.88,10.46,91.69,5,PUMP_MIST_HIGH,22.34,23.15,58.88,25.46,3
1,MILD,1,DRY,1,DRY,0,DARK,25.51,47.55,36.07,13.8,0,OFF,34.066,25.01,48.55,36.07,0
1,MILD,1,DRY,1,DRY,0,DARK,26.32,44.65,34.28,20.18,0,OFF,28.237,25.82,45.65,34.28,1
1,MILD,1,DRY,1,DRY,0,DARK,27.21,51.89,38.57,19.86,0,OFF,51.691,26.71,52.89,38.57,2
1,MILD,1,DRY,1,DRY,0,DARK,26.66,46.35,31.95,10.72,0,OFF,27.157,26.16,47.35,31.95,3
1,MILD,1,DRY,1,DRY,0,DARK,26.06,48.58,38.57,15.06,1,MIST_LOW,63.353,24.36,58.58,39.57,0
1,MILD,1,DRY,1,DRY,0,DARK,24.96,50.37,33.01,17.08,1,MIST_LOW,43.053,23.26,60.37,34.01,1
1,MILD,1,DRY,1,DRY,0,DARK,26.14,51.0,31.68,14.36,1,MIST_LOW,53.023,24.44,61.0,32.68,2
1,MILD,1,DRY,1,DRY,0,DARK,24.92,49.3,32.41,11.54,1,MIST_LOW,39.957,23.22,59.3,33.41,3
1,MILD,1,DRY,1,DRY,0,DARK,26.71,49.28,30.89,14.22,2,MIST_HIGH,28.542,23.91,66.28,32.89,0
1,MILD,1,DRY,1,DRY,0,DARK,26.6,45.28,39.29,19.83,2,MIST_HIGH,52.231,23.8,62.28,41.29,1
1,MILD,1,DRY,1,DRY,0,DARK,26.75,45.76,32.58,14.72,2,MIST_HIGH,37.816,23.95,62.76,34.58,2
1,MILD,1,DRY,1,DRY,0,DARK,27.11,44.98,31.36,15.41,2,MIST_HIGH,45.628,24.31,61.98,33.36,3
1,MILD,1,DRY,1,DRY,0,DARK,26.63,44.72,36.92,19.46,3,PUMP,84.945,25.83,47.72,54.92,0
1,MILD,1,DRY,1,DRY,0,DARK,27.21,50.13,36.01,16.73,3,PUMP,93.532,26.41,53.13,54.01,1
1,MILD,1,DRY,1,DRY,0,DARK,25.66,49.74,37.36,13.58,3,PUMP,90.777,24.86,52.74,55.36,2
1,MILD,1,DRY,1,DRY,0,DARK,26.4,48.5,38.56,18.7,3,PUMP,93.685,25.6,51.5,56.56,3
1,MILD,1,DRY,1,DRY,0,DARK,25.23,44.93,30.88,10.07,4,PUMP_MIST_LOW,70.745,23.23,55.93,45.88,0
1,MILD,1,DRY,1,DRY,0,DARK,26.67,51.5,37.45,10.39,4,PUMP_MIST_LOW,106.096,24.67,62.5,52.45,1
1,MILD,1,DRY,1,DRY,0,DARK,25.63,50.83,39.54,15.92,4,PUMP_MIST_LOW,99.673,23.63,61.83,54.54,2
1,MILD,1,DRY,1,DRY,0,DARK,24.6,44.5,35.36,19.17,4,PUMP_MIST_LOW,77.475,22.6,55.5,50.36,3
1,MILD,1,DRY,1,DRY,0,DARK,27.34,46.56,33.65,17.15,5,PUMP_MIST_HIGH,91.674,24.34,63.56,51.65,0
1,MILD,1,DRY,1,DRY,0,DARK,26.83,48.16,36.02,11.67,5,PUMP_MIST_HIGH,84.438,23.83,65.16,54.02,1
1,MILD,1,DRY,1,DRY,0,DARK,25.71,48.31,34.61,10.74,5,PUMP_MIST_HIGH,77.645,22.71,65.31,52.61,2
1,MILD,1,DRY,1,DRY,0,DARK,27.24,50.7,35.0,14.47,5,PUMP_MIST_HIGH,87.548,24.24,67.7,53.0,3
1,MILD,1,DRY,1,DRY,1,LOW,26.28,45.17,36.65,43.62,0,OFF,33.949,26.28,45.17,36.65,0
1,MILD,1,DRY,1,DRY,1,LOW,26.57,48.79,33.09,45.88,0,OFF,33.171,26.57,48.79,33.09,1
1,MILD,1,DRY,1,DRY,1,LOW,24.95,51.97,37.07,39.74,0,OFF,41.423,24.95,51.97,37.07,2
1,MILD,1,DRY,1,DRY,1,LOW,26.92,47.96,37.04,38.52,0,OFF,41.268,26.92,47.96,37.04,3
1,MILD,1,DRY,1,DRY,1,LOW,27.35,46.67,38.28,36.53,1,MIST_LOW,63.821,26.15,55.67,39.28,0
1,MILD,1,DRY,1,DRY,1,LOW,26.65,50.48,37.0,34.63,1,MIST_LOW,65.027,25.45,59.48,38.0,1
1,MILD,1,DRY,1,DRY,1,LOW,27.02,45.43,34.88,38.7,1,MIST_LOW,45.663,25.82,54.43,35.88,2
1,MILD,1,DRY,1,DRY,1,LOW,27.36,49.27,38.49,45.89,1,MIST_LOW,68.457,26.16,58.27,39.49,3
1,MILD,1,DRY,1,DRY,1,LOW,26.13,46.7,36.78,45.88,2,MIST_HIGH,56.387,23.83,62.7,38.78,0
1,MILD,1,DRY,1,DRY,1,LOW,26.72,47.13,35.28,37.4,2,MIST_HIGH,62.428,24.42,63.13,37.28,1
1,MILD,1,DRY,1,DRY,1,LOW,26.55,45.56,38.56,38.73,2,MIST_HIGH,69.878,24.25,61.56,40.56,2
1,MILD,1,DRY,1,DRY,1,LOW,24.97,50.02,35.8,43.66,2,MIST_HIGH,45.292,22.67,66.02,37.8,3
1,MILD,1,DRY,1,DRY,1,LOW,26.98,49.68,34.58,35.96,3,PUMP,89.065,26.68,51.68,52.58,0
1,MILD,1,DRY,1,DRY,1,LOW,24.99,49.57,32.91,35.74,3,PUMP,79.013,24.69,51.57,50.91,1
1,MILD,1,DRY,1,DRY,1,LOW,25.21,49.99,37.35,34.11,3,PUMP,89.735,24.91,51.99,55.35,2
1,MILD,1,DRY,1,DRY,1,LOW,26.63,48.61,36.78,45.86,3,PUMP,90.878,26.33,50.61,54.78,3
1,MILD,1,DRY,1,DRY,1,LOW,25.01,51.6,34.27,44.1,4,PUMP_MIST_LOW,87.877,23.51,61.6,49.27,0
1,MILD,1,DRY,1,DRY,1,LOW,27.19,44.77,39.74,36.16,4,PUMP_MIST_LOW,95.404,25.69,54.77,54.74,1
1,MILD,1,DRY,1,DRY,1,LOW,24.75,51.84,36.5,41.12,4,PUMP_MIST_LOW,92.09,23.25,61.84,51.5,2
1,MILD,1,DRY,1,DRY,1,LOW,27.32,49.02,34.04,34.41,4,PUMP_MIST_LOW,98.618,25.82,59.02,49.04,3
1,MILD,1,DRY,1,DRY,1,LOW,25.27,47.91,36.88,45.45,5,PUMP_MIST_HIGH,94.871,22.77,63.91,54.88,0
1,MILD,1,DRY,1,DRY,1,LOW,26.43,47.0,36.92,43.54,5,PUMP_MIST_HIGH,100.092,23.93,63.0,54.92,1
1,MILD,1,DRY,1,DRY,1,LOW,26.44,50.22,38.65,41.8,5,PUMP_MIST_HIGH,98.628,23.94,66.22,56.65,2
1,MILD,1,DRY,1,DRY,1,LOW,25.37,49.23,33.67,35.44,5,PUMP_MIST_HIGH,86.339,22.87,65.23,51.67,3
1,MILD,1,DRY,1,DRY,2,MEDIUM,24.83,47.91,36.69,62.12,0,OFF,27.967,25.33,45.91,34.69,0
1,MILD,1,DRY,1,DRY,2,MEDIUM,24.66,48.58,35.73,59.28,0,OFF,26.486,25.16,46.58,33.73,1
1,MILD,1,DRY,1,DRY,2,MEDIUM,26.69,50.35,31.81,61.81,0,OFF,26.372,27.19,48.35,29.81,2
1,MILD,1,DRY,1,DRY,2,MEDIUM,26.4,47.47,35.71,57.19,0,OFF,30.246,26.9,45.47,33.71,3
1,MILD,1,DRY,1,DRY,2,MEDIUM,24.78,51.27,37.95,58.22,1,MIST_LOW,56.482,24.08,58.27,36.95,0
1,MILD,1,DRY,1,DRY,2,MEDIUM,26.88,44.16,35.56,62.44,1,MIST_LOW,38.793,26.18,51.16,34.56,1
1,MILD,1,DRY,1,DRY,2,MEDIUM,26.87,47.91,35.19,63.02,1,MIST_LOW,44.008,26.17,54.91,34.19,2
1,MILD,1,DRY,1,DRY,2,MEDIUM,26.6,50.32,31.24,65.04,1,MIST_LOW,46.694,25.9,57.32,30.24,3
1,MILD,1,DRY,1,DRY,2,MEDIUM,27.3,51.18,31.81,63.19,2,MIST_HIGH,51.117,25.5,65.18,31.81,0
1,MILD,1,DRY,1,DRY,2,MEDIUM,25.1,48.44,38.01,57.48,2,MIST_HIGH,53.483,23.3,62.44,38.01,1
1,MILD,1,DRY,1,DRY,2,MEDIUM,24.96,45.65,31.61,62.75,2,MIST_HIGH,36.539,23.16,59.65,31.61,2
1,MILD,1,DRY,1,DRY,2,MEDIUM,26.98,44.28,39.8,62.07,2,MIST_HIGH,66.016,25.18,58.28,39.8,3
1,MILD,1,DRY,1,DRY,2,MEDIUM,25.62,48.36,34.23,67.34,3,PUMP,76.07,25.82,48.36,50.23,0
1,MILD,1,DRY,1,DRY,2,MEDIUM,24.6,46.4,39.46,62.23,3,PUMP,80.679,24.8,46.4,55.46,1
1,MILD,1,DRY,1,DRY,2,MEDIUM,26.79,49.27,34.45,62.92,3,PUMP,81.754,26.99,49.27,50.45,2
1,MILD,1,DRY,1,DRY,2,MEDIUM,26.55,48.18,39.86,60.23,3,PUMP,90.585,26.75,48.18,55.86,3
1,MILD,1,DRY,1,DRY,2,MEDIUM,26.11,45.68,30.99,65.84,4,PUMP_MIST_LOW,59.207,25.11,53.68,43.99,0
1,MILD,1,DRY,1,DRY,2,MEDIUM,25.26,45.5,33.0,65.99,4,PUMP_MIST_LOW,70.446,24.26,53.5,46.0,1
1,MILD,1,DRY,1,DRY,2,MEDIUM,27.28,48.82,32.16,60.31,4,PUMP_MIST_LOW,88.443,26.28,56.82,45.16,2
1,MILD,1,DRY,1,DRY,2,MEDIUM,24.96,48.98,30.74,59.06,4,PUMP_MIST_LOW,60.298,23.96,56.98,43.74,3
1,MILD,1,DRY,1,DRY,2,MEDIUM,25.67,51.23,34.0,57.0,5,PUMP_MIST_HIGH,85.375,23.67,65.23,50.0,0
1,MILD,1,DRY,1,DRY,2,MEDIUM,25.31,47.4,36.95,62.43,5,PUMP_MIST_HIGH,94.627,23.31,61.4,52.95,1
1,MILD,1,DRY,1,DRY,2,MEDIUM,24.8,49.86,39.95,64.36,5,PUMP_MIST_HIGH,97.277,22.8,63.86,55.95,2
1,MILD,1,DRY,1,DRY,2,MEDIUM,25.14,46.98,36.57,65.85,5,PUMP_MIST_HIGH,92.613,23.14,60.98,52.57,3
1,MILD,1,DRY,1,DRY,3,BRIGHT,26.29,47.36,31.53,93.91,0,OFF,15.355,27.29,43.36,28.53,0
1,MILD,1,DRY,1,DRY,3,BRIGHT,25.81,44.21,36.04,82.93,0,OFF,20.113,26.81,40.21,33.04,1
1,MILD,1,DRY,1,DRY,3,BRIGHT,24.95,44.88,35.48,82.79,0,OFF,17.26,25.95,40.88,32.48,2
1,MILD,1,DRY,1,DRY,3,BRIGHT,26.39,46.9,33.34,85.28,0,OFF,18.092,27.39,42.9,30.34,3
1,MILD,1,DRY,1,DRY,3,BRIGHT,27.03,45.81,30.1,86.53,1,MIST_LOW,26.762,26.83,50.81,28.1,0
1,MILD,1,DRY,1,DRY,3,BRIGHT,27.31,47.03,31.05,93.11,1,MIST_LOW,30.891,27.11,52.03,29.05,1
1,MILD,1,DRY,1,DRY,3,BRIGHT,25.09,49.83,33.07,91.86,1,MIST_LOW,33.215,24.89,54.83,31.07,2
1,MILD,1,DRY,1,DRY,3,BRIGHT,25.97,48.23,37.0,92.38,1,MIST_LOW,41.747,25.77,53.23,35.0,3
1,MILD,1,DRY,1,DRY,3,BRIGHT,26.14,48.86,38.97,84.05,2,MIST_HIGH,65.205,24.84,60.86,37.97,0
1,MILD,1,DRY,1,DRY,3,BRIGHT,27.25,47.12,33.45,90.9,2,MIST_HIGH,54.376,25.95,59.12,32.45,1
1,MILD,1,DRY,1,DRY,3,BRIGHT,27.31,48.25,35.95,92.2,2,MIST_HIGH,61.626,26.01,60.25,34.95,2
1,MILD,1,DRY,1,DRY,3,BRIGHT,25.94,45.02,30.09,88.16,2,MIST_HIGH,39.765,24.64,57.02,29.09,3
1,MILD,1,DRY,1,DRY,3,BRIGHT,25.04,45.01,33.79,90.83,3,PUMP,64.226,25.74,43.01,48.79,0
1,MILD,1,DRY,1,DRY,3,BRIGHT,24.75,49.8,39.74,90.49,3,PUMP,83.484,25.45,47.8,54.74,1
1,MILD,1,DRY,1,DRY,3,BRIGHT,25.3,48.87,37.07,84.2,3,PUMP,78.126,26.0,46.87,52.07,2
1,MILD,1,DRY,1,DRY,3,BRIGHT,27.36,50.39,35.02,85.31,3,PUMP,76.07,28.06,48.39,50.02,3
1,MILD,1,DRY,1,DRY,3,BRIGHT,25.8,51.53,38.81,91.77,4,PUMP_MIST_LOW,98.315,25.3,57.53,50.81,0
1,MILD,1,DRY,1,DRY,3,BRIGHT,25.45,50.86,39.47,86.88,4,PUMP_MIST_LOW,97.532,24.95,56.86,51.47,1
1,MILD,1,DRY,1,DRY,3,BRIGHT,25.48,44.72,30.79,90.76,4,PUMP_MIST_LOW,51.545,24.98,50.72,42.79,2
1,MILD,1,DRY,1,DRY,3,BRIGHT,27.25,45.32,30.57,90.92,4,PUMP_MIST_LOW,57.705,26.75,51.32,42.57,3
1,MILD,1,DRY,1,DRY,3,BRIGHT,26.15,47.94,38.74,93.55,5,PUMP_MIST_HIGH,106.255,24.65,59.94,53.74,0
1,MILD,1,DRY,1,DRY,3,BRIGHT,25.79,48.07,37.31,87.76,5,PUMP_MIST_HIGH,102.277,24.29,60.07,52.31,1
1,MILD,1,DRY,1,DRY,3,BRIGHT,26.04,51.98,38.88,90.37,5,PUMP_MIST_HIGH,106.31,24.54,63.98,53.88,2
1,MILD,1,DRY,1,DRY,3,BRIGHT,25.74,48.93,39.11,90.95,5,PUMP_MIST_HIGH,107.27,24.24,60.93,54.11,3
1,MILD,1,DRY,2,OPTIMAL,0,DARK,26.6,49.62,60.5,11.93,0,OFF,91.669,26.1,50.62,60.5,0
1,MILD,1,DRY,2,OPTIMAL,0,DARK,26.67,51.61,61.23,19.56,0,OFF,93.522,26.17,52.61,61.23,1
1,MILD,1,DRY,2,OPTIMAL,0,DARK,26.08,48.87,59.07,20.58,0,OFF,91.795,25.58,49.87,59.07,2
1,MILD,1,DRY,2,OPTIMAL,0,DARK,26.49,51.06,58.24,11.7,0,OFF,98.359,25.99,52.06,58.24,3
1,MILD,1,DRY,2,OPTIMAL,0,DARK,24.81,50.72,58.14,20.43,1,MIST_LOW,101.11,23.11,60.72,59.14,0
1,MILD,1,DRY,2,OPTIMAL,0,DARK,25.78,47.03,56.73,10.36,1,MIST_LOW,108.159,24.08,57.03,57.73,1
1,MILD,1,DRY,2,OPTIMAL,0,DARK,27.16,46.0,58.39,18.2,1,MIST_LOW,108.545,25.46,56.0,59.39,2
1,MILD,1,DRY,2,OPTIMAL,0,DARK,24.93,46.39,55.94,11.56,1,MIST_LOW,94.73,23.23,56.39,56.94,3
1,MILD,1,DRY,2,OPTIMAL,0,DARK,26.67,48.55,55.17,12.66,2,MIST_HIGH,90.558,23.87,65.55,57.17,0
1,MILD,1,DRY,2,OPTIMAL,0,DARK,27.21,49.14,61.26,9.43,2,MIST_HIGH,90.05,24.41,66.14,63.26,1
1,MILD,1,DRY,2,OPTIMAL,0,DARK,25.9,48.94,57.88,13.27,2,MIST_HIGH,85.248,23.1,65.94,59.88,2
1,MILD,1,DRY,2,OPTIMAL,0,DARK,26.32,46.63,56.54,9.06,2,MIST_HIGH,93.138,23.52,63.63,58.54,3
1,MILD,1,DRY,2,OPTIMAL,0,DARK,27.09,45.49,56.55,10.22,3,PUMP,49.374,26.29,48.49,74.55,0
1,MILD,1,DRY,2,OPTIMAL,0,DARK,25.98,44.68,58.14,10.84,3,PUMP,41.153,25.18,47.68,76.14,1
1,MILD,1,DRY,2,OPTIMAL,0,DARK,24.95,47.9,54.56,16.88,3,PUMP,50.54,24.15,50.9,72.56,2
1,MILD,1,DRY,2,OPTIMAL,0,DARK,25.23,47.16,55.99,14.14,3,PUMP,47.261,24.43,50.16,73.99,3
1,MILD,1,DRY,2,OPTIMAL,0,DARK,25.11,50.49,54.09,14.26,4,PUMP_MIST_LOW,81.458,23.11,61.49,69.09,0
1,MILD,1,DRY,2,OPTIMAL,0,DARK,26.95,45.29,56.54,14.21,4,PUMP_MIST_LOW,71.884,24.95,56.29,71.54,1
1,MILD,1,DRY,2,OPTIMAL,0,DARK,25.61,50.96,54.98,11.27,4,PUMP_MIST_LOW,81.914,23.61,61.96,69.98,2
1,MILD,1,DRY,2,OPTIMAL,0,DARK,24.71,47.16,60.44,19.81,4,PUMP_MIST_LOW,51.508,22.71,58.16,75.44,3
1,MILD,1,DRY,2,OPTIMAL,0,DARK,25.05,45.59,57.79,16.98,5,PUMP_MIST_HIGH,43.844,22.05,62.59,75.79,0
1,MILD,1,DRY,2,OPTIMAL,0,DARK,25.34,47.37,58.5,18.6,5,PUMP_MIST_HIGH,40.459,22.34,64.37,76.5,1
1,MILD,1,DRY,2,OPTIMAL,0,DARK,26.6,46.6,60.64,19.58,5,PUMP_MIST_HIGH,41.21,23.6,63.6,78.64,2
1,MILD,1,DRY,2,OPTIMAL,0,DARK,26.01,51.39,61.43,13.67,5,PUMP_MIST_HIGH,29.991,23.01,68.39,79.43,3
1,MILD,1,DRY,2,OPTIMAL,1,LOW,24.91,44.86,53.21,35.87,0,OFF,73.828,24.91,44.86,53.21,0
1,MILD,1,DRY,2,OPTIMAL,1,LOW,26.0,50.14,55.37,42.14,0,OFF,90.289,26.0,50.14,55.37,1
1,MILD,1,DRY,2,OPTIMAL,1,LOW,25.56,51.81,60.37,39.21,0,OFF,92.098,25.56,51.81,60.37,2
1,MILD,1,DRY,2,OPTIMAL,1,LOW,25.41,47.89,60.61,36.97,0,OFF,84.855,25.41,47.89,60.61,3
1,MILD,1,DRY,2,OPTIMAL,1,LOW,25.03,48.09,55.49,43.2,1,MIST_LOW,96.829,23.83,57.09,56.49,0
1,MILD,1,DRY,2,OPTIMAL,1,LOW,27.02,51.95,55.47,43.85,1,MIST_LOW,117.344,25.82,60.95,56.47,1
1,MILD,1,DRY,2,OPTIMAL,1,LOW,25.16,49.65,61.1,42.41,1,MIST_LOW,94.291,23.96,58.65,62.1,2
1,MILD,1,DRY,2,OPTIMAL,1,LOW,26.01,45.45,62.93,41.09,1,MIST_LOW,86.457,24.81,54.45,63.93,3
1,MILD,1,DRY,2,OPTIMAL,1,LOW,26.38,45.84,54.32,34.46,2,MIST_HIGH,112.859,24.08,61.84,56.32,0
1,MILD,1,DRY,2,OPTIMAL,1,LOW,27.37,51.43,57.26,41.4,2,MIST_HIGH,108.489,25.07,67.43,59.26,1
1,MILD,1,DRY,2,OPTIMAL,1,LOW,24.85,44.41,57.07,37.68,2,MIST_HIGH,98.974,22.55,60.41,59.07,2
1,MILD,1,DRY,2,OPTIMAL,1,LOW,26.37,45.85,56.36,39.75,2,MIST_HIGH,115.637,24.07,61.85,58.36,3
1,MILD,1,DRY,2,OPTIMAL,1,LOW,26.03,49.15,56.04,37.23,3,PUMP,52.88,25.73,51.15,74.04,0
1,MILD,1,DRY,2,OPTIMAL,1,LOW,25.39,46.81,57.18,37.84,3,PUMP,44.687,25.09,48.81,75.18,1
1,MILD,1,DRY,2,OPTIMAL,1,LOW,24.73,44.33,53.52,42.94,3,PUMP,46.315,24.43,46.33,71.52,2
1,MILD,1,DRY,2,OPTIMAL,1,LOW,25.19,47.78,62.08,35.21,3,PUMP,35.324,24.89,49.78,80.08,3
1,MILD,1,DRY,2,OPTIMAL,1,LOW,25.12,51.59,56.64,37.65,4,PUMP_MIST_LOW,67.88,23.62,61.59,71.64,0
1,MILD,1,DRY,2,OPTIMAL,1,LOW,24.87,44.11,58.52,44.34,4,PUMP_MIST_LOW,43.176,23.37,54.11,73.52,1
1,MILD,1,DRY,2,OPTIMAL,1,LOW,25.53,49.93,56.61,43.35,4,PUMP_MIST_LOW,74.587,24.03,59.93,71.61,2
1,MILD,1,DRY,2,OPTIMAL,1,LOW,26.08,46.97,59.5,36.52,4,PUMP_MIST_LOW,65.56,24.58,56.97,74.5,3
1,MILD,1,DRY,2,OPTIMAL,1,LOW,25.68,51.1,54.3,42.91,5,PUMP_MIST_HIGH,57.565,23.18,67.1,72.3,0
1,MILD,1,DRY,2,OPTIMAL,1,LOW,24.94,48.69,62.12,41.85,5,PUMP_MIST_HIGH,42.635,22.44,64.69,80.12,1
1,MILD,1,DRY,2,OPTIMAL,1,LOW,25.13,49.64,62.26,34.9,5,PUMP_MIST_HIGH,41.471,22.63,65.64,80.26,2
1,MILD,1,DRY,2,OPTIMAL,1,LOW,26.13,46.74,60.25,45.88,5,PUMP_MIST_HIGH,53.496,23.63,62.74,78.25,3
1,MILD,1,DRY,2,OPTIMAL,2,MEDIUM,25.17,49.77,53.44,58.3,0,OFF,77.176,25.67,47.77,51.44,0
1,MILD,1,DRY,2,OPTIMAL,2,MEDIUM,26.14,46.02,61.77,66.24,0,OFF,84.366,26.64,44.02,59.77,1
1,MILD,1,DRY,2,OPTIMAL,2,MEDIUM,27.14,51.8,61.95,61.38,0,OFF,92.343,27.64,49.8,59.95,2
1,MILD,1,DRY,2,OPTIMAL,2,MEDIUM,26.61,51.29,53.68,61.03,0,OFF,84.034,27.11,49.29,51.68,3
1,MILD,1,DRY,2,OPTIMAL,2,MEDIUM,27.21,48.03,53.22,63.19,1,MIST_LOW,101.134,26.51,55.03,52.22,0
1,MILD,1,DRY,2,OPTIMAL,2,MEDIUM,26.55,45.03,53.45,62.79,1,MIST_LOW,86.727,25.85,52.03,52.45,1
1,MILD,1,DRY,2,OPTIMAL,2,MEDIUM,26.82,49.55,60.41,60.77,1,MIST_LOW,111.523,26.12,56.55,59.41,2
1,MILD,1,DRY,2,OPTIMAL,2,MEDIUM,26.52,50.96,62.72,57.99,1,MIST_LOW,107.952,25.82,57.96,61.72,3
1,MILD,1,DRY,2,OPTIMAL,2,MEDIUM,26.7,47.07,60.79,60.81,2,MIST_HIGH,111.937,24.9,61.07,60.79,0
1,MILD,1,DRY,2,OPTIMAL,2,MEDIUM,25.36,45.47,54.6,58.61,2,MIST_HIGH,95.809,23.56,59.47,54.6,1
1,MILD,1,DRY,2,OPTIMAL,2,MEDIUM,26.55,51.03,60.91,61.47,2,MIST_HIGH,107.846,24.75,65.03,60.91,2
1,MILD,1,DRY,2,OPTIMAL,2,MEDIUM,26.58,48.2,56.03,58.64,2,MIST_HIGH,114.452,24.78,62.2,56.03,3
1,MILD,1,DRY,2,OPTIMAL,2,MEDIUM,26.58,48.42,54.71,56.55,3,PUMP,58.88,26.78,48.42,70.71,0
1,MILD,1,DRY,2,OPTIMAL,2,MEDIUM,25.27,44.31,54.48,66.6,3,PUMP,48.584,25.47,44.31,70.48,1
1,MILD,1,DRY,2,OPTIMAL,2,MEDIUM,27.2,46.16,60.91,63.71,3,PUMP,41.69,27.4,46.16,76.91,2
1,MILD,1,DRY,2,OPTIMAL,2,MEDIUM,25.3,50.59,58.35,56.02,3,PUMP,50.604,25.5,50.59,74.35,3
1,MILD,1,DRY,2,OPTIMAL,2,MEDIUM,25.57,48.84,56.69,57.0,4,PUMP_MIST_LOW,85.428,24.57,56.84,69.69,0
1,MILD,1,DRY,2,OPTIMAL,2,MEDIUM,26.58,48.39,60.22,60.9,4,PUMP_MIST_LOW,70.508,25.58,56.39,73.22,1
1,MILD,1,DRY,2,OPTIMAL,2,MEDIUM,26.31,46.6,53.57,65.79,4,PUMP_MIST_LOW,82.752,25.31,54.6,66.57,2
1,MILD,1,DRY,2,OPTIMAL,2,MEDIUM,26.91,45.75,62.65,58.12,4,PUMP_MIST_LOW,54.239,25.91,53.75,75.65,3
1,MILD,1,DRY,2,OPTIMAL,2,MEDIUM,27.32,48.3,62.79,65.34,5,PUMP_MIST_HIGH,66.493,25.32,62.3,78.79,0
1,MILD,1,DRY,2,OPTIMAL,2,MEDIUM,26.79,44.85,60.46,60.58,5,PUMP_MIST_HIGH,65.115,24.79,58.85,76.46,1
1,MILD,1,DRY,2,OPTIMAL,2,MEDIUM,26.43,50.96,59.34,62.61,5,PUMP_MIST_HIGH,66.622,24.43,64.96,75.34,2
1,MILD,1,DRY,2,OPTIMAL,2,MEDIUM,26.89,45.77,55.69,62.98,5,PUMP_MIST_HIGH,76.918,24.89,59.77,71.69,3
1,MILD,1,DRY,2,OPTIMAL,3,BRIGHT,26.86,50.02,54.56,84.78,0,OFF,76.148,27.86,46.02,51.56,0
1,MILD,1,DRY,2,OPTIMAL,3,BRIGHT,26.63,46.95,62.02,83.12,0,OFF,83.346,27.63,42.95,59.02,1
1,MILD,1,DRY,2,OPTIMAL,3,BRIGHT,25.11,45.48,61.62,84.27,0,OFF,81.005,26.11,41.48,58.62,2
1,MILD,1,DRY,2,OPTIMAL,3,BRIGHT,25.97,49.84,59.48,82.25,0,OFF,88.851,26.97,45.84,56.48,3
1,MILD,1,DRY,2,OPTIMAL,3,BRIGHT,25.06,45.42,56.94,89.29,1,MIST_LOW,86.193,24.86,50.42,54.94,0
1,MILD,1,DRY,2,OPTIMAL,3,BRIGHT,24.79,44.58,55.45,92.91,1,MIST_LOW,80.875,24.59,49.58,53.45,1
1,MILD,1,DRY,2,OPTIMAL,3,BRIGHT,27.32,44.8,58.27,90.72,1,MIST_LOW,94.471,27.12,49.8,56.27,2
1,MILD,1,DRY,2,OPTIMAL,3,BRIGHT,26.86,48.83,56.78,82.25,1,MIST_LOW,97.077,26.66,53.83,54.78,3
1,MILD,1,DRY,2,OPTIMAL,3,BRIGHT,26.91,50.11,59.44,82.52,2,MIST_HIGH,120.46,25.61,62.11,58.44,0
1,MILD,1,DRY,2,OPTIMAL,3,BRIGHT,25.3,44.67,54.43,89.53,2,MIST_HIGH,90.251,24.0,56.67,53.43,1
1,MILD,1,DRY,2,OPTIMAL,3,BRIGHT,24.64,51.73,62.58,83.28,2,MIST_HIGH,96.002,23.34,63.73,61.58,2
1,MILD,1,DRY,2,OPTIMAL,3,BRIGHT,26.66,46.71,60.07,84.43,2,MIST_HIGH,113.231,25.36,58.71,59.07,3
1,MILD,1,DRY,2,OPTIMAL,3,BRIGHT,25.95,48.5,57.44,83.96,3,PUMP,51.738,26.65,46.5,72.44,0
1,MILD,1,DRY,2,OPTIMAL,3,BRIGHT,25.53,45.24,53.56,90.3,3,PUMP,63.337,26.23,43.24,68.56,1
1,MILD,1,DRY,2,OPTIMAL,3,BRIGHT,26.36,44.98,61.25,83.23,3,PUMP,39.07,27.06,42.98,76.25,2
1,MILD,1,DRY,2,OPTIMAL,3,BRIGHT,25.43,48.09,61.36,83.7,3,PUMP,41.2,26.13,46.09,76.36,3
1,MILD,1,DRY,2,OPTIMAL,3,BRIGHT,27.15,44.19,57.27,83.77,4,PUMP_MIST_LOW,74.33,26.65,50.19,69.27,0
1,MILD,1,DRY,2,OPTIMAL,3,BRIGHT,26.44,45.81,61.79,86.62,4,PUMP_MIST_LOW,55.125,25.94,51.81,73.79,1
1,MILD,1,DRY,2,OPTIMAL,3,BRIGHT,27.08,50.58,54.12,84.03,4,PUMP_MIST_LOW,98.914,26.58,56.58,66.12,2
1,MILD,1,DRY,2,OPTIMAL,3,BRIGHT,24.91,44.81,62.56,86.29,4,PUMP_MIST_LOW,47.036,24.41,50.81,74.56,3
1,MILD,1,DRY,2,OPTIMAL,3,BRIGHT,26.32,44.95,62.23,93.04,5,PUMP_MIST_HIGH,60.562,24.82,56.95,77.23,0
1,MILD,1,DRY,2,OPTIMAL,3,BRIGHT,27.11,48.84,54.78,88.37,5,PUMP_MIST_HIGH,94.943,25.61,60.84,69.78,1
1,MILD,1,DRY,2,OPTIMAL,3,BRIGHT,26.28,49.44,54.5,90.01,5,PUMP_MIST_HIGH,93.835,24.78,61.44,69.5,2
1,MILD,1,DRY,2,OPTIMAL,3,BRIGHT,25.44,50.54,56.48,83.25,5,PUMP_MIST_HIGH,69.041,23.94,62.54,71.48,3
1,MILD,1,DRY,3,WET,0,DARK,27.17,49.29,86.33,18.73,0,OFF,28.709,26.67,50.29,86.33,0
1,MILD,1,DRY,3,WET,0,DARK,26.59,44.61,77.02,20.2,0,OFF,38.925,26.09,45.61,77.02,1
1,MILD,1,DRY,3,WET,0,DARK,25.02,49.25,80.2,13.69,0,OFF,34.621,24.52,50.25,80.2,2
1,MILD,1,DRY,3,WET,0,DARK,26.62,50.28,81.78,9.81,0,OFF,38.091,26.12,51.28,81.78,3
1,MILD,1,DRY,3,WET,0,DARK,26.22,51.68,79.78,10.09,1,MIST_LOW,59.692,24.52,61.68,80.78,0
1,MILD,1,DRY,3,WET,0,DARK,27.39,45.45,80.85,12.83,1,MIST_LOW,51.236,25.69,55.45,81.85,1
1,MILD,1,DRY,3,WET,0,DARK,25.79,49.55,81.14,18.52,1,MIST_LOW,52.06,24.09,59.55,82.14,2
1,MILD,1,DRY,3,WET,0,DARK,25.53,50.42,83.54,11.95,1,MIST_LOW,39.602,23.83,60.42,84.54,3
1,MILD,1,DRY,3,WET,0,DARK,25.77,47.98,82.34,15.39,2,MIST_HIGH,25.039,22.97,64.98,84.34,0
1,MILD,1,DRY,3,WET,0,DARK,26.9,47.08,82.81,14.06,2,MIST_HIGH,37.096,24.1,64.08,84.81,1
1,MILD,1,DRY,3,WET,0,DARK,26.22,49.55,84.48,17.44,2,MIST_HIGH,19.447,23.42,66.55,86.48,2
1,MILD,1,DRY,3,WET,0,DARK,25.26,44.02,86.94,9.21,2,MIST_HIGH,16.932,22.46,61.02,88.94,3
1,MILD,1,DRY,3,WET,0,DARK,26.16,51.66,86.21,9.71,3,PUMP,-25.179,25.36,54.66,100.0,0
1,MILD,1,DRY,3,WET,0,DARK,25.58,50.79,85.67,18.83,3,PUMP,-28.446,24.78,53.79,100.0,1
1,MILD,1,DRY,3,WET,0,DARK,25.43,45.15,85.53,20.66,3,PUMP,-37.955,24.63,48.15,100.0,2
1,MILD,1,DRY,3,WET,0,DARK,27.16,45.94,85.28,9.67,3,PUMP,-31.156,26.36,48.94,100.0,3
1,MILD,1,DRY,3,WET,0,DARK,24.99,51.7,84.04,13.53,4,PUMP_MIST_LOW,-20.143,22.99,62.7,99.04,0
1,MILD,1,DRY,3,WET,0,DARK,24.67,51.72,80.72,17.42,4,PUMP_MIST_LOW,-14.2,22.67,62.72,95.72,1
1,MILD,1,DRY,3,WET,0,DARK,26.46,44.59,85.37,19.45,4,PUMP_MIST_LOW,-18.598,24.46,55.59,100.0,2
1,MILD,1,DRY,3,WET,0,DARK,24.68,46.92,77.79,9.92,4,PUMP_MIST_LOW,-13.393,22.68,57.92,92.79,3
1,MILD,1,DRY,3,WET,0,DARK,26.19,50.51,78.5,11.19,5,PUMP_MIST_HIGH,-31.84,23.19,67.51,96.5,0
1,MILD,1,DRY,3,WET,0,DARK,26.68,49.98,83.99,12.59,5,PUMP_MIST_HIGH,-36.793,23.68,66.98,100.0,1
1,MILD,1,DRY,3,WET,0,DARK,25.75,46.7,84.81,17.34,5,PUMP_MIST_HIGH,-34.511,22.75,63.7,100.0,2
1,MILD,1,DRY,3,WET,0,DARK,25.4,45.25,85.81,9.39,5,PUMP_MIST_HIGH,-33.306,22.4,62.25,100.0,3
1,MILD,1,DRY,3,WET,1,LOW,26.7,48.03,77.11,43.99,0,OFF,44.564,26.7,48.03,77.11,0
1,MILD,1,DRY,3,WET,1,LOW,26.5,51.01,82.54,43.95,0,OFF,37.287,26.5,51.01,82.54,1
1,MILD,1,DRY,3,WET,1,LOW,27.17,48.01,84.09,39.08,0,OFF,30.272,27.17,48.01,84.09,2
1,MILD,1,DRY,3,WET,1,LOW,25.04,51.78,82.22,45.74,0,OFF,34.529,25.04,51.78,82.22,3
1,MILD,1,DRY,3,WET,1,LOW,24.95,45.69,83.19,36.63,1,MIST_LOW,22.913,23.75,54.69,84.19,0
1,MILD,1,DRY,3,WET,1,LOW,25.11,49.97,82.59,44.1,1,MIST_LOW,39.529,23.91,58.97,83.59,1
1,MILD,1,DRY,3,WET,1,LOW,26.89,47.75,80.13,41.7,1,MIST_LOW,54.815,25.69,56.75,81.13,2
1,MILD,1,DRY,3,WET,1,LOW,26.92,45.32,85.03,41.76,1,MIST_LOW,32.732,25.72,54.32,86.03,3
1,MILD,1,DRY,3,WET,1,LOW,25.15,44.87,77.78,41.24,2,MIST_HIGH,47.158,22.85,60.87,79.78,0
1,MILD,1,DRY,3,WET,1,LOW,26.97,44.22,79.82,40.5,2,MIST_HIGH,55.678,24.67,60.22,81.82,1
1,MILD,1,DRY,3,WET,1,LOW,24.78,48.78,84.57,37.71,2,MIST_HIGH,29.115,22.48,64.78,86.57,2
1,MILD,1,DRY,3,WET,1,LOW,26.14,49.11,77.32,37.23,2,MIST_HIGH,48.152,23.84,65.11,79.32,3
1,MILD,1,DRY,3,WET,1,LOW,27.33,48.52,82.64,43.48,3,PUMP,-26.682,27.03,50.52,100.0,0
1,MILD,1,DRY,3,WET,1,LOW,24.73,46.52,86.44,34.1,3,PUMP,-38.004,24.43,48.52,100.0,1
1,MILD,1,DRY,3,WET,1,LOW,25.6,46.26,80.98,36.34,3,PUMP,-33.491,25.3,48.26,98.98,2
1,MILD,1,DRY,3,WET,1,LOW,26.71,49.81,86.74,42.43,3,PUMP,-26.415,26.41,51.81,100.0,3
1,MILD,1,DRY,3,WET,1,LOW,24.87,47.26,84.41,35.21,4,PUMP_MIST_LOW,-26.165,23.37,57.26,99.41,0
1,MILD,1,DRY,3,WET,1,LOW,26.86,45.2,82.87,38.59,4,PUMP_MIST_LOW,-11.853,25.36,55.2,97.87,1
1,MILD,1,DRY,3,WET,1,LOW,26.24,50.82,79.9,35.82,4,PUMP_MIST_LOW,1.387,24.74,60.82,94.9,2
1,MILD,1,DRY,3,WET,1,LOW,25.9,51.08,77.93,42.62,4,PUMP_MIST_LOW,4.841,24.4,61.08,92.93,3
1,MILD,1,DRY,3,WET,1,LOW,27.08,50.46,83.54,43.23,5,PUMP_MIST_HIGH,-15.091,24.58,66.46,100.0,0
1,MILD,1,DRY,3,WET,1,LOW,25.05,51.71,82.16,42.74,5,PUMP_MIST_HIGH,-31.572,22.55,67.71,100.0,1
1,MILD,1,DRY,3,WET,1,LOW,26.42,51.44,80.41,43.42,5,PUMP_MIST_HIGH,-23.42,23.92,67.44,98.41,2
1,MILD,1,DRY,3,WET,1,LOW,25.55,46.88,85.56,39.17,5,PUMP_MIST_HIGH,-22.254,23.05,62.88,100.0,3
1,MILD,1,DRY,3,WET,2,MEDIUM,27.09,50.19,80.88,58.51,0,OFF,40.169,27.59,48.19,78.88,0
1,MILD,1,DRY,3,WET,2,MEDIUM,26.31,44.6,78.52,63.53,0,OFF,37.449,26.81,42.6,76.52,1
1,MILD,1,DRY,3,WET,2,MEDIUM,25.99,50.44,78.43,66.45,0,OFF,45.983,26.49,48.44,76.43,2
1,MILD,1,DRY,3,WET,2,MEDIUM,26.13,51.75,84.81,57.05,0,OFF,35.115,26.63,49.75,82.81,3
1,MILD,1,DRY,3,WET,2,MEDIUM,24.86,46.51,86.34,57.94,1,MIST_LOW,27.924,24.16,53.51,85.34,0
1,MILD,1,DRY,3,WET,2,MEDIUM,25.38,46.91,77.89,58.15,1,MIST_LOW,47.967,24.68,53.91,76.89,1
1,MILD,1,DRY,3,WET,2,MEDIUM,26.76,46.06,81.73,59.07,1,MIST_LOW,42.96,26.06,53.06,80.73,2
1,MILD,1,DRY,3,WET,2,MEDIUM,27.05,49.2,78.4,57.49,1,MIST_LOW,63.909,26.35,56.2,77.4,3
1,MILD,1,DRY,3,WET,2,MEDIUM,26.19,44.32,85.59,60.81,2,MIST_HIGH,43.824,24.39,58.32,85.59,0
1,MILD,1,DRY,3,WET,2,MEDIUM,27.0,51.34,78.29,60.4,2,MIST_HIGH,62.291,25.2,65.34,78.29,1
1,MILD,1,DRY,3,WET,2,MEDIUM,26.97,51.62,80.74,64.19,2,MIST_HIGH,56.596,25.17,65.62,80.74,2
1,MILD,1,DRY,3,WET,2,MEDIUM,26.02,46.1,85.76,64.19,2,MIST_HIGH,45.771,24.22,60.1,85.76,3
1,MILD,1,DRY,3,WET,2,MEDIUM,26.34,49.15,84.41,58.94,3,PUMP,-30.238,26.54,49.15,100.0,0
1,MILD,1,DRY,3,WET,2,MEDIUM,26.9,44.06,85.53,59.49,3,PUMP,-37.217,27.1,44.06,100.0,1
1,MILD,1,DRY,3,WET,2,MEDIUM,25.04,47.19,77.73,60.66,3,PUMP,-24.344,25.24,47.19,93.73,2
1,MILD,1,DRY,3,WET,2,MEDIUM,25.89,44.75,81.66,63.71,3,PUMP,-33.785,26.09,44.75,97.66,3
1,MILD,1,DRY,3,WET,2,MEDIUM,27.12,47.72,77.86,64.78,4,PUMP_MIST_LOW,6.133,26.12,55.72,90.86,0
1,MILD,1,DRY,3,WET,2,MEDIUM,27.17,51.38,84.68,58.39,4,PUMP_MIST_LOW,-2.184,26.17,59.38,97.68,1
1,MILD,1,DRY,3,WET,2,MEDIUM,25.52,46.54,86.96,61.84,4,PUMP_MIST_LOW,-27.999,24.52,54.54,99.96,2
1,MILD,1,DRY,3,WET,2,MEDIUM,26.57,47.81,79.78,56.46,4,PUMP_MIST_LOW,0.462,25.57,55.81,92.78,3
1,MILD,1,DRY,3,WET,2,MEDIUM,25.04,47.76,83.4,59.84,5,PUMP_MIST_HIGH,-20.014,23.04,61.76,99.4,0
1,MILD,1,DRY,3,WET,2,MEDIUM,24.69,48.81,80.8,67.24,5,PUMP_MIST_HIGH,-16.579,22.69,62.81,96.8,1
1,MILD,1,DRY,3,WET,2,MEDIUM,25.61,47.44,81.73,56.65,5,PUMP_MIST_HIGH,-15.177,23.61,61.44,97.73,2
1,MILD,1,DRY,3,WET,2,MEDIUM,27.03,51.62,83.84,59.24,5,PUMP_MIST_HIGH,-11.953,25.03,65.62,99.84,3
1,MILD,1,DRY,3,WET,3,BRIGHT,26.38,44.67,77.69,86.86,0,OFF,37.6,27.38,40.67,74.69,0
1,MILD,1,DRY,3,WET,3,BRIGHT,25.44,49.7,85.71,88.3,0,OFF,28.212,26.44,45.7,82.71,1
1,MILD,1,DRY,3,WET,3,BRIGHT,26.48,46.08,85.31,83.11,0,OFF,23.559,27.48,42.08,82.31,2
1,MILD,1,DRY,3,WET,3,BRIGHT,27.12,46.74,84.53,83.97,0,OFF,24.162,28.12,42.74,81.53,3
1,MILD,1,DRY,3,WET,3,BRIGHT,25.58,47.35,81.75,90.27,1,MIST_LOW,41.689,25.38,52.35,79.75,0
1,MILD,1,DRY,3,WET,3,BRIGHT,25.05,49.57,80.55,90.31,1,MIST_LOW,46.089,24.85,54.57,78.55,1
1,MILD,1,DRY,3,WET,3,BRIGHT,25.69,44.08,84.83,89.17,1,MIST_LOW,30.349,25.49,49.08,82.83,2
1,MILD,1,DRY,3,WET,3,BRIGHT,24.82,49.34,83.17,85.88,1,MIST_LOW,39.48,24.62,54.34,81.17,3
1,MILD,1,DRY,3,WET,3,BRIGHT,27.36,51.51,84.43,90.84,2,MIST_HIGH,57.179,26.06,63.51,83.43,0
1,MILD,1,DRY,3,WET,3,BRIGHT,25.49,45.2,81.59,83.77,2,MIST_HIGH,51.891,24.19,57.2,80.59,1
1,MILD,1,DRY,3,WET,3,BRIGHT,27.02,44.91,86.7,86.88,2,MIST_HIGH,45.589,25.72,56.91,85.7,2
1,MILD,1,DRY,3,WET,3,BRIGHT,26.06,44.03,81.51,91.99,2,MIST_HIGH,52.011,24.76,56.03,80.51,3
1,MILD,1,DRY,3,WET,3,BRIGHT,24.95,47.59,86.69,83.17,3,PUMP,-38.762,25.65,45.59,100.0,0
1,MILD,1,DRY,3,WET,3,BRIGHT,25.21,51.83,81.2,88.55,3,PUMP,-23.173,25.91,49.83,96.2,1
1,MILD,1,DRY,3,WET,3,BRIGHT,25.07,47.02,80.48,93.43,3,PUMP,-29.829,25.77,45.02,95.48,2
1,MILD,1,DRY,3,WET,3,BRIGHT,27.32,48.61,77.14,91.77,3,PUMP,-19.585,28.02,46.61,92.14,3
1,MILD,1,DRY,3,WET,3,BRIGHT,24.65,51.17,82.02,92.41,4,PUMP_MIST_LOW,-4.502,24.15,57.17,94.02,0
1,MILD,1,DRY,3,WET,3,BRIGHT,26.56,49.19,81.56,86.92,4,PUMP_MIST_LOW,-0.584,26.06,55.19,93.56,1
1,MILD,1,DRY,3,WET,3,BRIGHT,25.59,48.34,82.23,91.18,4,PUMP_MIST_LOW,-14.467,25.09,54.34,94.23,2
1,MILD,1,DRY,3,WET,3,BRIGHT,24.92,45.41,81.28,84.12,4,PUMP_MIST_LOW,-19.31,24.42,51.41,93.28,3
1,MILD,1,DRY,3,WET,3,BRIGHT,26.27,48.34,80.82,92.14,5,PUMP_MIST_HIGH,-1.215,24.77,60.34,95.82,0
1,MILD,1,DRY,3,WET,3,BRIGHT,26.53,47.5,79.83,89.44,5,PUMP_MIST_HIGH,0.341,25.03,59.5,94.83,1
1,MILD,1,DRY,3,WET,3,BRIGHT,27.19,50.86,86.95,91.67,5,PUMP_MIST_HIGH,-5.76,25.69,62.86,100.0,2
1,MILD,1,DRY,3,WET,3,BRIGHT,24.89,49.2,83.16,86.94,5,PUMP_MIST_HIGH,-17.176,23.39,61.2,98.16,3
1,MILD,2,OPTIMAL,0,VERY_DRY,0,DARK,25.99,64.01,19.27,10.2,0,OFF,-9.983,25.49,65.01,19.27,0
1,MILD,2,OPTIMAL,0,VERY_DRY,0,DARK,25.84,62.65,10.33,12.48,0,OFF,-27.055,25.34,63.65,10.33,1
1,MILD,2,OPTIMAL,0,VERY_DRY,0,DARK,25.78,59.78,14.55,13.57,0,OFF,-17.711,25.28,60.78,14.55,2
1,MILD,2,OPTIMAL,0,VERY_DRY,0,DARK,25.15,61.76,11.24,20.61,0,OFF,-25.925,24.65,62.76,11.24,3
1,MILD,2,OPTIMAL,0,VERY_DRY,0,DARK,27.16,61.3,18.2,17.45,1,MIST_LOW,-28.287,25.46,71.3,19.2,0
1,MILD,2,OPTIMAL,0,VERY_DRY,0,DARK,26.68,58.06,13.75,11.69,1,MIST_LOW,-26.009,24.98,68.06,14.75,1
1,MILD,2,OPTIMAL,0,VERY_DRY,0,DARK,25.39,65.04,12.64,19.06,1,MIST_LOW,-59.583,23.69,75.04,13.64,2
1,MILD,2,OPTIMAL,0,VERY_DRY,0,DARK,26.83,61.32,12.42,19.8,1,MIST_LOW,-41.531,25.13,71.32,13.42,3
1,MILD,2,OPTIMAL,0,VERY_DRY,0,DARK,25.76,58.12,11.53,13.49,2,MIST_HIGH,-72.303,22.96,75.12,13.53,0
1,MILD,2,OPTIMAL,0,VERY_DRY,0,DARK,26.89,64.56,16.0,13.02,2,MIST_HIGH,-61.62,24.09,81.56,18.0,1
1,MILD,2,OPTIMAL,0,VERY_DRY,0,DARK,27.29,65.94,12.42,20.68,2,MIST_HIGH,-70.076,24.49,82.94,14.42,2
1,MILD,2,OPTIMAL,0,VERY_DRY,0,DARK,25.14,63.16,18.29,18.62,2,MIST_HIGH,-68.163,22.34,80.16,20.29,3
1,MILD,2,OPTIMAL,0,VERY_DRY,0,DARK,26.22,59.03,16.36,20.73,3,PUMP,61.25,25.42,62.03,34.36,0
1,MILD,2,OPTIMAL,0,VERY_DRY,0,DARK,25.09,65.23,15.17,14.25,3,PUMP,45.206,24.29,68.23,33.17,1
1,MILD,2,OPTIMAL,0,VERY_DRY,0,DARK,24.88,64.41,15.04,16.58,3,PUMP,45.587,24.08,67.41,33.04,2
1,MILD,2,OPTIMAL,0,VERY_DRY,0,DARK,26.8,64.74,16.27,12.12,3,PUMP,53.77,26.0,67.74,34.27,3
1,MILD,2,OPTIMAL,0,VERY_DRY,0,DARK,26.15,65.59,12.04,10.12,4,PUMP_MIST_LOW,10.51,24.15,76.59,27.04,0
1,MILD,2,OPTIMAL,0,VERY_DRY,0,DARK,25.82,63.03,15.93,9.33,4,PUMP_MIST_LOW,13.748,23.82,74.03,30.93,1
1,MILD,2,OPTIMAL,0,VERY_DRY,0,DARK,26.58,65.36,10.79,13.59,4,PUMP_MIST_LOW,9.63,24.58,76.36,25.79,2
1,MILD,2,OPTIMAL,0,VERY_DRY,0,DARK,26.68,59.04,14.54,16.58,4,PUMP_MIST_LOW,27.928,24.68,70.04,29.54,3
1,MILD,2,OPTIMAL,0,VERY_DRY,0,DARK,25.6,59.92,18.98,12.56,5,PUMP_MIST_HIGH,7.916,22.6,76.92,36.98,0
1,MILD,2,OPTIMAL,0,VERY_DRY,0,DARK,26.1,59.96,17.8,18.43,5,PUMP_MIST_HIGH,6.959,23.1,76.96,35.8,1
1,MILD,2,OPTIMAL,0,VERY_DRY,0,DARK,26.76,63.27,12.75,20.22,5,PUMP_MIST_HIGH,-6.842,23.76,80.27,30.75,2
1,MILD,2,OPTIMAL,0,VERY_DRY,0,DARK,26.36,63.11,15.79,10.24,5,PUMP_MIST_HIGH,-1.463,23.36,80.11,33.79,3
1,MILD,2,OPTIMAL,0,VERY_DRY,1,LOW,25.89,62.77,11.07,37.39,0,OFF,-22.345,25.89,62.77,11.07,0
1,MILD,2,OPTIMAL,0,VERY_DRY,1,LOW,27.1,58.74,14.94,38.34,0,OFF,-14.969,27.1,58.74,14.94,1
1,MILD,2,OPTIMAL,0,VERY_DRY,1,LOW,26.95,61.13,14.91,34.26,0,OFF,-11.055,26.95,61.13,14.91,2
1,MILD,2,OPTIMAL,0,VERY_DRY,1,LOW,24.81,65.67,10.76,42.25,0,OFF,-31.096,24.81,65.67,10.76,3
1,MILD,2,OPTIMAL,0,VERY_DRY,1,LOW,25.65,60.51,19.08,43.7,1,MIST_LOW,-18.797,24.45,69.51,20.08,0
1,MILD,2,OPTIMAL,0,VERY_DRY,1,LOW,25.1,58.08,11.79,40.81,1,MIST_LOW,-39.987,23.9,67.08,12.79,1
1,MILD,2,OPTIMAL,0,VERY_DRY,1,LOW,26.3,58.25,19.76,45.92,1,MIST_LOW,-11.693,25.1,67.25,20.76,2
1,MILD,2,OPTIMAL,0,VERY_DRY,1,LOW,25.95,62.91,15.46,35.9,1,MIST_LOW,-37.267,24.75,71.91,16.46,3
1,MILD,2,OPTIMAL,0,VERY_DRY,1,LOW,26.68,65.41,11.93,34.35,2,MIST_HIGH,-59.005,24.38,81.41,13.93,0
1,MILD,2,OPTIMAL,0,VERY_DRY,1,LOW,24.66,62.09,11.52,44.4,2,MIST_HIGH,-68.985,22.36,78.09,13.52,1
1,MILD,2,OPTIMAL,0,VERY_DRY,1,LOW,24.92,59.74,13.28,36.64,2,MIST_HIGH,-60.71,22.62,75.74,15.28,2
1,MILD,2,OPTIMAL,0,VERY_DRY,1,LOW,26.64,65.52,12.68,39.78,2,MIST_HIGH,-57.73,24.34,81.52,14.68,3
1,MILD,2,OPTIMAL,0,VERY_DRY,1,LOW,27.27,60.79,15.51,37.53,3,PUMP,63.221,26.97,62.79,33.51,0
1,MILD,2,OPTIMAL,0,VERY_DRY,1,LOW,26.69,61.97,15.13,38.8,3,PUMP,58.656,26.39,63.97,33.13,1
1,MILD,2,OPTIMAL,0,VERY_DRY,1,LOW,25.14,59.38,16.87,44.65,3,PUMP,59.532,24.84,61.38,34.87,2
1,MILD,2,OPTIMAL,0,VERY_DRY,1,LOW,25.39,61.14,15.84,43.2,3,PUMP,57.307,25.09,63.14,33.84,3
1,MILD,2,OPTIMAL,0,VERY_DRY,1,LOW,25.47,64.35,19.54,39.85,4,PUMP_MIST_LOW,21.276,23.97,74.35,34.54,0
1,MILD,2,OPTIMAL,0,VERY_DRY,1,LOW,27.07,61.39,17.47,43.79,4,PUMP_MIST_LOW,34.795,25.57,71.39,32.47,1
1,MILD,2,OPTIMAL,0,VERY_DRY,1,LOW,26.34,62.86,14.29,40.81,4,PUMP_MIST_LOW,23.443,24.84,72.86,29.29,2
1,MILD,2,OPTIMAL,0,VERY_DRY,1,LOW,25.65,63.06,10.64,36.01,4,PUMP_MIST_LOW,13.222,24.15,73.06,25.64,3
1,MILD,2,OPTIMAL,0,VERY_DRY,1,LOW,24.69,62.09,15.87,37.52,5,PUMP_MIST_HIGH,8.201,22.19,78.09,33.87,0
1,MILD,2,OPTIMAL,0,VERY_DRY,1,LOW,26.91,63.16,19.65,38.23,5,PUMP_MIST_HIGH,29.538,24.41,79.16,37.65,1
1,MILD,2,OPTIMAL,0,VERY_DRY,1,LOW,24.68,59.44,13.23,43.49,5,PUMP_MIST_HIGH,6.862,22.18,75.44,31.23,2
1,MILD,2,OPTIMAL,0,VERY_DRY,1,LOW,25.6,58.58,16.57,38.46,5,PUMP_MIST_HIGH,18.192,23.1,74.58,34.57,3
1,MILD,2,OPTIMAL,0,VERY_DRY,2,MEDIUM,26.78,58.98,13.19,56.13,0,OFF,-26.249,27.28,56.98,11.19,0
1,MILD,2,OPTIMAL,0,VERY_DRY,2,MEDIUM,25.52,61.72,17.95,66.78,0,OFF,-14.076,26.02,59.72,15.95,1
1,MILD,2,OPTIMAL,0,VERY_DRY,2,MEDIUM,26.17,61.08,16.02,62.33,0,OFF,-17.074,26.67,59.08,14.02,2
1,MILD,2,OPTIMAL,0,VERY_DRY,2,MEDIUM,24.89,60.22,16.08,66.6,0,OFF,-22.433,25.39,58.22,14.08,3
1,MILD,2,OPTIMAL,0,VERY_DRY,2,MEDIUM,27.01,58.6,18.93,61.06,1,MIST_LOW,-11.127,26.31,65.6,17.93,0
1,MILD,2,OPTIMAL,0,VERY_DRY,2,MEDIUM,26.72,60.54,13.2,58.37,1,MIST_LOW,-27.19,26.02,67.54,12.2,1
1,MILD,2,OPTIMAL,0,VERY_DRY,2,MEDIUM,26.85,61.99,19.9,61.05,1,MIST_LOW,-15.015,26.15,68.99,18.9,2
1,MILD,2,OPTIMAL,0,VERY_DRY,2,MEDIUM,24.95,59.37,13.27,60.59,1,MIST_LOW,-30.834,24.25,66.37,12.27,3
1,MILD,2,OPTIMAL,0,VERY_DRY,2,MEDIUM,26.21,60.28,16.44,66.27,2,MIST_HIGH,-42.207,24.41,74.28,16.44,0
1,MILD,2,OPTIMAL,0,VERY_DRY,2,MEDIUM,27.37,65.29,12.84,66.1,2,MIST_HIGH,-54.085,25.57,79.29,12.84,1
1,MILD,2,OPTIMAL,0,VERY_DRY,2,MEDIUM,25.73,65.17,19.18,56.47,2,MIST_HIGH,-53.819,23.93,79.17,19.18,2
1,MILD,2,OPTIMAL,0,VERY_DRY,2,MEDIUM,26.41,58.56,10.95,65.63,2,MIST_HIGH,-50.354,24.61,72.56,10.95,3
1,MILD,2,OPTIMAL,0,VERY_DRY,2,MEDIUM,26.63,60.2,17.54,60.8,3,PUMP,61.184,26.83,60.2,33.54,0
1,MILD,2,OPTIMAL,0,VERY_DRY,2,MEDIUM,26.16,60.51,16.12,60.72,3,PUMP,57.213,26.36,60.51,32.12,1
1,MILD,2,OPTIMAL,0,VERY_DRY,2,MEDIUM,26.55,61.64,18.49,67.61,3,PUMP,65.241,26.75,61.64,34.49,2
1,MILD,2,OPTIMAL,0,VERY_DRY,2,MEDIUM,24.94,60.99,16.18,56.35,3,PUMP,54.211,25.14,60.99,32.18,3
1,MILD,2,OPTIMAL,0,VERY_DRY,2,MEDIUM,24.73,58.08,11.05,59.87,4,PUMP_MIST_LOW,19.723,23.73,66.08,24.05,0
1,MILD,2,OPTIMAL,0,VERY_DRY,2,MEDIUM,26.53,61.49,11.7,58.29,4,PUMP_MIST_LOW,29.378,25.53,69.49,24.7,1
1,MILD,2,OPTIMAL,0,VERY_DRY,2,MEDIUM,27.13,60.95,19.03,67.87,4,PUMP_MIST_LOW,47.543,26.13,68.95,32.03,2
1,MILD,2,OPTIMAL,0,VERY_DRY,2,MEDIUM,27.22,64.94,12.6,65.42,4,PUMP_MIST_LOW,19.932,26.22,72.94,25.6,3
1,MILD,2,OPTIMAL,0,VERY_DRY,2,MEDIUM,24.91,65.58,10.75,59.95,5,PUMP_MIST_HIGH,-6.835,22.91,79.58,26.75,0
1,MILD,2,OPTIMAL,0,VERY_DRY,2,MEDIUM,26.32,64.5,12.7,58.04,5,PUMP_MIST_HIGH,11.479,24.32,78.5,28.7,1
1,MILD,2,OPTIMAL,0,VERY_DRY,2,MEDIUM,24.99,61.69,11.26,66.34,5,PUMP_MIST_HIGH,0.71,22.99,75.69,27.26,2
1,MILD,2,OPTIMAL,0,VERY_DRY,2,MEDIUM,26.71,65.1,19.66,60.96,5,PUMP_MIST_HIGH,26.386,24.71,79.1,35.66,3
1,MILD,2,OPTIMAL,0,VERY_DRY,3,BRIGHT,25.85,58.98,15.28,88.93,0,OFF,-34.731,26.85,54.98,12.28,0
1,MILD,2,OPTIMAL,0,VERY_DRY,3,BRIGHT,26.45,65.81,13.22,90.77,0,OFF,-21.088,27.45,61.81,10.22,1
1,MILD,2,OPTIMAL,0,VERY_DRY,3,BRIGHT,25.23,60.11,12.96,82.99,0,OFF,-31.759,26.23,56.11,9.96,2
1,MILD,2,OPTIMAL,0,VERY_DRY,3,BRIGHT,26.16,64.98,16.59,90.82,0,OFF,-14.402,27.16,60.98,13.59,3
1,MILD,2,OPTIMAL,0,VERY_DRY,3,BRIGHT,25.18,58.62,19.72,82.72,1,MIST_LOW,-12.667,24.98,63.62,17.72,0
1,MILD,2,OPTIMAL,0,VERY_DRY,3,BRIGHT,24.64,59.73,18.19,84.26,1,MIST_LOW,-19.38,24.44,64.73,16.19,1
1,MILD,2,OPTIMAL,0,VERY_DRY,3,BRIGHT,24.89,59.67,15.91,88.33,1,MIST_LOW,-23.253,24.69,64.67,13.91,2
1,MILD,2,OPTIMAL,0,VERY_DRY,3,BRIGHT,27.0,64.08,13.12,87.45,1,MIST_LOW,-29.414,26.8,69.08,11.12,3
1,MILD,2,OPTIMAL,0,VERY_DRY,3,BRIGHT,25.03,62.04,19.14,84.63,2,MIST_HIGH,-48.421,23.73,74.04,18.14,0
1,MILD,2,OPTIMAL,0,VERY_DRY,3,BRIGHT,25.62,65.8,18.68,88.16,2,MIST_HIGH,-45.538,24.32,77.8,17.68,1
1,MILD,2,OPTIMAL,0,VERY_DRY,3,BRIGHT,26.78,59.5,12.78,83.97,2,MIST_HIGH,-44.122,25.48,71.5,11.78,2
1,MILD,2,OPTIMAL,0,VERY_DRY,3,BRIGHT,25.46,64.96,16.48,83.77,2,MIST_HIGH,-49.306,24.16,76.96,15.48,3
1,MILD,2,OPTIMAL,0,VERY_DRY,3,BRIGHT,27.05,63.96,12.41,92.73,3,PUMP,49.277,27.75,61.96,27.41,0
1,MILD,2,OPTIMAL,0,VERY_DRY,3,BRIGHT,25.12,58.23,16.62,87.43,3,PUMP,47.601,25.82,56.23,31.62,1
1,MILD,2,OPTIMAL,0,VERY_DRY,3,BRIGHT,25.34,65.42,10.84,87.18,3,PUMP,43.14,26.04,63.42,25.84,2
1,MILD,2,OPTIMAL,0,VERY_DRY,3,BRIGHT,25.02,62.02,15.08,82.64,3,PUMP,50.104,25.72,60.02,30.08,3
1,MILD,2,OPTIMAL,0,VERY_DRY,3,BRIGHT,25.36,58.78,16.49,90.78,4,PUMP_MIST_LOW,42.731,24.86,64.78,28.49,0
1,MILD,2,OPTIMAL,0,VERY_DRY,3,BRIGHT,25.78,60.35,14.03,89.13,4,PUMP_MIST_LOW,36.4,25.28,66.35,26.03,1
1,MILD,2,OPTIMAL,0,VERY_DRY,3,BRIGHT,26.08,61.95,14.34,90.17,4,PUMP_MIST_LOW,35.451,25.58,67.95,26.34,2
1,MILD,2,OPTIMAL,0,VERY_DRY,3,BRIGHT,26.41,65.67,12.2,82.64,4,PUMP_MIST_LOW,18.048,25.91,71.67,24.2,3
1,MILD,2,OPTIMAL,0,VERY_DRY,3,BRIGHT,24.7,60.13,10.66,83.21,5,PUMP_MIST_HIGH,3.715,23.2,72.13,25.66,0
1,MILD,2,OPTIMAL,0,VERY_DRY,3,BRIGHT,25.23,62.96,17.16,86.7,5,PUMP_MIST_HIGH,14.543,23.73,74.96,32.16,1
1,MILD,2,OPTIMAL,0,VERY_DRY,3,BRIGHT,24.88,63.87,18.8,85.22,5,PUMP_MIST_HIGH,15.404,23.38,75.87,33.8,2
1,MILD,2,OPTIMAL,0,VERY_DRY,3,BRIGHT,25.18,64.29,13.48,85.46,5,PUMP_MIST_HIGH,4.506,23.68,76.29,28.48,3
1,MILD,2,OPTIMAL,1,DRY,0,DARK,26.27,63.87,30.94,15.04,0,OFF,50.648,25.77,64.87,30.94,0
1,MILD,2,OPTIMAL,1,DRY,0,DARK,26.56,61.81,33.05,19.88,0,OFF,59.306,26.06,62.81,33.05,1
1,MILD,2,OPTIMAL,1,DRY,0,DARK,25.27,60.52,30.69,11.25,0,OFF,50.75,24.77,61.52,30.69,2
1,MILD,2,OPTIMAL,1,DRY,0,DARK,27.12,59.13,30.13,14.7,0,OFF,53.266,26.62,60.13,30.13,3
1,MILD,2,OPTIMAL,1,DRY,0,DARK,25.54,59.42,32.64,9.92,1,MIST_LOW,34.841,23.84,69.42,33.64,0
1,MILD,2,OPTIMAL,1,DRY,0,DARK,26.5,64.82,35.94,20.63,1,MIST_LOW,36.22,24.8,74.82,36.94,1
1,MILD,2,OPTIMAL,1,DRY,0,DARK,26.23,61.91,32.48,10.31,1,MIST_LOW,32.752,24.53,71.91,33.48,2
1,MILD,2,OPTIMAL,1,DRY,0,DARK,26.89,62.54,39.9,19.02,1,MIST_LOW,49.455,25.19,72.54,40.9,3
1,MILD,2,OPTIMAL,1,DRY,0,DARK,26.07,59.34,31.47,10.13,2,MIST_HIGH,3.603,23.27,76.34,33.47,0
1,MILD,2,OPTIMAL,1,DRY,0,DARK,25.45,63.89,34.53,17.82,2,MIST_HIGH,0.771,22.65,80.89,36.53,1
1,MILD,2,OPTIMAL,1,DRY,0,DARK,27.37,60.06,34.86,13.37,2,MIST_HIGH,21.751,24.57,77.06,36.86,2
1,MILD,2,OPTIMAL,1,DRY,0,DARK,24.64,60.82,37.1,19.7,2,MIST_HIGH,8.481,21.84,77.82,39.1,3
1,MILD,2,OPTIMAL,1,DRY,0,DARK,26.77,64.86,39.02,16.15,3,PUMP,111.276,25.97,67.86,57.02,0
1,MILD,2,OPTIMAL,1,DRY,0,DARK,24.92,63.49,37.28,9.25,3,PUMP,103.885,24.12,66.49,55.28,1
1,MILD,2,OPTIMAL,1,DRY,0,DARK,27.34,64.85,36.59,10.7,3,PUMP,108.015,26.54,67.85,54.59,2
1,MILD,2,OPTIMAL,1,DRY,0,DARK,25.99,59.95,37.41,20.68,3,PUMP,113.254,25.19,62.95,55.41,3
1,MILD,2,OPTIMAL,1,DRY,0,DARK,25.61,63.95,31.94,20.46,4,PUMP_MIST_LOW,55.183,23.61,74.95,46.94,0
1,MILD,2,OPTIMAL,1,DRY,0,DARK,26.39,65.72,38.77,17.15,4,PUMP_MIST_LOW,77.205,24.39,76.72,53.77,1
1,MILD,2,OPTIMAL,1,DRY,0,DARK,27.12,61.59,39.58,15.32,4,PUMP_MIST_LOW,87.851,25.12,72.59,54.58,2
1,MILD,2,OPTIMAL,1,DRY,0,DARK,25.34,63.43,38.88,13.69,4,PUMP_MIST_LOW,69.753,23.34,74.43,53.88,3
1,MILD,2,OPTIMAL,1,DRY,0,DARK,25.77,65.95,33.09,9.49,5,PUMP_MIST_HIGH,38.432,22.77,82.95,51.09,0
1,MILD,2,OPTIMAL,1,DRY,0,DARK,26.06,60.75,36.12,14.2,5,PUMP_MIST_HIGH,54.046,23.06,77.75,54.12,1
1,MILD,2,OPTIMAL,1,DRY,0,DARK,25.87,65.75,37.92,12.46,5,PUMP_MIST_HIGH,49.244,22.87,82.75,55.92,2
1,MILD,2,OPTIMAL,1,DRY,0,DARK,27.31,61.99,36.86,14.6,5,PUMP_MIST_HIGH,65.616,24.31,78.99,54.86,3
1,MILD,2,OPTIMAL,1,DRY,1,LOW,25.02,65.73,36.24,41.97,0,OFF,57.992,25.02,65.73,36.24,0
1,MILD,2,OPTIMAL,1,DRY,1,LOW,25.45,60.31,38.0,34.19,0,OFF,66.326,25.45,60.31,38.0,1
1,MILD,2,OPTIMAL,1,DRY,1,LOW,24.71,60.26,35.93,34.64,0,OFF,59.564,24.71,60.26,35.93,2
1,MILD,2,OPTIMAL,1,DRY,1,LOW,25.46,61.44,36.6,34.01,0,OFF,65.234,25.46,61.44,36.6,3
1,MILD,2,OPTIMAL,1,DRY,1,LOW,25.3,60.8,32.83,44.31,1,MIST_LOW,43.499,24.1,69.8,33.83,0
1,MILD,2,OPTIMAL,1,DRY,1,LOW,26.46,64.15,31.55,35.03,1,MIST_LOW,31.155,25.26,73.15,32.55,1
1,MILD,2,OPTIMAL,1,DRY,1,LOW,25.36,65.97,31.97,41.02,1,MIST_LOW,25.589,24.16,74.97,32.97,2
1,MILD,2,OPTIMAL,1,DRY,1,LOW,24.83,59.75,34.73,38.26,1,MIST_LOW,39.639,23.63,68.75,35.73,3
1,MILD,2,OPTIMAL,1,DRY,1,LOW,26.87,63.1,34.23,45.6,2,MIST_HIGH,27.153,24.57,79.1,36.23,0
1,MILD,2,OPTIMAL,1,DRY,1,LOW,24.87,60.09,33.02,37.73,2,MIST_HIGH,15.038,22.57,76.09,35.02,1
1,MILD,2,OPTIMAL,1,DRY,1,LOW,26.18,63.43,33.22,40.94,2,MIST_HIGH,14.294,23.88,79.43,35.22,2
1,MILD,2,OPTIMAL,1,DRY,1,LOW,26.51,59.6,31.36,40.65,2,MIST_HIGH,25.578,24.21,75.6,33.36,3
1,MILD,2,OPTIMAL,1,DRY,1,LOW,25.44,58.68,35.67,41.54,3,PUMP,108.853,25.14,60.68,53.67,0
1,MILD,2,OPTIMAL,1,DRY,1,LOW,26.13,61.01,38.76,39.24,3,PUMP,118.033,25.83,63.01,56.76,1
1,MILD,2,OPTIMAL,1,DRY,1,LOW,24.99,61.54,33.13,45.22,3,PUMP,101.724,24.69,63.54,51.13,2
1,MILD,2,OPTIMAL,1,DRY,1,LOW,26.6,61.75,34.28,39.05,3,PUMP,108.931,26.3,63.75,52.28,3
1,MILD,2,OPTIMAL,1,DRY,1,LOW,25.75,58.22,35.59,45.49,4,PUMP_MIST_LOW,91.679,24.25,68.22,50.59,0
1,MILD,2,OPTIMAL,1,DRY,1,LOW,25.78,64.05,36.15,37.63,4,PUMP_MIST_LOW,75.636,24.28,74.05,51.15,1
1,MILD,2,OPTIMAL,1,DRY,1,LOW,25.28,62.1,31.27,40.52,4,PUMP_MIST_LOW,58.911,23.78,72.1,46.27,2
1,MILD,2,OPTIMAL,1,DRY,1,LOW,26.18,60.35,37.55,38.71,4,PUMP_MIST_LOW,85.795,24.68,70.35,52.55,3
1,MILD,2,OPTIMAL,1,DRY,1,LOW,25.73,58.05,38.07,44.5,5,PUMP_MIST_HIGH,74.611,23.23,74.05,56.07,0
1,MILD,2,OPTIMAL,1,DRY,1,LOW,25.89,58.43,30.55,43.96,5,PUMP_MIST_HIGH,58.696,23.39,74.43,48.55,1
1,MILD,2,OPTIMAL,1,DRY,1,LOW,26.42,60.67,30.97,37.49,5,PUMP_MIST_HIGH,57.72,23.92,76.67,48.97,2
1,MILD,2,OPTIMAL,1,DRY,1,LOW,25.95,60.65,30.61,42.89,5,PUMP_MIST_HIGH,55.471,23.45,76.65,48.61,3
1,MILD,2,OPTIMAL,1,DRY,2,MEDIUM,26.49,63.91,30.53,58.46,0,OFF,53.94,26.99,61.91,28.53,0
1,MILD,2,OPTIMAL,1,DRY,2,MEDIUM,25.0,63.92,34.95,58.68,0,OFF,58.49,25.5,61.92,32.95,1
1,MILD,2,OPTIMAL,1,DRY,2,MEDIUM,26.49,64.82,33.01,59.73,0,OFF,57.984,26.99,62.82,31.01,2
1,MILD,2,OPTIMAL,1,DRY,2,MEDIUM,27.37,58.05,34.85,64.25,0,OFF,50.884,27.87,56.05,32.85,3
1,MILD,2,OPTIMAL,1,DRY,2,MEDIUM,24.92,58.0,36.04,57.45,1,MIST_LOW,54.087,24.22,65.0,35.04,0
1,MILD,2,OPTIMAL,1,DRY,2,MEDIUM,24.87,59.63,34.74,65.99,1,MIST_LOW,48.582,24.17,66.63,33.74,1
1,MILD,2,OPTIMAL,1,DRY,2,MEDIUM,25.84,58.45,31.22,60.85,1,MIST_LOW,46.202,25.14,65.45,30.22,2
1,MILD,2,OPTIMAL,1,DRY,2,MEDIUM,27.35,64.56,38.42,62.56,1,MIST_LOW,48.362,26.65,71.56,37.42,3
1,MILD,2,OPTIMAL,1,DRY,2,MEDIUM,26.9,63.45,38.59,63.41,2,MIST_HIGH,36.447,25.1,77.45,38.59,0
1,MILD,2,OPTIMAL,1,DRY,2,MEDIUM,25.81,63.09,31.85,65.82,2,MIST_HIGH,19.372,24.01,77.09,31.85,1
1,MILD,2,OPTIMAL,1,DRY,2,MEDIUM,26.44,59.37,37.42,62.56,2,MIST_HIGH,39.04,24.64,73.37,37.42,2
1,MILD,2,OPTIMAL,1,DRY,2,MEDIUM,25.93,60.32,36.68,67.51,2,MIST_HIGH,34.332,24.13,74.32,36.68,3
1,MILD,2,OPTIMAL,1,DRY,2,MEDIUM,25.98,63.34,33.91,64.37,3,PUMP,104.245,26.18,63.34,49.91,0
1,MILD,2,OPTIMAL,1,DRY,2,MEDIUM,24.9,61.34,34.25,56.34,3,PUMP,102.579,25.1,61.34,50.25,1
1,MILD,2,OPTIMAL,1,DRY,2,MEDIUM,25.88,62.51,30.11,59.63,3,PUMP,97.265,26.08,62.51,46.11,2
1,MILD,2,OPTIMAL,1,DRY,2,MEDIUM,26.41,65.15,36.2,56.51,3,PUMP,107.524,26.61,65.15,52.2,3
1,MILD,2,OPTIMAL,1,DRY,2,MEDIUM,27.14,65.7,34.68,64.68,4,PUMP_MIST_LOW,74.849,26.14,73.7,47.68,0
1,MILD,2,OPTIMAL,1,DRY,2,MEDIUM,25.38,65.85,33.58,66.27,4,PUMP_MIST_LOW,66.647,24.38,73.85,46.58,1
1,MILD,2,OPTIMAL,1,DRY,2,MEDIUM,26.01,60.79,37.06,60.69,4,PUMP_MIST_LOW,92.094,25.01,68.79,50.06,2
1,MILD,2,OPTIMAL,1,DRY,2,MEDIUM,24.78,63.25,33.52,64.63,4,PUMP_MIST_LOW,60.776,23.78,71.25,46.52,3
1,MILD,2,OPTIMAL,1,DRY,2,MEDIUM,25.55,63.72,37.87,59.34,5,PUMP_MIST_HIGH,65.126,23.55,77.72,53.87,0
1,MILD,2,OPTIMAL,1,DRY,2,MEDIUM,26.74,60.42,33.94,66.99,5,PUMP_MIST_HIGH,73.948,24.74,74.42,49.94,1
1,MILD,2,OPTIMAL,1,DRY,2,MEDIUM,26.41,61.01,34.72,63.91,5,PUMP_MIST_HIGH,73.588,24.41,75.01,50.72,2
1,MILD,2,OPTIMAL,1,DRY,2,MEDIUM,26.21,65.42,37.75,62.31,5,PUMP_MIST_HIGH,72.294,24.21,79.42,53.75,3
1,MILD,2,OPTIMAL,1,DRY,3,BRIGHT,24.96,60.59,39.55,86.18,0,OFF,58.987,25.96,56.59,36.55,0
1,MILD,2,OPTIMAL,1,DRY,3,BRIGHT,26.33,61.23,30.45,92.22,0,OFF,43.159,27.33,57.23,27.45,1
1,MILD,2,OPTIMAL,1,DRY,3,BRIGHT,25.05,58.77,31.06,93.21,0,OFF,30.513,26.05,54.77,28.06,2
1,MILD,2,OPTIMAL,1,DRY,3,BRIGHT,25.93,64.08,39.81,91.7,0,OFF,68.223,26.93,60.08,36.81,3
1,MILD,2,OPTIMAL,1,DRY,3,BRIGHT,26.65,59.89,39.0,84.09,1,MIST_LOW,65.511,26.45,64.89,37.0,0
1,MILD,2,OPTIMAL,1,DRY,3,BRIGHT,27.1,64.05,34.2,82.77,1,MIST_LOW,50.223,26.9,69.05,32.2,1
1,MILD,2,OPTIMAL,1,DRY,3,BRIGHT,26.31,58.92,38.47,82.87,1,MIST_LOW,64.88,26.11,63.92,36.47,2
1,MILD,2,OPTIMAL,1,DRY,3,BRIGHT,26.74,62.85,38.41,93.08,1,MIST_LOW,59.81,26.54,67.85,36.41,3
1,MILD,2,OPTIMAL,1,DRY,3,BRIGHT,25.5,63.59,33.78,93.87,2,MIST_HIGH,24.324,24.2,75.59,32.78,0
1,MILD,2,OPTIMAL,1,DRY,3,BRIGHT,26.21,59.6,32.52,87.25,2,MIST_HIGH,30.347,24.91,71.6,31.52,1
1,MILD,2,OPTIMAL,1,DRY,3,BRIGHT,25.4,59.61,31.62,91.77,2,MIST_HIGH,25.852,24.1,71.61,30.62,2
1,MILD,2,OPTIMAL,1,DRY,3,BRIGHT,26.86,59.54,35.82,89.55,2,MIST_HIGH,39.469,25.56,71.54,34.82,3
1,MILD,2,OPTIMAL,1,DRY,3,BRIGHT,26.47,59.63,38.1,92.72,3,PUMP,108.164,27.17,57.63,53.1,0
1,MILD,2,OPTIMAL,1,DRY,3,BRIGHT,25.61,61.26,35.47,82.86,3,PUMP,103.583,26.31,59.26,50.47,1
1,MILD,2,OPTIMAL,1,DRY,3,BRIGHT,25.12,63.84,39.11,89.71,3,PUMP,113.795,25.82,61.84,54.11,2
1,MILD,2,OPTIMAL,1,DRY,3,BRIGHT,25.99,64.66,35.7,87.68,3,PUMP,108.629,26.69,62.66,50.7,3
1,MILD,2,OPTIMAL,1,DRY,3,BRIGHT,25.59,62.95,35.59,83.65,4,PUMP_MIST_LOW,86.891,25.09,68.95,47.59,0
1,MILD,2,OPTIMAL,1,DRY,3,BRIGHT,24.79,61.42,33.76,82.85,4,PUMP_MIST_LOW,82.948,24.29,67.42,45.76,1
1,MILD,2,OPTIMAL,1,DRY,3,BRIGHT,24.82,64.26,32.98,83.42,4,PUMP_MIST_LOW,58.868,24.32,70.26,44.98,2
1,MILD,2,OPTIMAL,1,DRY,3,BRIGHT,25.25,62.81,33.31,84.69,4,PUMP_MIST_LOW,81.236,24.75,68.81,45.31,3
1,MILD,2,OPTIMAL,1,DRY,3,BRIGHT,27.23,65.38,32.51,90.44,5,PUMP_MIST_HIGH,67.322,25.73,77.38,47.51,0
1,MILD,2,OPTIMAL,1,DRY,3,BRIGHT,24.79,64.97,39.68,82.9,5,PUMP_MIST_HIGH,67.204,23.29,76.97,54.68,1
1,MILD,2,OPTIMAL,1,DRY,3,BRIGHT,26.21,64.83,39.32,88.0,5,PUMP_MIST_HIGH,79.222,24.71,76.83,54.32,2
1,MILD,2,OPTIMAL,1,DRY,3,BRIGHT,25.72,58.45,36.98,83.33,5,PUMP_MIST_HIGH,82.92,24.22,70.45,51.98,3
1,MILD,2,OPTIMAL,2,OPTIMAL,0,DARK,25.92,65.34,55.63,9.36,0,OFF,109.021,25.42,66.34,55.63,0
1,MILD,2,OPTIMAL,2,OPTIMAL,0,DARK,25.55,60.09,56.35,18.18,0,OFF,114.814,25.05,61.09,56.35,1
1,MILD,2,OPTIMAL,2,OPTIMAL,0,DARK,24.99,62.38,60.34,20.09,0,OFF,110.854,24.49,63.38,60.34,2
1,MILD,2,OPTIMAL,2,OPTIMAL,0,DARK,26.46,65.03,55.36,9.87,0,OFF,110.67,25.96,66.03,55.36,3
1,MILD,2,OPTIMAL,2,OPTIMAL,0,DARK,27.25,65.23,60.03,18.19,1,MIST_LOW,85.834,25.55,75.23,61.03,0
1,MILD,2,OPTIMAL,2,OPTIMAL,0,DARK,24.7,65.85,62.5,16.18,1,MIST_LOW,63.491,23.0,75.85,63.5,1
1,MILD,2,OPTIMAL,2,OPTIMAL,0,DARK,26.31,58.64,58.51,20.36,1,MIST_LOW,104.556,24.61,68.64,59.51,2
1,MILD,2,OPTIMAL,2,OPTIMAL,0,DARK,25.36,58.33,53.36,15.09,1,MIST_LOW,89.517,23.66,68.33,54.36,3
1,MILD,2,OPTIMAL,2,OPTIMAL,0,DARK,26.42,61.45,56.03,19.2,2,MIST_HIGH,62.792,23.62,78.45,58.03,0
1,MILD,2,OPTIMAL,2,OPTIMAL,0,DARK,27.32,58.17,53.55,18.28,2,MIST_HIGH,73.852,24.52,75.17,55.55,1
1,MILD,2,OPTIMAL,2,OPTIMAL,0,DARK,26.87,62.27,61.6,17.18,2,MIST_HIGH,59.226,24.07,79.27,63.6,2
1,MILD,2,OPTIMAL,2,OPTIMAL,0,DARK,26.67,62.42,53.52,18.19,2,MIST_HIGH,56.895,23.87,79.42,55.52,3
1,MILD,2,OPTIMAL,2,OPTIMAL,0,DARK,26.55,61.44,57.27,10.65,3,PUMP,71.827,25.75,64.44,75.27,0
1,MILD,2,OPTIMAL,2,OPTIMAL,0,DARK,25.83,65.18,62.83,13.41,3,PUMP,51.867,25.03,68.18,80.83,1
1,MILD,2,OPTIMAL,2,OPTIMAL,0,DARK,25.14,61.49,53.58,11.78,3,PUMP,74.991,24.34,64.49,71.58,2
1,MILD,2,OPTIMAL,2,OPTIMAL,0,DARK,26.25,59.82,60.47,19.66,3,PUMP,66.73,25.45,62.82,78.47,3
1,MILD,2,OPTIMAL,2,OPTIMAL,0,DARK,26.82,62.54,62.91,9.18,4,PUMP_MIST_LOW,40.746,24.82,73.54,77.91,0
1,MILD,2,OPTIMAL,2,OPTIMAL,0,DARK,26.62,64.5,53.77,10.52,4,PUMP_MIST_LOW,66.159,24.62,75.5,68.77,1
1,MILD,2,OPTIMAL,2,OPTIMAL,0,DARK,25.11,58.35,56.5,16.86,4,PUMP_MIST_LOW,55.435,23.11,69.35,71.5,2
1,MILD,2,OPTIMAL,2,OPTIMAL,0,DARK,25.28,60.34,59.06,14.74,4,PUMP_MIST_LOW,39.437,23.28,71.34,74.06,3
1,MILD,2,OPTIMAL,2,OPTIMAL,0,DARK,24.94,58.61,55.5,15.52,5,PUMP_MIST_HIGH,19.479,21.94,75.61,73.5,0
1,MILD,2,OPTIMAL,2,OPTIMAL,0,DARK,25.99,63.88,56.57,19.98,5,PUMP_MIST_HIGH,12.148,22.99,80.88,74.57,1
1,MILD,2,OPTIMAL,2,OPTIMAL,0,DARK,25.22,63.71,62.41,18.36,5,PUMP_MIST_HIGH,-2.304,22.22,80.71,80.41,2
1,MILD,2,OPTIMAL,2,OPTIMAL,0,DARK,25.42,63.23,58.27,12.21,5,PUMP_MIST_HIGH,7.812,22.42,80.23,76.27,3
1,MILD,2,OPTIMAL,2,OPTIMAL,1,LOW,26.55,62.03,53.54,44.81,0,OFF,115.162,26.55,62.03,53.54,0
1,MILD,2,OPTIMAL,2,OPTIMAL,1,LOW,26.58,62.97,55.8,36.44,0,OFF,118.457,26.58,62.97,55.8,1
1,MILD,2,OPTIMAL,2,OPTIMAL,1,LOW,24.98,65.81,55.31,42.9,0,OFF,107.798,24.98,65.81,55.31,2
1,MILD,2,OPTIMAL,2,OPTIMAL,1,LOW,25.19,60.98,61.16,35.7,0,OFF,111.931,25.19,60.98,61.16,3
1,MILD,2,OPTIMAL,2,OPTIMAL,1,LOW,27.34,63.59,59.5,39.45,1,MIST_LOW,93.055,26.14,72.59,60.5,0
1,MILD,2,OPTIMAL,2,OPTIMAL,1,LOW,24.92,61.99,53.34,37.34,1,MIST_LOW,77.426,23.72,70.99,54.34,1
1,MILD,2,OPTIMAL,2,OPTIMAL,1,LOW,25.68,64.62,53.84,37.35,1,MIST_LOW,84.709,24.48,73.62,54.84,2
1,MILD,2,OPTIMAL,2,OPTIMAL,1,LOW,26.31,61.96,61.63,38.62,1,MIST_LOW,87.885,25.11,70.96,62.63,3
1,MILD,2,OPTIMAL,2,OPTIMAL,1,LOW,24.72,59.65,54.84,39.17,2,MIST_HIGH,71.098,22.42,75.65,56.84,0
1,MILD,2,OPTIMAL,2,OPTIMAL,1,LOW,24.75,60.44,58.42,38.17,2,MIST_HIGH,67.25,22.45,76.44,60.42,1
1,MILD,2,OPTIMAL,2,OPTIMAL,1,LOW,24.67,62.87,61.93,45.07,2,MIST_HIGH,55.744,22.37,78.87,63.93,2
1,MILD,2,OPTIMAL,2,OPTIMAL,1,LOW,27.14,64.48,58.91,43.09,2,MIST_HIGH,75.409,24.84,80.48,60.91,3
1,MILD,2,OPTIMAL,2,OPTIMAL,1,LOW,25.55,64.63,57.34,39.13,3,PUMP,66.585,25.25,66.63,75.34,0
1,MILD,2,OPTIMAL,2,OPTIMAL,1,LOW,26.64,63.88,53.57,35.31,3,PUMP,79.181,26.34,65.88,71.57,1
1,MILD,2,OPTIMAL,2,OPTIMAL,1,LOW,25.69,63.77,59.78,44.3,3,PUMP,63.268,25.39,65.77,77.78,2
1,MILD,2,OPTIMAL,2,OPTIMAL,1,LOW,27.23,61.71,58.73,40.82,3,PUMP,73.707,26.93,63.71,76.73,3
1,MILD,2,OPTIMAL,2,OPTIMAL,1,LOW,26.05,59.3,56.81,42.95,4,PUMP_MIST_LOW,67.482,24.55,69.3,71.81,0
1,MILD,2,OPTIMAL,2,OPTIMAL,1,LOW,27.19,59.05,53.15,43.6,4,PUMP_MIST_LOW,89.198,25.69,69.05,68.15,1
1,MILD,2,OPTIMAL,2,OPTIMAL,1,LOW,27.26,58.68,55.5,40.51,4,PUMP_MIST_LOW,75.097,25.76,68.68,70.5,2
1,MILD,2,OPTIMAL,2,OPTIMAL,1,LOW,25.55,61.16,59.16,38.34,4,PUMP_MIST_LOW,49.967,24.05,71.16,74.16,3
1,MILD,2,OPTIMAL,2,OPTIMAL,1,LOW,26.45,64.26,61.1,41.3,5,PUMP_MIST_HIGH,16.696,23.95,80.26,79.1,0
1,MILD,2,OPTIMAL,2,OPTIMAL,1,LOW,24.95,62.55,56.21,37.17,5,PUMP_MIST_HIGH,24.917,22.45,78.55,74.21,1
1,MILD,2,OPTIMAL,2,OPTIMAL,1,LOW,25.1,61.7,57.4,39.6,5,PUMP_MIST_HIGH,24.261,22.6,77.7,75.4,2
1,MILD,2,OPTIMAL,2,OPTIMAL,1,LOW,27.3,61.84,61.44,36.61,5,PUMP_MIST_HIGH,30.597,24.8,77.84,79.44,3
1,MILD,2,OPTIMAL,2,OPTIMAL,2,MEDIUM,24.76,65.51,55.76,63.32,0,OFF,109.133,25.26,63.51,53.76,0
1,MILD,2,OPTIMAL,2,OPTIMAL,2,MEDIUM,25.48,58.51,54.8,65.19,0,OFF,103.029,25.98,56.51,52.8,1
1,MILD,2,OPTIMAL,2,OPTIMAL,2,MEDIUM,25.37,64.95,54.27,63.56,0,OFF,108.842,25.87,62.95,52.27,2
1,MILD,2,OPTIMAL,2,OPTIMAL,2,MEDIUM,25.01,62.94,53.5,57.37,0,OFF,105.887,25.51,60.94,51.5,3
1,MILD,2,OPTIMAL,2,OPTIMAL,2,MEDIUM,24.71,63.48,61.61,62.96,1,MIST_LOW,89.392,24.01,70.48,60.61,0
1,MILD,2,OPTIMAL,2,OPTIMAL,2,MEDIUM,24.72,63.74,53.61,64.57,1,MIST_LOW,83.151,24.02,70.74,52.61,1
1,MILD,2,OPTIMAL,2,OPTIMAL,2,MEDIUM,25.33,60.06,59.78,66.29,1,MIST_LOW,108.66,24.63,67.06,58.78,2
1,MILD,2,OPTIMAL,2,OPTIMAL,2,MEDIUM,25.59,63.75,59.01,60.2,1,MIST_LOW,97.239,24.89,70.75,58.01,3
1,MILD,2,OPTIMAL,2,OPTIMAL,2,MEDIUM,24.82,61.55,58.11,58.84,2,MIST_HIGH,75.342,23.02,75.55,58.11,0
1,MILD,2,OPTIMAL,2,OPTIMAL,2,MEDIUM,25.51,60.97,61.23,60.99,2,MIST_HIGH,71.949,23.71,74.97,61.23,1
1,MILD,2,OPTIMAL,2,OPTIMAL,2,MEDIUM,26.4,65.01,54.43,59.92,2,MIST_HIGH,75.605,24.6,79.01,54.43,2
1,MILD,2,OPTIMAL,2,OPTIMAL,2,MEDIUM,26.81,60.68,57.08,63.82,2,MIST_HIGH,89.405,25.01,74.68,57.08,3
1,MILD,2,OPTIMAL,2,OPTIMAL,2,MEDIUM,25.92,65.79,59.22,57.92,3,PUMP,70.956,26.12,65.79,75.22,0
1,MILD,2,OPTIMAL,2,OPTIMAL,2,MEDIUM,24.72,65.44,62.12,56.31,3,PUMP,61.602,24.92,65.44,78.12,1
1,MILD,2,OPTIMAL,2,OPTIMAL,2,MEDIUM,26.31,64.46,58.11,65.37,3,PUMP,76.647,26.51,64.46,74.11,2
1,MILD,2,OPTIMAL,2,OPTIMAL,2,MEDIUM,26.02,62.65,56.44,58.58,3,PUMP,82.145,26.22,62.65,72.44,3
1,MILD,2,OPTIMAL,2,OPTIMAL,2,MEDIUM,26.93,58.26,60.26,60.57,4,PUMP_MIST_LOW,73.695,25.93,66.26,73.26,0
1,MILD,2,OPTIMAL,2,OPTIMAL,2,MEDIUM,27.39,58.63,53.77,67.23,4,PUMP_MIST_LOW,98.233,26.39,66.63,66.77,1
1,MILD,2,OPTIMAL,2,OPTIMAL,2,MEDIUM,25.23,62.03,58.74,62.58,4,PUMP_MIST_LOW,57.424,24.23,70.03,71.74,2
1,MILD,2,OPTIMAL,2,OPTIMAL,2,MEDIUM,25.77,63.86,61.48,62.33,4,PUMP_MIST_LOW,50.484,24.77,71.86,74.48,3
1,MILD,2,OPTIMAL,2,OPTIMAL,2,MEDIUM,24.74,61.78,58.24,61.29,5,PUMP_MIST_HIGH,30.222,22.74,75.78,74.24,0
1,MILD,2,OPTIMAL,2,OPTIMAL,2,MEDIUM,25.35,64.69,55.93,58.93,5,PUMP_MIST_HIGH,32.377,23.35,78.69,71.93,1
1,MILD,2,OPTIMAL,2,OPTIMAL,2,MEDIUM,25.28,64.14,56.62,61.47,5,PUMP_MIST_HIGH,31.571,23.28,78.14,72.62,2
1,MILD,2,OPTIMAL,2,OPTIMAL,2,MEDIUM,26.69,58.92,55.41,64.79,5,PUMP_MIST_HIGH,54.984,24.69,72.92,71.41,3
1,MILD,2,OPTIMAL,2,OPTIMAL,3,BRIGHT,27.06,60.9,56.52,88.07,0,OFF,105.017,28.06,56.9,53.52,0
1,MILD,2,OPTIMAL,2,OPTIMAL,3,BRIGHT,27.16,63.23,59.05,87.39,0,OFF,113.757,28.16,59.23,56.05,1
1,MILD,2,OPTIMAL,2,OPTIMAL,3,BRIGHT,25.77,62.55,61.27,83.5,0,OFF,119.198,26.77,58.55,58.27,2
1,MILD,2,OPTIMAL,2,OPTIMAL,3,BRIGHT,26.11,64.21,57.08,89.02,0,OFF,114.561,27.11,60.21,54.08,3
1,MILD,2,OPTIMAL,2,OPTIMAL,3,BRIGHT,24.99,60.08,55.87,85.77,1,MIST_LOW,105.311,24.79,65.08,53.87,0
1,MILD,2,OPTIMAL,2,OPTIMAL,3,BRIGHT,24.83,61.37,62.83,88.91,1,MIST_LOW,105.473,24.63,66.37,60.83,1
1,MILD,2,OPTIMAL,2,OPTIMAL,3,BRIGHT,26.37,64.18,62.0,92.52,1,MIST_LOW,107.661,26.17,69.18,60.0,2
1,MILD,2,OPTIMAL,2,OPTIMAL,3,BRIGHT,24.64,58.97,55.63,88.65,1,MIST_LOW,105.504,24.44,63.97,53.63,3
1,MILD,2,OPTIMAL,2,OPTIMAL,3,BRIGHT,27.2,63.94,54.26,82.41,2,MIST_HIGH,82.24,25.9,75.94,53.26,0
1,MILD,2,OPTIMAL,2,OPTIMAL,3,BRIGHT,25.81,63.52,62.9,83.59,2,MIST_HIGH,80.204,24.51,75.52,61.9,1
1,MILD,2,OPTIMAL,2,OPTIMAL,3,BRIGHT,27.03,65.35,62.04,86.25,2,MIST_HIGH,82.979,25.73,77.35,61.04,2
1,MILD,2,OPTIMAL,2,OPTIMAL,3,BRIGHT,25.73,62.46,60.12,83.43,2,MIST_HIGH,87.484,24.43,74.46,59.12,3
1,MILD,2,OPTIMAL,2,OPTIMAL,3,BRIGHT,27.11,65.19,58.91,89.4,3,PUMP,78.079,27.81,63.19,73.91,0
1,MILD,2,OPTIMAL,2,OPTIMAL,3,BRIGHT,27.38,58.36,60.39,86.26,3,PUMP,66.998,28.08,56.36,75.39,1
1,MILD,2,OPTIMAL,2,OPTIMAL,3,BRIGHT,25.86,61.27,57.5,92.02,3,PUMP,79.771,26.56,59.27,72.5,2
1,MILD,2,OPTIMAL,2,OPTIMAL,3,BRIGHT,25.41,61.82,54.35,84.2,3,PUMP,95.832,26.11,59.82,69.35,3
1,MILD,2,OPTIMAL,2,OPTIMAL,3,BRIGHT,26.74,65.33,62.37,83.01,4,PUMP_MIST_LOW,56.285,26.24,71.33,74.37,0
1,MILD,2,OPTIMAL,2,OPTIMAL,3,BRIGHT,27.11,62.75,56.7,89.79,4,PUMP_MIST_LOW,91.48,26.61,68.75,68.7,1
1,MILD,2,OPTIMAL,2,OPTIMAL,3,BRIGHT,25.66,61.51,58.09,89.06,4,PUMP_MIST_LOW,75.923,25.16,67.51,70.09,2
1,MILD,2,OPTIMAL,2,OPTIMAL,3,BRIGHT,27.25,58.78,55.97,86.09,4,PUMP_MIST_LOW,99.801,26.75,64.78,67.97,3
1,MILD,2,OPTIMAL,2,OPTIMAL,3,BRIGHT,26.18,65.18,58.8,92.13,5,PUMP_MIST_HIGH,43.113,24.68,77.18,73.8,0
1,MILD,2,OPTIMAL,2,OPTIMAL,3,BRIGHT,25.79,60.58,56.19,84.14,5,PUMP_MIST_HIGH,54.721,24.29,72.58,71.19,1
1,MILD,2,OPTIMAL,2,OPTIMAL,3,BRIGHT,25.0,64.51,60.35,93.87,5,PUMP_MIST_HIGH,29.157,23.5,76.51,75.35,2
1,MILD,2,OPTIMAL,2,OPTIMAL,3,BRIGHT,25.19,62.15,58.75,89.39,5,PUMP_MIST_HIGH,36.885,23.69,74.15,73.75,3
1,MILD,2,OPTIMAL,3,WET,0,DARK,24.88,60.28,78.19,12.29,0,OFF,64.067,24.38,61.28,78.19,0
1,MILD,2,OPTIMAL,3,WET,0,DARK,25.83,65.08,79.88,20.01,0,OFF,58.162,25.33,66.08,79.88,1
1,MILD,2,OPTIMAL,3,WET,0,DARK,27.37,64.03,86.25,17.0,0,OFF,51.42,26.87,65.03,86.25,2
1,MILD,2,OPTIMAL,3,WET,0,DARK,24.99,59.65,85.39,18.06,0,OFF,48.316,24.49,60.65,85.39,3
1,MILD,2,OPTIMAL,3,WET,0,DARK,24.68,65.22,86.6,15.48,1,MIST_LOW,3.816,22.98,75.22,87.6,0
1,MILD,2,OPTIMAL,3,WET,0,DARK,26.84,58.05,85.33,9.31,1,MIST_LOW,40.871,25.14,68.05,86.33,1
1,MILD,2,OPTIMAL,3,WET,0,DARK,25.17,65.53,82.71,17.79,1,MIST_LOW,13.051,23.47,75.53,83.71,2
1,MILD,2,OPTIMAL,3,WET,0,DARK,26.06,64.65,79.95,10.32,1,MIST_LOW,31.116,24.36,74.65,80.95,3
1,MILD,2,OPTIMAL,3,WET,0,DARK,26.58,64.76,81.44,14.19,2,MIST_HIGH,-5.357,23.78,81.76,83.44,0
1,MILD,2,OPTIMAL,3,WET,0,DARK,25.34,64.92,86.93,17.78,2,MIST_HIGH,-21.103,22.54,81.92,88.93,1
1,MILD,2,OPTIMAL,3,WET,0,DARK,24.93,60.83,77.79,18.52,2,MIST_HIGH,3.315,22.13,77.83,79.79,2
1,MILD,2,OPTIMAL,3,WET,0,DARK,26.64,60.62,82.07,12.31,2,MIST_HIGH,0.142,23.84,77.62,84.07,3
1,MILD,2,OPTIMAL,3,WET,0,DARK,26.37,62.1,84.77,17.48,3,PUMP,-9.754,25.57,65.1,100.0,0
1,MILD,2,OPTIMAL,3,WET,0,DARK,25.48,65.4,81.33,20.19,3,PUMP,-16.457,24.68,68.4,99.33,1
1,MILD,2,OPTIMAL,3,WET,0,DARK,26.82,60.54,85.41,16.93,3,PUMP,-5.788,26.02,63.54,100.0,2
1,MILD,2,OPTIMAL,3,WET,0,DARK,27.06,58.29,83.34,9.1,3,PUMP,-3.721,26.26,61.29,100.0,3
1,MILD,2,OPTIMAL,3,WET,0,DARK,24.98,61.01,86.43,17.08,4,PUMP_MIST_LOW,-45.069,22.98,72.01,100.0,0
1,MILD,2,OPTIMAL,3,WET,0,DARK,25.34,59.21,85.14,17.8,4,PUMP_MIST_LOW,-41.041,23.34,70.21,100.0,1
1,MILD,2,OPTIMAL,3,WET,0,DARK,25.39,59.59,85.76,20.41,4,PUMP_MIST_LOW,-41.49,23.39,70.59,100.0,2
1,MILD,2,OPTIMAL,3,WET,0,DARK,27.0,64.0,77.03,9.81,4,PUMP_MIST_LOW,-18.66,25.0,75.0,92.03,3
1,MILD,2,OPTIMAL,3,WET,0,DARK,26.16,59.67,78.78,14.02,5,PUMP_MIST_HIGH,-55.192,23.16,76.67,96.78,0
1,MILD,2,OPTIMAL,3,WET,0,DARK,25.34,61.04,82.84,16.65,5,PUMP_MIST_HIGH,-66.791,22.34,78.04,100.0,1
1,MILD,2,OPTIMAL,3,WET,0,DARK,25.96,63.26,78.8,12.6,5,PUMP_MIST_HIGH,-61.631,22.96,80.26,96.8,2
1,MILD,2,OPTIMAL,3,WET,0,DARK,25.25,60.34,81.85,18.56,5,PUMP_MIST_HIGH,-65.628,22.25,77.34,99.85,3
1,MILD,2,OPTIMAL,3,WET,1,LOW,25.7,60.86,81.81,35.16,0,OFF,60.005,25.7,60.86,81.81,0
1,MILD,2,OPTIMAL,3,WET,1,LOW,24.91,65.05,84.55,37.45,0,OFF,48.697,24.91,65.05,84.55,1
1,MILD,2,OPTIMAL,3,WET,1,LOW,27.31,60.6,83.62,35.39,0,OFF,58.949,27.31,60.6,83.62,2
1,MILD,2,OPTIMAL,3,WET,1,LOW,25.9,60.55,78.14,42.36,0,OFF,67.882,25.9,60.55,78.14,3
1,MILD,2,OPTIMAL,3,WET,1,LOW,26.57,64.19,81.84,43.66,1,MIST_LOW,32.734,25.37,73.19,82.84,0
1,MILD,2,OPTIMAL,3,WET,1,LOW,25.97,61.3,79.35,37.49,1,MIST_LOW,40.657,24.77,70.3,80.35,1
1,MILD,2,OPTIMAL,3,WET,1,LOW,26.02,65.12,84.83,34.73,1,MIST_LOW,23.198,24.82,74.12,85.83,2
1,MILD,2,OPTIMAL,3,WET,1,LOW,26.76,60.09,80.18,38.7,1,MIST_LOW,51.377,25.56,69.09,81.18,3
1,MILD,2,OPTIMAL,3,WET,1,LOW,25.84,61.19,86.12,37.22,2,MIST_HIGH,1.357,23.54,77.19,88.12,0
1,MILD,2,OPTIMAL,3,WET,1,LOW,26.64,60.72,85.19,37.7,2,MIST_HIGH,14.646,24.34,76.72,87.19,1
1,MILD,2,OPTIMAL,3,WET,1,LOW,25.75,62.58,78.67,36.47,2,MIST_HIGH,14.507,23.45,78.58,80.67,2
1,MILD,2,OPTIMAL,3,WET,1,LOW,26.35,65.58,83.13,37.96,2,MIST_HIGH,10.25,24.05,81.58,85.13,3
1,MILD,2,OPTIMAL,3,WET,1,LOW,26.29,58.16,84.22,43.63,3,PUMP,-6.365,25.99,60.16,100.0,0
1,MILD,2,OPTIMAL,3,WET,1,LOW,24.85,63.64,86.12,43.2,3,PUMP,-13.852,24.55,65.64,100.0,1
1,MILD,2,OPTIMAL,3,WET,1,LOW,26.15,63.24,82.19,38.35,3,PUMP,-9.069,25.85,65.24,100.0,2
1,MILD,2,OPTIMAL,3,WET,1,LOW,25.16,59.26,82.36,44.32,3,PUMP,-8.252,24.86,61.26,100.0,3
1,MILD,2,OPTIMAL,3,WET,1,LOW,25.24,64.41,86.11,37.98,4,PUMP_MIST_LOW,-46.482,23.74,74.41,100.0,0
1,MILD,2,OPTIMAL,3,WET,1,LOW,25.2,63.87,86.4,34.43,4,PUMP_MIST_LOW,-45.735,23.7,73.87,100.0,1
1,MILD,2,OPTIMAL,3,WET,1,LOW,24.66,65.52,78.03,38.78,4,PUMP_MIST_LOW,-35.49,23.16,75.52,93.03,2
1,MILD,2,OPTIMAL,3,WET,1,LOW,25.96,59.26,80.01,36.76,4,PUMP_MIST_LOW,-9.475,24.46,69.26,95.01,3
1,MILD,2,OPTIMAL,3,WET,1,LOW,26.76,59.98,79.72,35.48,5,PUMP_MIST_HIGH,-34.546,24.26,75.98,97.72,0
1,MILD,2,OPTIMAL,3,WET,1,LOW,26.8,63.24,78.31,42.89,5,PUMP_MIST_HIGH,-36.697,24.3,79.24,96.31,1
1,MILD,2,OPTIMAL,3,WET,1,LOW,25.36,58.68,77.74,42.67,5,PUMP_MIST_HIGH,-40.799,22.86,74.68,95.74,2
1,MILD,2,OPTIMAL,3,WET,1,LOW,26.73,61.32,77.15,43.96,5,PUMP_MIST_HIGH,-31.375,24.23,77.32,95.15,3
1,MILD,2,OPTIMAL,3,WET,2,MEDIUM,26.29,59.21,84.36,65.51,0,OFF,56.53,26.79,57.21,82.36,0
1,MILD,2,OPTIMAL,3,WET,2,MEDIUM,25.14,62.85,80.12,59.88,0,OFF,67.558,25.64,60.85,78.12,1
1,MILD,2,OPTIMAL,3,WET,2,MEDIUM,26.03,58.19,79.74,58.43,0,OFF,63.756,26.53,56.19,77.74,2
1,MILD,2,OPTIMAL,3,WET,2,MEDIUM,25.34,63.25,81.71,59.49,0,OFF,65.486,25.84,61.25,79.71,3
1,MILD,2,OPTIMAL,3,WET,2,MEDIUM,24.86,65.74,82.61,61.8,1,MIST_LOW,32.157,24.16,72.74,81.61,0
1,MILD,2,OPTIMAL,3,WET,2,MEDIUM,27.14,62.27,79.45,56.21,1,MIST_LOW,59.651,26.44,69.27,78.45,1
1,MILD,2,OPTIMAL,3,WET,2,MEDIUM,25.99,61.15,80.73,62.56,1,MIST_LOW,55.067,25.29,68.15,79.73,2
1,MILD,2,OPTIMAL,3,WET,2,MEDIUM,24.9,59.79,86.75,60.77,1,MIST_LOW,41.103,24.2,66.79,85.75,3
1,MILD,2,OPTIMAL,3,WET,2,MEDIUM,25.25,60.96,82.63,63.71,2,MIST_HIGH,16.18,23.45,74.96,82.63,0
1,MILD,2,OPTIMAL,3,WET,2,MEDIUM,25.53,64.48,86.76,57.14,2,MIST_HIGH,2.783,23.73,78.48,86.76,1
1,MILD,2,OPTIMAL,3,WET,2,MEDIUM,25.07,64.92,81.9,59.0,2,MIST_HIGH,10.821,23.27,78.92,81.9,2
1,MILD,2,OPTIMAL,3,WET,2,MEDIUM,25.0,62.93,81.74,64.68,2,MIST_HIGH,14.091,23.2,76.93,81.74,3
1,MILD,2,OPTIMAL,3,WET,2,MEDIUM,26.19,59.86,84.67,59.02,3,PUMP,-5.588,26.39,59.86,100.0,0
1,MILD,2,OPTIMAL,3,WET,2,MEDIUM,25.47,60.7,78.51,59.86,3,PUMP,5.013,25.67,60.7,94.51,1
1,MILD,2,OPTIMAL,3,WET,2,MEDIUM,26.18,61.25,77.06,64.28,3,PUMP,11.212,26.38,61.25,93.06,2
1,MILD,2,OPTIMAL,3,WET,2,MEDIUM,26.71,64.36,82.46,59.76,3,PUMP,-1.004,26.91,64.36,98.46,3
1,MILD,2,OPTIMAL,3,WET,2,MEDIUM,26.43,60.57,84.09,62.17,4,PUMP_MIST_LOW,-9.644,25.43,68.57,97.09,0
1,MILD,2,OPTIMAL,3,WET,2,MEDIUM,27.0,65.94,77.81,57.26,4,PUMP_MIST_LOW,-11.204,26.0,73.94,90.81,1
1,MILD,2,OPTIMAL,3,WET,2,MEDIUM,26.56,61.01,84.57,57.95,4,PUMP_MIST_LOW,-10.918,25.56,69.01,97.57,2
1,MILD,2,OPTIMAL,3,WET,2,MEDIUM,26.69,59.33,81.38,67.66,4,PUMP_MIST_LOW,-1.094,25.69,67.33,94.38,3
1,MILD,2,OPTIMAL,3,WET,2,MEDIUM,24.71,61.39,78.71,65.64,5,PUMP_MIST_HIGH,-40.245,22.71,75.39,94.71,0
1,MILD,2,OPTIMAL,3,WET,2,MEDIUM,25.96,63.99,82.47,60.79,5,PUMP_MIST_HIGH,-48.291,23.96,77.99,98.47,1
1,MILD,2,OPTIMAL,3,WET,2,MEDIUM,25.43,61.48,79.94,67.06,5,PUMP_MIST_HIGH,-40.674,23.43,75.48,95.94,2
1,MILD,2,OPTIMAL,3,WET,2,MEDIUM,26.49,62.18,83.15,60.46,5,PUMP_MIST_HIGH,-37.122,24.49,76.18,99.15,3
1,MILD,2,OPTIMAL,3,WET,3,BRIGHT,26.42,59.13,82.23,84.45,0,OFF,59.077,27.42,55.13,79.23,0
1,MILD,2,OPTIMAL,3,WET,3,BRIGHT,26.32,63.72,82.19,85.01,0,OFF,66.817,27.32,59.72,79.19,1
1,MILD,2,OPTIMAL,3,WET,3,BRIGHT,25.9,65.49,86.27,90.64,0,OFF,61.782,26.9,61.49,83.27,2
1,MILD,2,OPTIMAL,3,WET,3,BRIGHT,26.99,59.08,82.24,91.95,0,OFF,57.163,27.99,55.08,79.24,3
1,MILD,2,OPTIMAL,3,WET,3,BRIGHT,24.63,61.33,78.5,82.8,1,MIST_LOW,61.982,24.43,66.33,76.5,0
1,MILD,2,OPTIMAL,3,WET,3,BRIGHT,27.34,60.49,78.88,90.33,1,MIST_LOW,70.334,27.14,65.49,76.88,1
1,MILD,2,OPTIMAL,3,WET,3,BRIGHT,26.11,60.65,77.61,87.62,1,MIST_LOW,69.678,25.91,65.65,75.61,2
1,MILD,2,OPTIMAL,3,WET,3,BRIGHT,25.04,60.8,82.59,84.71,1,MIST_LOW,55.554,24.84,65.8,80.59,3
1,MILD,2,OPTIMAL,3,WET,3,BRIGHT,26.36,65.42,79.75,91.85,2,MIST_HIGH,33.551,25.06,77.42,78.75,0
1,MILD,2,OPTIMAL,3,WET,3,BRIGHT,27.03,62.68,80.06,89.49,2,MIST_HIGH,39.436,25.73,74.68,79.06,1
1,MILD,2,OPTIMAL,3,WET,3,BRIGHT,25.73,60.04,82.41,89.91,2,MIST_HIGH,34.551,24.43,72.04,81.41,2
1,MILD,2,OPTIMAL,3,WET,3,BRIGHT,24.82,59.22,84.31,85.36,2,MIST_HIGH,20.959,23.52,71.22,83.31,3
1,MILD,2,OPTIMAL,3,WET,3,BRIGHT,25.34,58.82,84.97,89.05,3,PUMP,-11.509,26.04,56.82,99.97,0
1,MILD,2,OPTIMAL,3,WET,3,BRIGHT,26.74,60.64,84.72,89.11,3,PUMP,-6.409,27.44,58.64,99.72,1
1,MILD,2,OPTIMAL,3,WET,3,BRIGHT,25.38,64.46,85.71,90.02,3,PUMP,-3.889,26.08,62.46,100.0,2
1,MILD,2,OPTIMAL,3,WET,3,BRIGHT,25.93,59.34,84.83,93.87,3,PUMP,-8.497,26.63,57.34,99.83,3
1,MILD,2,OPTIMAL,3,WET,3,BRIGHT,24.86,64.43,78.46,83.98,4,PUMP_MIST_LOW,-10.121,24.36,70.43,90.46,0
1,MILD,2,OPTIMAL,3,WET,3,BRIGHT,27.05,60.59,85.96,82.63,4,PUMP_MIST_LOW,-4.697,26.55,66.59,97.96,1
1,MILD,2,OPTIMAL,3,WET,3,BRIGHT,26.03,61.52,83.65,85.93,4,PUMP_MIST_LOW,-4.585,25.53,67.52,95.65,2
1,MILD,2,OPTIMAL,3,WET,3,BRIGHT,26.0,58.94,82.6,86.53,4,PUMP_MIST_LOW,1.639,25.5,64.94,94.6,3
1,MILD,2,OPTIMAL,3,WET,3,BRIGHT,25.68,61.8,80.12,88.26,5,PUMP_MIST_HIGH,-25.846,24.18,73.8,95.12,0
1,MILD,2,OPTIMAL,3,WET,3,BRIGHT,26.09,65.07,85.42,93.46,5,PUMP_MIST_HIGH,-40.031,24.59,77.07,100.0,1
1,MILD,2,OPTIMAL,3,WET,3,BRIGHT,27.25,64.67,84.11,92.08,5,PUMP_MIST_HIGH,-33.817,25.75,76.67,99.11,2
1,MILD,2,OPTIMAL,3,WET,3,BRIGHT,26.17,61.92,84.89,90.22,5,PUMP_MIST_HIGH,-34.5,24.67,73.92,99.89,3
1,MILD,3,HUMID,0,VERY_DRY,0,DARK,26.16,81.48,13.48,9.3,0,OFF,-57.543,25.66,82.48,13.48,0
1,MILD,3,HUMID,0,VERY_DRY,0,DARK,25.62,81.73,16.7,17.74,0,OFF,-52.898,25.12,82.73,16.7,1
1,MILD,3,HUMID,0,VERY_DRY,0,DARK,25.2,82.48,19.98,20.27,0,OFF,-48.574,24.7,83.48,19.98,2
1,MILD,3,HUMID,0,VERY_DRY,0,DARK,25.67,79.43,17.48,9.13,0,OFF,-47.444,25.17,80.43,17.48,3
1,MILD,3,HUMID,0,VERY_DRY,0,DARK,25.84,82.21,10.06,12.72,1,MIST_LOW,-107.074,24.14,92.21,11.06,0
1,MILD,3,HUMID,0,VERY_DRY,0,DARK,24.86,80.95,12.54,20.06,1,MIST_LOW,-110.969,23.16,90.95,13.54,1
1,MILD,3,HUMID,0,VERY_DRY,0,DARK,26.3,78.27,12.75,14.74,1,MIST_LOW,-93.638,24.6,88.27,13.75,2
1,MILD,3,HUMID,0,VERY_DRY,0,DARK,24.72,83.56,12.53,16.5,1,MIST_LOW,-115.615,23.02,93.56,13.53,3
1,MILD,3,HUMID,0,VERY_DRY,0,DARK,27.32,84.59,18.63,20.13,2,MIST_HIGH,-108.212,24.52,100.0,20.63,0
1,MILD,3,HUMID,0,VERY_DRY,0,DARK,27.39,83.06,14.9,14.68,2,MIST_HIGH,-115.808,24.59,100.0,16.9,1
1,MILD,3,HUMID,0,VERY_DRY,0,DARK,27.05,84.0,18.07,9.46,2,MIST_HIGH,-110.245,24.25,100.0,20.07,2
1,MILD,3,HUMID,0,VERY_DRY,0,DARK,24.68,85.15,11.53,17.83,2,MIST_HIGH,-139.565,21.88,100.0,13.53,3
1,MILD,3,HUMID,0,VERY_DRY,0,DARK,27.04,79.05,14.2,19.15,3,PUMP,19.289,26.24,82.05,32.2,0
1,MILD,3,HUMID,0,VERY_DRY,0,DARK,24.76,83.1,10.62,10.17,3,PUMP,-9.989,23.96,86.1,28.62,1
1,MILD,3,HUMID,0,VERY_DRY,0,DARK,26.12,85.87,11.94,16.37,3,PUMP,0.725,25.32,88.87,29.94,2
1,MILD,3,HUMID,0,VERY_DRY,0,DARK,24.65,84.7,18.48,12.8,3,PUMP,3.605,23.85,87.7,36.48,3
1,MILD,3,HUMID,0,VERY_DRY,0,DARK,26.59,85.25,15.87,20.33,4,PUMP_MIST_LOW,-35.494,24.59,96.25,30.87,0
1,MILD,3,HUMID,0,VERY_DRY,0,DARK,26.05,85.52,14.03,19.05,4,PUMP_MIST_LOW,-41.526,24.05,96.52,29.03,1
1,MILD,3,HUMID,0,VERY_DRY,0,DARK,26.47,78.52,18.25,15.02,4,PUMP_MIST_LOW,-20.085,24.47,89.52,33.25,2
1,MILD,3,HUMID,0,VERY_DRY,0,DARK,26.64,78.67,14.43,12.31,4,PUMP_MIST_LOW,-27.812,24.64,89.67,29.43,3
1,MILD,3,HUMID,0,VERY_DRY,0,DARK,25.16,82.04,11.73,17.96,5,PUMP_MIST_HIGH,-68.137,22.16,99.04,29.73,0
1,MILD,3,HUMID,0,VERY_DRY,0,DARK,26.95,78.03,12.74,13.21,5,PUMP_MIST_HIGH,-53.865,23.95,95.03,30.74,1
1,MILD,3,HUMID,0,VERY_DRY,0,DARK,25.56,82.55,16.96,15.79,5,PUMP_MIST_HIGH,-56.671,22.56,99.55,34.96,2
1,MILD,3,HUMID,0,VERY_DRY,0,DARK,25.9,78.93,10.91,17.75,5,PUMP_MIST_HIGH,-62.518,22.9,95.93,28.91,3
1,MILD,3,HUMID,0,VERY_DRY,1,LOW,25.12,82.73,19.66,43.2,0,OFF,-46.702,25.12,82.73,19.66,0
1,MILD,3,HUMID,0,VERY_DRY,1,LOW,26.81,79.74,13.75,34.98,0,OFF,-48.932,26.81,79.74,13.75,1
1,MILD,3,HUMID,0,VERY_DRY,1,LOW,26.63,79.97,18.37,41.71,0,OFF,-40.165,26.63,79.97,18.37,2
1,MILD,3,HUMID,0,VERY_DRY,1,LOW,27.12,79.53,17.56,35.59,0,OFF,-40.371,27.12,79.53,17.56,3
1,MILD,3,HUMID,0,VERY_DRY,1,LOW,24.75,83.65,11.78,35.69,1,MIST_LOW,-114.04,23.55,92.65,12.78,0
1,MILD,3,HUMID,0,VERY_DRY,1,LOW,25.48,79.81,11.88,44.6,1,MIST_LOW,-97.332,24.28,88.81,12.88,1
1,MILD,3,HUMID,0,VERY_DRY,1,LOW,25.1,80.36,16.98,37.17,1,MIST_LOW,-96.759,23.9,89.36,17.98,2
1,MILD,3,HUMID,0,VERY_DRY,1,LOW,25.97,82.63,13.49,41.7,1,MIST_LOW,-96.912,24.77,91.63,14.49,3
1,MILD,3,HUMID,0,VERY_DRY,1,LOW,25.86,83.05,18.32,34.44,2,MIST_HIGH,-108.422,23.56,99.05,20.32,0
1,MILD,3,HUMID,0,VERY_DRY,1,LOW,26.94,81.09,15.38,36.53,2,MIST_HIGH,-100.001,24.64,97.09,17.38,1
1,MILD,3,HUMID,0,VERY_DRY,1,LOW,26.57,80.78,18.11,43.56,2,MIST_HIGH,-94.96,24.27,96.78,20.11,2
1,MILD,3,HUMID,0,VERY_DRY,1,LOW,25.18,83.6,15.04,43.96,2,MIST_HIGH,-118.358,22.88,99.6,17.04,3
1,MILD,3,HUMID,0,VERY_DRY,1,LOW,26.82,78.73,17.73,37.1,3,PUMP,29.757,26.52,80.73,35.73,0
1,MILD,3,HUMID,0,VERY_DRY,1,LOW,25.91,78.25,11.15,41.9,3,PUMP,13.769,25.61,80.25,29.15,1
1,MILD,3,HUMID,0,VERY_DRY,1,LOW,25.12,79.12,15.87,38.47,3,PUMP,19.764,24.82,81.12,33.87,2
1,MILD,3,HUMID,0,VERY_DRY,1,LOW,25.66,82.71,10.34,42.42,3,PUMP,4.126,25.36,84.71,28.34,3
1,MILD,3,HUMID,0,VERY_DRY,1,LOW,26.36,84.95,10.08,39.06,4,PUMP_MIST_LOW,-44.701,24.86,94.95,25.08,0
1,MILD,3,HUMID,0,VERY_DRY,1,LOW,25.54,83.18,11.0,44.96,4,PUMP_MIST_LOW,-42.569,24.04,93.18,26.0,1
1,MILD,3,HUMID,0,VERY_DRY,1,LOW,25.46,81.73,11.86,34.26,4,PUMP_MIST_LOW,-46.702,23.96,91.73,26.86,2
1,MILD,3,HUMID,0,VERY_DRY,1,LOW,26.87,81.65,15.76,39.22,4,PUMP_MIST_LOW,-25.877,25.37,91.65,30.76,3
1,MILD,3,HUMID,0,VERY_DRY,1,LOW,25.72,84.67,12.53,38.48,5,PUMP_MIST_HIGH,-54.598,23.22,100.0,30.53,0
1,MILD,3,HUMID,0,VERY_DRY,1,LOW,25.55,83.43,13.0,45.65,5,PUMP_MIST_HIGH,-53.234,23.05,99.43,31.0,1
1,MILD,3,HUMID,0,VERY_DRY,1,LOW,27.06,84.11,19.01,40.08,5,PUMP_MIST_HIGH,-28.7,24.56,100.0,37.01,2
1,MILD,3,HUMID,0,VERY_DRY,1,LOW,25.78,84.19,19.54,38.81,5,PUMP_MIST_HIGH,-39.674,23.28,100.0,37.54,3
1,MILD,3,HUMID,0,VERY_DRY,2,MEDIUM,24.68,82.1,19.22,66.64,0,OFF,-47.411,25.18,80.1,17.22,0
1,MILD,3,HUMID,0,VERY_DRY,2,MEDIUM,27.3,85.54,11.98,67.67,0,OFF,-64.869,27.8,83.54,9.98,1
1,MILD,3,HUMID,0,VERY_DRY,2,MEDIUM,26.71,79.04,13.33,67.52,0,OFF,-49.723,27.21,77.04,11.33,2
1,MILD,3,HUMID,0,VERY_DRY,2,MEDIUM,27.32,80.47,17.66,65.62,0,OFF,-44.891,27.82,78.47,15.66,3
1,MILD,3,HUMID,0,VERY_DRY,2,MEDIUM,25.88,79.32,10.01,57.77,1,MIST_LOW,-98.609,25.18,86.32,9.01,0
1,MILD,3,HUMID,0,VERY_DRY,2,MEDIUM,27.07,80.41,10.8,58.83,1,MIST_LOW,-94.877,26.37,87.41,9.8,1
1,MILD,3,HUMID,0,VERY_DRY,2,MEDIUM,25.17,78.72,12.45,64.22,1,MIST_LOW,-94.813,24.47,85.72,11.45,2
1,MILD,3,HUMID,0,VERY_DRY,2,MEDIUM,26.97,80.99,14.77,60.14,1,MIST_LOW,-87.809,26.27,87.99,13.77,3
1,MILD,3,HUMID,0,VERY_DRY,2,MEDIUM,25.92,83.49,16.99,66.95,2,MIST_HIGH,-103.138,24.12,97.49,16.99,0
1,MILD,3,HUMID,0,VERY_DRY,2,MEDIUM,26.47,84.65,17.06,65.16,2,MIST_HIGH,-103.061,24.67,98.65,17.06,1
1,MILD,3,HUMID,0,VERY_DRY,2,MEDIUM,24.87,79.03,17.63,57.6,2,MIST_HIGH,-106.002,23.07,93.03,17.63,2
1,MILD,3,HUMID,0,VERY_DRY,2,MEDIUM,26.77,85.18,18.2,64.76,2,MIST_HIGH,-100.591,24.97,99.18,18.2,3
1,MILD,3,HUMID,0,VERY_DRY,2,MEDIUM,25.79,81.15,10.72,61.86,3,PUMP,8.428,25.99,81.15,26.72,0
1,MILD,3,HUMID,0,VERY_DRY,2,MEDIUM,26.67,82.69,12.22,63.3,3,PUMP,11.944,26.87,82.69,28.22,1
1,MILD,3,HUMID,0,VERY_DRY,2,MEDIUM,26.75,80.95,13.4,65.88,3,PUMP,17.452,26.95,80.95,29.4,2
1,MILD,3,HUMID,0,VERY_DRY,2,MEDIUM,26.31,84.01,19.15,63.75,3,PUMP,23.215,26.51,84.01,35.15,3
1,MILD,3,HUMID,0,VERY_DRY,2,MEDIUM,24.99,79.5,12.11,61.22,4,PUMP_MIST_LOW,-43.513,23.99,87.5,25.11,0
1,MILD,3,HUMID,0,VERY_DRY,2,MEDIUM,25.55,83.23,14.26,59.42,4,PUMP_MIST_LOW,-35.169,24.55,91.23,27.26,1
1,MILD,3,HUMID,0,VERY_DRY,2,MEDIUM,25.68,84.57,10.35,67.5,4,PUMP_MIST_LOW,-45.095,24.68,92.57,23.35,2
1,MILD,3,HUMID,0,VERY_DRY,2,MEDIUM,25.78,79.31,16.82,66.01,4,PUMP_MIST_LOW,-22.765,24.78,87.31,29.82,3
1,MILD,3,HUMID,0,VERY_DRY,2,MEDIUM,25.9,78.66,16.86,57.22,5,PUMP_MIST_HIGH,-35.765,23.9,92.66,32.86,0
1,MILD,3,HUMID,0,VERY_DRY,2,MEDIUM,27.01,84.43,10.12,59.83,5,PUMP_MIST_HIGH,-47.581,25.01,98.43,26.12,1
1,MILD,3,HUMID,0,VERY_DRY,2,MEDIUM,26.21,81.07,14.55,61.83,5,PUMP_MIST_HIGH,-35.497,24.21,95.07,30.55,2
1,MILD,3,HUMID,0,VERY_DRY,2,MEDIUM,27.29,81.21,17.71,59.64,5,PUMP_MIST_HIGH,-25.622,25.29,95.21,33.71,3
1,MILD,3,HUMID,0,VERY_DRY,3,BRIGHT,25.32,83.07,16.04,91.63,0,OFF,-50.903,26.32,79.07,13.04,0
1,MILD,3,HUMID,0,VERY_DRY,3,BRIGHT,25.86,80.98,14.74,86.02,0,OFF,-48.573,26.86,76.98,11.74,1
1,MILD,3,HUMID,0,VERY_DRY,3,BRIGHT,26.1,80.92,17.85,93.77,0,OFF,-41.789,27.1,76.92,14.85,2
1,MILD,3,HUMID,0,VERY_DRY,3,BRIGHT,26.09,81.07,16.75,83.8,0,OFF,-44.323,27.09,77.07,13.75,3
1,MILD,3,HUMID,0,VERY_DRY,3,BRIGHT,25.54,85.47,15.9,84.37,1,MIST_LOW,-94.464,25.34,90.47,13.9,0
1,MILD,3,HUMID,0,VERY_DRY,3,BRIGHT,26.88,83.82,14.55,82.58,1,MIST_LOW,-90.396,26.68,88.82,12.55,1
1,MILD,3,HUMID,0,VERY_DRY,3,BRIGHT,25.39,78.97,14.9,86.41,1,MIST_LOW,-86.67,25.19,83.97,12.9,2
1,MILD,3,HUMID,0,VERY_DRY,3,BRIGHT,27.09,83.49,12.52,86.05,1,MIST_LOW,-93.44,26.89,88.49,10.52,3
1,MILD,3,HUMID,0,VERY_DRY,3,BRIGHT,25.43,84.55,15.43,84.14,2,MIST_HIGH,-106.974,24.13,96.55,14.43,0
1,MILD,3,HUMID,0,VERY_DRY,3,BRIGHT,25.6,78.14,13.25,89.63,2,MIST_HIGH,-100.749,24.3,90.14,12.25,1
1,MILD,3,HUMID,0,VERY_DRY,3,BRIGHT,26.27,80.86,10.37,90.86,2,MIST_HIGH,-109.006,24.97,92.86,9.37,2
1,MILD,3,HUMID,0,VERY_DRY,3,BRIGHT,25.3,78.67,10.95,90.72,2,MIST_HIGH,-115.402,24.0,90.67,9.95,3
1,MILD,3,HUMID,0,VERY_DRY,3,BRIGHT,26.37,81.45,12.75,93.66,3,PUMP,16.32,27.07,79.45,27.75,0
1,MILD,3,HUMID,0,VERY_DRY,3,BRIGHT,26.53,79.95,18.26,92.02,3,PUMP,29.779,27.23,77.95,33.26,1
1,MILD,3,HUMID,0,VERY_DRY,3,BRIGHT,26.65,82.19,14.58,82.92,3,PUMP,18.1,27.35,80.19,29.58,2
1,MILD,3,HUMID,0,VERY_DRY,3,BRIGHT,25.64,79.17,19.77,89.65,3,PUMP,32.836,26.34,77.17,34.77,3
1,MILD,3,HUMID,0,VERY_DRY,3,BRIGHT,27.07,81.06,19.8,82.95,4,PUMP_MIST_LOW,-12.48,26.57,87.06,31.8,0
1,MILD,3,HUMID,0,VERY_DRY,3,BRIGHT,27.2,83.99,14.23,82.27,4,PUMP_MIST_LOW,-28.488,26.7,89.99,26.23,1
1,MILD,3,HUMID,0,VERY_DRY,3,BRIGHT,27.26,80.05,16.53,92.6,4,PUMP_MIST_LOW,-17.142,26.76,86.05,28.53,2
1,MILD,3,HUMID,0,VERY_DRY,3,BRIGHT,26.94,81.47,11.16,84.3,4,PUMP_MIST_LOW,-31.685,26.44,87.47,23.16,3
1,MILD,3,HUMID,0,VERY_DRY,3,BRIGHT,25.33,80.43,15.14,92.25,5,PUMP_MIST_HIGH,-41.328,23.83,92.43,30.14,0
1,MILD,3,HUMID,0,VERY_DRY,3,BRIGHT,25.28,84.39,13.74,87.68,5,PUMP_MIST_HIGH,-50.764,23.78,96.39,28.74,1
1,MILD,3,HUMID,0,VERY_DRY,3,BRIGHT,26.73,81.5,17.47,91.34,5,PUMP_MIST_HIGH,-25.673,25.23,93.5,32.47,2
1,MILD,3,HUMID,0,VERY_DRY,3,BRIGHT,25.38,83.37,16.05,92.92,5,PUMP_MIST_HIGH,-43.997,23.88,95.37,31.05,3
1,MILD,3,HUMID,1,DRY,0,DARK,26.5,80.18,34.07,9.22,0,OFF,23.857,26.0,81.18,34.07,0
1,MILD,3,HUMID,1,DRY,0,DARK,25.76,79.04,32.67,16.19,0,OFF,20.379,25.26,80.04,32.67,1
1,MILD,3,HUMID,1,DRY,0,DARK,27.33,80.55,32.21,9.22,0,OFF,22.039,26.83,81.55,32.21,2
1,MILD,3,HUMID,1,DRY,0,DARK,25.51,78.51,32.88,17.54,0,OFF,20.857,25.01,79.51,32.88,3
1,MILD,3,HUMID,1,DRY,0,DARK,26.92,82.7,36.35,12.95,1,MIST_LOW,-14.205,25.22,92.7,37.35,0
1,MILD,3,HUMID,1,DRY,0,DARK,25.69,85.44,30.13,13.09,1,MIST_LOW,-43.573,23.99,95.44,31.13,1
1,MILD,3,HUMID,1,DRY,0,DARK,25.57,81.56,34.62,17.91,1,MIST_LOW,-28.304,23.87,91.56,35.62,2
1,MILD,3,HUMID,1,DRY,0,DARK,25.19,83.58,36.73,12.07,1,MIST_LOW,-28.331,23.49,93.58,37.73,3
1,MILD,3,HUMID,1,DRY,0,DARK,24.69,84.82,39.68,16.58,2,MIST_HIGH,-45.429,21.89,100.0,41.68,0
1,MILD,3,HUMID,1,DRY,0,DARK,26.17,80.76,32.08,20.82,2,MIST_HIGH,-53.072,23.37,97.76,34.08,1
1,MILD,3,HUMID,1,DRY,0,DARK,25.63,80.33,33.15,17.09,2,MIST_HIGH,-51.845,22.83,97.33,35.15,2
1,MILD,3,HUMID,1,DRY,0,DARK,24.68,83.0,31.67,13.22,2,MIST_HIGH,-62.272,21.88,100.0,33.67,3
1,MILD,3,HUMID,1,DRY,0,DARK,25.81,85.97,30.23,20.68,3,PUMP,47.972,25.01,88.97,48.23,0
1,MILD,3,HUMID,1,DRY,0,DARK,26.16,81.93,32.35,20.05,3,PUMP,59.993,25.36,84.93,50.35,1
1,MILD,3,HUMID,1,DRY,0,DARK,24.97,82.86,38.5,10.16,3,PUMP,67.612,24.17,85.86,56.5,2
1,MILD,3,HUMID,1,DRY,0,DARK,25.21,85.94,35.71,11.14,3,PUMP,57.602,24.41,88.94,53.71,3
1,MILD,3,HUMID,1,DRY,0,DARK,25.05,84.22,37.34,13.81,4,PUMP_MIST_LOW,8.317,23.05,95.22,52.34,0
1,MILD,3,HUMID,1,DRY,0,DARK,25.74,84.01,34.18,16.19,4,PUMP_MIST_LOW,4.246,23.74,95.01,49.18,1
1,MILD,3,HUMID,1,DRY,0,DARK,25.49,80.91,31.06,19.62,4,PUMP_MIST_LOW,1.852,23.49,91.91,46.06,2
1,MILD,3,HUMID,1,DRY,0,DARK,27.29,84.09,33.18,15.43,4,PUMP_MIST_LOW,14.947,25.29,95.09,48.18,3
1,MILD,3,HUMID,1,DRY,0,DARK,25.7,84.87,34.95,14.57,5,PUMP_MIST_HIGH,-9.175,22.7,100.0,52.95,0
1,MILD,3,HUMID,1,DRY,0,DARK,26.91,81.6,39.24,11.13,5,PUMP_MIST_HIGH,5.971,23.91,98.6,57.24,1
1,MILD,3,HUMID,1,DRY,0,DARK,25.41,82.26,33.34,14.57,5,PUMP_MIST_HIGH,-12.299,22.41,99.26,51.34,2
1,MILD,3,HUMID,1,DRY,0,DARK,25.08,85.26,33.83,16.84,5,PUMP_MIST_HIGH,-13.486,22.08,100.0,51.83,3
1,MILD,3,HUMID,1,DRY,1,LOW,27.33,81.28,36.36,41.43,0,OFF,30.664,27.33,81.28,36.36,0
1,MILD,3,HUMID,1,DRY,1,LOW,24.99,82.96,39.99,41.19,0,OFF,30.204,24.99,82.96,39.99,1
1,MILD,3,HUMID,1,DRY,1,LOW,26.65,85.56,33.25,37.0,0,OFF,17.203,26.65,85.56,33.25,2
1,MILD,3,HUMID,1,DRY,1,LOW,26.19,81.78,30.91,38.44,0,OFF,16.891,26.19,81.78,30.91,3
1,MILD,3,HUMID,1,DRY,1,LOW,26.68,85.07,36.54,40.62,1,MIST_LOW,-15.136,25.48,94.07,37.54,0
1,MILD,3,HUMID,1,DRY,1,LOW,27.02,84.8,31.61,38.43,1,MIST_LOW,-23.979,25.82,93.8,32.61,1
1,MILD,3,HUMID,1,DRY,1,LOW,27.05,79.4,39.37,45.06,1,MIST_LOW,1.054,25.85,88.4,40.37,2
1,MILD,3,HUMID,1,DRY,1,LOW,25.5,80.34,38.94,36.48,1,MIST_LOW,-6.295,24.3,89.34,39.94,3
1,MILD,3,HUMID,1,DRY,1,LOW,25.89,79.96,36.03,45.88,2,MIST_HIGH,-31.176,23.59,95.96,38.03,0
1,MILD,3,HUMID,1,DRY,1,LOW,26.83,85.78,35.0,35.33,2,MIST_HIGH,-28.797,24.53,100.0,37.0,1
1,MILD,3,HUMID,1,DRY,1,LOW,26.29,80.65,39.2,35.91,2,MIST_HIGH,-24.345,23.99,96.65,41.2,2
1,MILD,3,HUMID,1,DRY,1,LOW,25.89,85.7,30.07,34.39,2,MIST_HIGH,-50.154,23.59,100.0,32.07,3
1,MILD,3,HUMID,1,DRY,1,LOW,26.5,84.94,39.96,44.35,3,PUMP,75.433,26.2,86.94,57.96,0
1,MILD,3,HUMID,1,DRY,1,LOW,24.8,81.34,32.6,42.59,3,PUMP,60.312,24.5,83.34,50.6,1
1,MILD,3,HUMID,1,DRY,1,LOW,24.94,84.21,36.47,40.41,3,PUMP,64.292,24.64,86.21,54.47,2
1,MILD,3,HUMID,1,DRY,1,LOW,24.67,81.85,37.26,37.52,3,PUMP,68.865,24.37,83.85,55.26,3
1,MILD,3,HUMID,1,DRY,1,LOW,25.72,84.58,37.69,38.36,4,PUMP_MIST_LOW,21.808,24.22,94.58,52.69,0
1,MILD,3,HUMID,1,DRY,1,LOW,26.61,82.09,36.5,39.14,4,PUMP_MIST_LOW,26.135,25.11,92.09,51.5,1
1,MILD,3,HUMID,1,DRY,1,LOW,24.95,79.17,32.62,43.9,4,PUMP_MIST_LOW,9.375,23.45,89.17,47.62,2
1,MILD,3,HUMID,1,DRY,1,LOW,26.71,78.89,31.69,38.95,4,PUMP_MIST_LOW,21.489,25.21,88.89,46.69,3
1,MILD,3,HUMID,1,DRY,1,LOW,25.55,85.3,37.96,36.52,5,PUMP_MIST_HIGH,8.272,23.05,100.0,55.96,0
1,MILD,3,HUMID,1,DRY,1,LOW,24.87,83.14,30.74,44.79,5,PUMP_MIST_HIGH,-7.672,22.37,99.14,48.74,1
1,MILD,3,HUMID,1,DRY,1,LOW,25.98,79.96,32.6,37.54,5,PUMP_MIST_HIGH,4.852,23.48,95.96,50.6,2
1,MILD,3,HUMID,1,DRY,1,LOW,25.85,84.3,37.0,40.82,5,PUMP_MIST_HIGH,7.195,23.35,100.0,55.0,3
1,MILD,3,HUMID,1,DRY,2,MEDIUM,26.26,84.09,31.48,59.46,0,OFF,15.21,26.76,82.09,29.48,0
1,MILD,3,HUMID,1,DRY,2,MEDIUM,25.22,80.97,33.63,59.49,0,OFF,21.371,25.72,78.97,31.63,1
1,MILD,3,HUMID,1,DRY,2,MEDIUM,27.25,79.27,36.34,61.7,0,OFF,31.5,27.75,77.27,34.34,2
1,MILD,3,HUMID,1,DRY,2,MEDIUM,25.83,80.36,37.44,64.34,0,OFF,32.305,26.33,78.36,35.44,3
1,MILD,3,HUMID,1,DRY,2,MEDIUM,25.01,80.34,33.84,63.64,1,MIST_LOW,-17.98,24.31,87.34,32.84,0
1,MILD,3,HUMID,1,DRY,2,MEDIUM,24.68,79.69,33.03,63.01,1,MIST_LOW,-27.716,23.98,86.69,32.03,1
1,MILD,3,HUMID,1,DRY,2,MEDIUM,25.33,83.77,37.45,67.95,1,MIST_LOW,-14.872,24.63,90.77,36.45,2
1,MILD,3,HUMID,1,DRY,2,MEDIUM,25.74,82.95,31.7,60.13,1,MIST_LOW,-24.321,25.04,89.95,30.7,3
1,MILD,3,HUMID,1,DRY,2,MEDIUM,25.04,84.82,33.14,60.49,2,MIST_HIGH,-47.157,23.24,98.82,33.14,0
1,MILD,3,HUMID,1,DRY,2,MEDIUM,27.02,81.88,31.69,62.3,2,MIST_HIGH,-31.146,25.22,95.88,31.69,1
1,MILD,3,HUMID,1,DRY,2,MEDIUM,25.09,85.18,30.14,67.36,2,MIST_HIGH,-53.853,23.29,99.18,30.14,2
1,MILD,3,HUMID,1,DRY,2,MEDIUM,25.56,80.47,32.24,59.34,2,MIST_HIGH,-40.421,23.76,94.47,32.24,3
1,MILD,3,HUMID,1,DRY,2,MEDIUM,26.78,84.31,36.5,60.28,3,PUMP,70.678,26.98,84.31,52.5,0
1,MILD,3,HUMID,1,DRY,2,MEDIUM,25.89,85.3,39.06,66.08,3,PUMP,71.625,26.09,85.3,55.06,1
1,MILD,3,HUMID,1,DRY,2,MEDIUM,26.97,84.26,35.24,58.74,3,PUMP,67.645,27.17,84.26,51.24,2
1,MILD,3,HUMID,1,DRY,2,MEDIUM,25.17,83.31,33.98,57.19,3,PUMP,61.841,25.37,83.31,49.98,3
1,MILD,3,HUMID,1,DRY,2,MEDIUM,25.52,78.54,35.53,62.42,4,PUMP_MIST_LOW,26.931,24.52,86.54,48.53,0
1,MILD,3,HUMID,1,DRY,2,MEDIUM,26.68,84.98,39.7,56.67,4,PUMP_MIST_LOW,29.071,25.68,92.98,52.7,1
1,MILD,3,HUMID,1,DRY,2,MEDIUM,26.19,79.98,32.56,64.87,4,PUMP_MIST_LOW,20.501,25.19,87.98,45.56,2
1,MILD,3,HUMID,1,DRY,2,MEDIUM,26.53,83.21,32.45,64.28,4,PUMP_MIST_LOW,16.216,25.53,91.21,45.45,3
1,MILD,3,HUMID,1,DRY,2,MEDIUM,25.88,78.32,36.09,62.62,5,PUMP_MIST_HIGH,15.083,23.88,92.32,52.09,0
1,MILD,3,HUMID,1,DRY,2,MEDIUM,24.86,79.52,38.31,56.76,5,PUMP_MIST_HIGH,14.551,22.86,93.52,54.31,1
1,MILD,3,HUMID,1,DRY,2,MEDIUM,27.13,82.18,30.61,58.73,5,PUMP_MIST_HIGH,9.402,25.13,96.18,46.61,2
1,MILD,3,HUMID,1,DRY,2,MEDIUM,26.24,82.65,34.64,62.44,5,PUMP_MIST_HIGH,14.277,24.24,96.65,50.64,3
1,MILD,3,HUMID,1,DRY,3,BRIGHT,26.79,80.55,36.34,84.36,0,OFF,30.409,27.79,76.55,33.34,0
1,MILD,3,HUMID,1,DRY,3,BRIGHT,24.93,78.67,31.97,88.51,0,OFF,23.341,25.93,74.67,28.97,1
1,MILD,3,HUMID,1,DRY,3,BRIGHT,25.2,81.9,35.69,88.98,0,OFF,26.866,26.2,77.9,32.69,2
1,MILD,3,HUMID,1,DRY,3,BRIGHT,27.01,78.89,38.87,91.33,0,OFF,37.654,28.01,74.89,35.87,3
1,MILD,3,HUMID,1,DRY,3,BRIGHT,25.15,84.45,36.14,87.48,1,MIST_LOW,-16.586,24.95,89.45,34.14,0
1,MILD,3,HUMID,1,DRY,3,BRIGHT,24.6,84.04,36.01,87.91,1,MIST_LOW,-17.945,24.4,89.04,34.01,1
1,MILD,3,HUMID,1,DRY,3,BRIGHT,25.09,82.06,35.14,93.42,1,MIST_LOW,-15.033,24.89,87.06,33.14,2
1,MILD,3,HUMID,1,DRY,3,BRIGHT,25.44,84.94,32.49,85.3,1,MIST_LOW,-24.107,25.24,89.94,30.49,3
1,MILD,3,HUMID,1,DRY,3,BRIGHT,26.17,80.47,34.4,93.73,2,MIST_HIGH,-23.223,24.87,92.47,33.4,0
1,MILD,3,HUMID,1,DRY,3,BRIGHT,27.25,81.9,33.19,93.69,2,MIST_HIGH,-24.604,25.95,93.9,32.19,1
1,MILD,3,HUMID,1,DRY,3,BRIGHT,25.92,79.31,30.66,87.18,2,MIST_HIGH,-30.036,24.62,91.31,29.66,2
1,MILD,3,HUMID,1,DRY,3,BRIGHT,25.45,85.4,34.43,89.65,2,MIST_HIGH,-33.347,24.15,97.4,33.43,3
1,MILD,3,HUMID,1,DRY,3,BRIGHT,26.11,79.46,37.79,91.15,3,PUMP,81.702,26.81,77.46,52.79,0
1,MILD,3,HUMID,1,DRY,3,BRIGHT,25.2,82.01,33.2,88.36,3,PUMP,65.068,25.9,80.01,48.2,1
1,MILD,3,HUMID,1,DRY,3,BRIGHT,24.89,80.4,36.1,88.85,3,PUMP,72.741,25.59,78.4,51.1,2
1,MILD,3,HUMID,1,DRY,3,BRIGHT,25.03,79.25,37.66,91.43,3,PUMP,78.338,25.73,77.25,52.66,3
1,MILD,3,HUMID,1,DRY,3,BRIGHT,26.99,82.88,31.57,93.48,4,PUMP_MIST_LOW,9.047,26.49,88.88,43.57,0
1,MILD,3,HUMID,1,DRY,3,BRIGHT,27.35,83.23,37.89,91.36,4,PUMP_MIST_LOW,32.91,26.85,89.23,49.89,1
1,MILD,3,HUMID,1,DRY,3,BRIGHT,25.35,85.46,34.72,92.27,4,PUMP_MIST_LOW,16.305,24.85,91.46,46.72,2
1,MILD,3,HUMID,1,DRY,3,BRIGHT,25.45,79.16,33.34,86.25,4,PUMP_MIST_LOW,23.793,24.95,85.16,45.34,3
1,MILD,3,HUMID,1,DRY,3,BRIGHT,26.69,81.6,34.25,86.72,5,PUMP_MIST_HIGH,19.272,25.19,93.6,49.25,0
1,MILD,3,HUMID,1,DRY,3,BRIGHT,25.77,84.1,34.04,93.62,5,PUMP_MIST_HIGH,11.887,24.27,96.1,49.04,1
1,MILD,3,HUMID,1,DRY,3,BRIGHT,25.59,84.44,39.75,91.2,5,PUMP_MIST_HIGH,22.754,24.09,96.44,54.75,2
1,MILD,3,HUMID,1,DRY,3,BRIGHT,24.65,83.63,32.09,90.6,5,PUMP_MIST_HIGH,-3.04,23.15,95.63,47.09,3
1,MILD,3,HUMID,2,OPTIMAL,0,DARK,25.43,80.99,56.22,18.49,0,OFF,75.64,24.93,81.99,56.22,0
1,MILD,3,HUMID,2,OPTIMAL,0,DARK,25.51,82.48,54.99,11.58,0,OFF,70.959,25.01,83.48,54.99,1
1,MILD,3,HUMID,2,OPTIMAL,0,DARK,26.01,84.85,54.07,11.92,0,OFF,66.808,25.51,85.85,54.07,2
1,MILD,3,HUMID,2,OPTIMAL,0,DARK,25.51,81.84,60.21,14.64,0,OFF,73.65,25.01,82.84,60.21,3
1,MILD,3,HUMID,2,OPTIMAL,0,DARK,27.32,78.37,59.59,17.25,1,MIST_LOW,41.945,25.62,88.37,60.59,0
1,MILD,3,HUMID,2,OPTIMAL,0,DARK,27.14,81.9,55.8,16.28,1,MIST_LOW,38.672,25.44,91.9,56.8,1
1,MILD,3,HUMID,2,OPTIMAL,0,DARK,25.65,78.81,59.4,12.31,1,MIST_LOW,28.31,23.95,88.81,60.4,2
1,MILD,3,HUMID,2,OPTIMAL,0,DARK,25.63,85.39,54.11,10.61,1,MIST_LOW,16.7,23.93,95.39,55.11,3
1,MILD,3,HUMID,2,OPTIMAL,0,DARK,26.7,80.6,60.75,13.97,2,MIST_HIGH,-0.856,23.9,97.6,62.75,0
1,MILD,3,HUMID,2,OPTIMAL,0,DARK,25.02,79.2,55.99,11.4,2,MIST_HIGH,5.97,22.22,96.2,57.99,1
1,MILD,3,HUMID,2,OPTIMAL,0,DARK,24.85,79.96,58.73,18.15,2,MIST_HIGH,-1.518,22.05,96.96,60.73,2
1,MILD,3,HUMID,2,OPTIMAL,0,DARK,25.33,82.25,55.91,9.26,2,MIST_HIGH,1.919,22.53,99.25,57.91,3
1,MILD,3,HUMID,2,OPTIMAL,0,DARK,26.76,78.54,60.86,17.54,3,PUMP,29.604,25.96,81.54,78.86,0
1,MILD,3,HUMID,2,OPTIMAL,0,DARK,25.48,84.83,62.05,14.35,3,PUMP,12.942,24.68,87.83,80.05,1
1,MILD,3,HUMID,2,OPTIMAL,0,DARK,27.08,79.47,57.68,14.53,3,PUMP,35.794,26.28,82.47,75.68,2
1,MILD,3,HUMID,2,OPTIMAL,0,DARK,25.53,83.42,60.04,12.06,3,PUMP,19.584,24.73,86.42,78.04,3
1,MILD,3,HUMID,2,OPTIMAL,0,DARK,26.69,78.19,54.19,13.93,4,PUMP_MIST_LOW,19.62,24.69,89.19,69.19,0
1,MILD,3,HUMID,2,OPTIMAL,0,DARK,25.71,81.89,53.48,15.34,4,PUMP_MIST_LOW,4.037,23.71,92.89,68.48,1
1,MILD,3,HUMID,2,OPTIMAL,0,DARK,27.16,82.1,53.16,14.25,4,PUMP_MIST_LOW,17.003,25.16,93.1,68.16,2
1,MILD,3,HUMID,2,OPTIMAL,0,DARK,24.69,82.03,60.98,18.48,4,PUMP_MIST_LOW,-25.21,22.69,93.03,75.98,3
1,MILD,3,HUMID,2,OPTIMAL,0,DARK,25.98,82.6,59.34,17.81,5,PUMP_MIST_HIGH,-47.651,22.98,99.6,77.34,0
1,MILD,3,HUMID,2,OPTIMAL,0,DARK,26.18,85.79,60.81,15.38,5,PUMP_MIST_HIGH,-50.707,23.18,100.0,78.81,1
1,MILD,3,HUMID,2,OPTIMAL,0,DARK,26.84,84.77,53.88,20.07,5,PUMP_MIST_HIGH,-34.067,23.84,100.0,71.88,2
1,MILD,3,HUMID,2,OPTIMAL,0,DARK,26.31,85.94,60.52,18.21,5,PUMP_MIST_HIGH,-49.704,23.31,100.0,78.52,3
1,MILD,3,HUMID,2,OPTIMAL,1,LOW,25.81,80.21,57.51,44.57,0,OFF,84.014,25.81,80.21,57.51,0
1,MILD,3,HUMID,2,OPTIMAL,1,LOW,26.67,83.2,53.73,41.77,0,OFF,74.049,26.67,83.2,53.73,1
1,MILD,3,HUMID,2,OPTIMAL,1,LOW,25.55,82.22,59.93,43.84,0,OFF,76.966,25.55,82.22,59.93,2
1,MILD,3,HUMID,2,OPTIMAL,1,LOW,25.81,78.17,58.75,34.08,0,OFF,86.75,25.81,78.17,58.75,3
1,MILD,3,HUMID,2,OPTIMAL,1,LOW,26.92,78.15,55.25,39.13,1,MIST_LOW,45.989,25.72,87.15,56.25,0
1,MILD,3,HUMID,2,OPTIMAL,1,LOW,25.32,79.78,59.75,37.92,1,MIST_LOW,36.181,24.12,88.78,60.75,1
1,MILD,3,HUMID,2,OPTIMAL,1,LOW,25.88,83.32,60.7,40.89,1,MIST_LOW,30.296,24.68,92.32,61.7,2
1,MILD,3,HUMID,2,OPTIMAL,1,LOW,25.59,85.04,61.67,35.83,1,MIST_LOW,24.578,24.39,94.04,62.67,3
1,MILD,3,HUMID,2,OPTIMAL,1,LOW,26.76,79.65,54.82,34.31,2,MIST_HIGH,29.561,24.46,95.65,56.82,0
1,MILD,3,HUMID,2,OPTIMAL,1,LOW,26.29,84.76,60.79,40.48,2,MIST_HIGH,5.484,23.99,100.0,62.79,1
1,MILD,3,HUMID,2,OPTIMAL,1,LOW,27.27,80.62,56.15,36.76,2,MIST_HIGH,31.8,24.97,96.62,58.15,2
1,MILD,3,HUMID,2,OPTIMAL,1,LOW,25.18,80.42,57.24,37.25,2,MIST_HIGH,15.143,22.88,96.42,59.24,3
1,MILD,3,HUMID,2,OPTIMAL,1,LOW,27.22,79.74,56.55,35.65,3,PUMP,41.406,26.92,81.74,74.55,0
1,MILD,3,HUMID,2,OPTIMAL,1,LOW,27.12,81.52,61.34,38.5,3,PUMP,28.169,26.82,83.52,79.34,1
1,MILD,3,HUMID,2,OPTIMAL,1,LOW,25.84,83.95,60.4,38.56,3,PUMP,22.177,25.54,85.95,78.4,2
1,MILD,3,HUMID,2,OPTIMAL,1,LOW,25.85,81.19,55.06,38.57,3,PUMP,37.836,25.55,83.19,73.06,3
1,MILD,3,HUMID,2,OPTIMAL,1,LOW,26.88,78.74,54.75,44.96,4,PUMP_MIST_LOW,21.352,25.38,88.74,69.75,0
1,MILD,3,HUMID,2,OPTIMAL,1,LOW,26.63,78.97,60.57,35.44,4,PUMP_MIST_LOW,-2.035,25.13,88.97,75.57,1
1,MILD,3,HUMID,2,OPTIMAL,1,LOW,25.97,82.84,60.5,37.8,4,PUMP_MIST_LOW,-10.183,24.47,92.84,75.5,2
1,MILD,3,HUMID,2,OPTIMAL,1,LOW,25.13,85.88,61.0,38.32,4,PUMP_MIST_LOW,-26.774,23.63,95.88,76.0,3
1,MILD,3,HUMID,2,OPTIMAL,1,LOW,25.31,78.9,57.57,34.09,5,PUMP_MIST_HIGH,-26.922,22.81,94.9,75.57,0
1,MILD,3,HUMID,2,OPTIMAL,1,LOW,26.85,81.2,61.57,38.26,5,PUMP_MIST_HIGH,-26.113,24.35,97.2,79.57,1
1,MILD,3,HUMID,2,OPTIMAL,1,LOW,27.25,84.69,57.34,44.17,5,PUMP_MIST_HIGH,-20.423,24.75,100.0,75.34,2
1,MILD,3,HUMID,2,OPTIMAL,1,LOW,25.44,86.0,53.84,41.72,5,PUMP_MIST_HIGH,-26.859,22.94,100.0,71.84,3
1,MILD,3,HUMID,2,OPTIMAL,2,MEDIUM,25.69,81.77,62.51,59.3,0,OFF,81.701,26.19,79.77,60.51,0
1,MILD,3,HUMID,2,OPTIMAL,2,MEDIUM,26.41,80.59,54.41,58.99,0,OFF,79.438,26.91,78.59,52.41,1
1,MILD,3,HUMID,2,OPTIMAL,2,MEDIUM,26.18,79.02,54.56,64.34,0,OFF,81.512,26.68,77.02,52.56,2
1,MILD,3,HUMID,2,OPTIMAL,2,MEDIUM,26.73,78.49,61.02,66.4,0,OFF,91.917,27.23,76.49,59.02,3
1,MILD,3,HUMID,2,OPTIMAL,2,MEDIUM,26.45,80.97,57.15,57.89,1,MIST_LOW,44.557,25.75,87.97,56.15,0
1,MILD,3,HUMID,2,OPTIMAL,2,MEDIUM,25.08,85.49,62.65,64.9,1,MIST_LOW,29.169,24.38,92.49,61.65,1
1,MILD,3,HUMID,2,OPTIMAL,2,MEDIUM,26.87,79.45,61.79,57.31,1,MIST_LOW,46.355,26.17,86.45,60.79,2
1,MILD,3,HUMID,2,OPTIMAL,2,MEDIUM,25.05,81.98,56.06,63.5,1,MIST_LOW,36.194,24.35,88.98,55.06,3
1,MILD,3,HUMID,2,OPTIMAL,2,MEDIUM,27.15,80.12,56.21,65.4,2,MIST_HIGH,33.553,25.35,94.12,56.21,0
1,MILD,3,HUMID,2,OPTIMAL,2,MEDIUM,25.53,85.11,53.34,66.46,2,MIST_HIGH,6.373,23.73,99.11,53.34,1
1,MILD,3,HUMID,2,OPTIMAL,2,MEDIUM,27.16,78.37,56.77,63.18,2,MIST_HIGH,37.568,25.36,92.37,56.77,2
1,MILD,3,HUMID,2,OPTIMAL,2,MEDIUM,26.07,79.27,53.15,66.77,2,MIST_HIGH,25.055,24.27,93.27,53.15,3
1,MILD,3,HUMID,2,OPTIMAL,2,MEDIUM,24.86,85.91,54.12,61.71,3,PUMP,38.076,25.06,85.91,70.12,0
1,MILD,3,HUMID,2,OPTIMAL,2,MEDIUM,27.35,84.85,58.37,57.61,3,PUMP,35.299,27.55,84.85,74.37,1
1,MILD,3,HUMID,2,OPTIMAL,2,MEDIUM,26.29,83.09,56.11,61.63,3,PUMP,42.974,26.49,83.09,72.11,2
1,MILD,3,HUMID,2,OPTIMAL,2,MEDIUM,27.13,79.03,59.56,60.39,3,PUMP,42.825,27.33,79.03,75.56,3
1,MILD,3,HUMID,2,OPTIMAL,2,MEDIUM,26.32,83.73,57.78,64.98,4,PUMP_MIST_LOW,4.216,25.32,91.73,70.78,0
1,MILD,3,HUMID,2,OPTIMAL,2,MEDIUM,26.99,79.57,55.19,57.56,4,PUMP_MIST_LOW,28.436,25.99,87.57,68.19,1
1,MILD,3,HUMID,2,OPTIMAL,2,MEDIUM,27.24,79.8,53.82,57.14,4,PUMP_MIST_LOW,31.75,26.24,87.8,66.82,2
1,MILD,3,HUMID,2,OPTIMAL,2,MEDIUM,25.73,85.1,54.05,58.71,4,PUMP_MIST_LOW,17.976,24.73,93.1,67.05,3
1,MILD,3,HUMID,2,OPTIMAL,2,MEDIUM,25.12,83.27,56.29,67.69,5,PUMP_MIST_HIGH,-22.867,23.12,97.27,72.29,0
1,MILD,3,HUMID,2,OPTIMAL,2,MEDIUM,26.47,82.16,58.77,66.6,5,PUMP_MIST_HIGH,-13.967,24.47,96.16,74.77,1
1,MILD,3,HUMID,2,OPTIMAL,2,MEDIUM,26.73,79.05,57.22,63.93,5,PUMP_MIST_HIGH,-4.92,24.73,93.05,73.22,2
1,MILD,3,HUMID,2,OPTIMAL,2,MEDIUM,26.22,85.48,53.34,66.87,5,PUMP_MIST_HIGH,1.329,24.22,99.48,69.34,3
1,MILD,3,HUMID,2,OPTIMAL,3,BRIGHT,25.68,78.38,54.98,84.19,0,OFF,84.511,26.68,74.38,51.98,0
1,MILD,3,HUMID,2,OPTIMAL,3,BRIGHT,25.0,78.27,60.95,83.94,0,OFF,95.054,26.0,74.27,57.95,1
1,MILD,3,HUMID,2,OPTIMAL,3,BRIGHT,25.5,82.58,57.84,86.13,0,OFF,83.248,26.5,78.58,54.84,2
1,MILD,3,HUMID,2,OPTIMAL,3,BRIGHT,26.36,84.54,58.77,87.43,0,OFF,82.51,27.36,80.54,55.77,3
1,MILD,3,HUMID,2,OPTIMAL,3,BRIGHT,25.2,82.97,58.46,83.41,1,MIST_LOW,42.816,25.0,87.97,56.46,0
1,MILD,3,HUMID,2,OPTIMAL,3,BRIGHT,25.38,84.15,62.24,86.05,1,MIST_LOW,40.044,25.18,89.15,60.24,1
1,MILD,3,HUMID,2,OPTIMAL,3,BRIGHT,27.1,80.04,61.07,87.85,1,MIST_LOW,54.563,26.9,85.04,59.07,2
1,MILD,3,HUMID,2,OPTIMAL,3,BRIGHT,26.14,83.31,59.68,86.11,1,MIST_LOW,47.837,25.94,88.31,57.68,3
1,MILD,3,HUMID,2,OPTIMAL,3,BRIGHT,26.05,78.5,56.65,89.71,2,MIST_HIGH,36.277,24.75,90.5,55.65,0
1,MILD,3,HUMID,2,OPTIMAL,3,BRIGHT,27.3,79.01,55.27,87.49,2,MIST_HIGH,36.558,26.0,91.01,54.27,1
1,MILD,3,HUMID,2,OPTIMAL,3,BRIGHT,24.91,82.4,55.96,92.48,2,MIST_HIGH,16.92,23.61,94.4,54.96,2
1,MILD,3,HUMID,2,OPTIMAL,3,BRIGHT,25.46,81.49,62.84,83.0,2,MIST_HIGH,26.458,24.16,93.49,61.84,3
1,MILD,3,HUMID,2,OPTIMAL,3,BRIGHT,27.03,82.04,56.98,93.29,3,PUMP,47.463,27.73,80.04,71.98,0
1,MILD,3,HUMID,2,OPTIMAL,3,BRIGHT,27.4,79.56,61.4,84.66,3,PUMP,40.958,28.1,77.56,76.4,1
1,MILD,3,HUMID,2,OPTIMAL,3,BRIGHT,24.65,83.87,56.54,89.21,3,PUMP,42.489,25.35,81.87,71.54,2
1,MILD,3,HUMID,2,OPTIMAL,3,BRIGHT,25.02,84.88,58.25,91.6,3,PUMP,38.487,25.72,82.88,73.25,3
1,MILD,3,HUMID,2,OPTIMAL,3,BRIGHT,25.62,79.84,62.47,88.37,4,PUMP_MIST_LOW,5.23,25.12,85.84,74.47,0
1,MILD,3,HUMID,2,OPTIMAL,3,BRIGHT,25.65,78.8,54.66,89.61,4,PUMP_MIST_LOW,33.415,25.15,84.8,66.66,1
1,MILD,3,HUMID,2,OPTIMAL,3,BRIGHT,26.33,84.75,60.51,83.82,4,PUMP_MIST_LOW,3.792,25.83,90.75,72.51,2
1,MILD,3,HUMID,2,OPTIMAL,3,BRIGHT,27.24,82.88,61.58,85.34,4,PUMP_MIST_LOW,7.434,26.74,88.88,73.58,3
1,MILD,3,HUMID,2,OPTIMAL,3,BRIGHT,27.29,85.59,55.96,92.81,5,PUMP_MIST_HIGH,-4.059,25.79,97.59,70.96,0
1,MILD,3,HUMID,2,OPTIMAL,3,BRIGHT,27.32,85.15,57.68,83.63,5,PUMP_MIST_HIGH,-6.839,25.82,97.15,72.68,1
1,MILD,3,HUMID,2,OPTIMAL,3,BRIGHT,27.23,78.0,55.51,88.67,5,PUMP_MIST_HIGH,8.843,25.73,90.0,70.51,2
1,MILD,3,HUMID,2,OPTIMAL,3,BRIGHT,25.47,85.38,59.13,93.51,5,PUMP_MIST_HIGH,-24.179,23.97,97.38,74.13,3
1,MILD,3,HUMID,3,WET,0,DARK,24.77,81.28,78.44,18.87,0,OFF,23.878,24.27,82.28,78.44,0
1,MILD,3,HUMID,3,WET,0,DARK,26.74,84.46,86.51,11.91,0,OFF,8.172,26.24,85.46,86.51,1
1,MILD,3,HUMID,3,WET,0,DARK,26.8,83.17,80.91,11.32,0,OFF,22.184,26.3,84.17,80.91,2
1,MILD,3,HUMID,3,WET,0,DARK,26.94,78.56,86.63,12.31,0,OFF,17.962,26.44,79.56,86.63,3
1,MILD,3,HUMID,3,WET,0,DARK,27.1,78.99,84.4,20.33,1,MIST_LOW,-21.835,25.4,88.99,85.4,0
1,MILD,3,HUMID,3,WET,0,DARK,25.03,81.55,83.72,18.13,1,MIST_LOW,-39.152,23.33,91.55,84.72,1
1,MILD,3,HUMID,3,WET,0,DARK,24.63,78.94,80.11,10.23,1,MIST_LOW,-28.659,22.93,88.94,81.11,2
1,MILD,3,HUMID,3,WET,0,DARK,26.36,81.77,83.6,12.59,1,MIST_LOW,-26.987,24.66,91.77,84.6,3
1,MILD,3,HUMID,3,WET,0,DARK,24.95,83.94,81.54,9.84,2,MIST_HIGH,-63.963,22.15,100.0,83.54,0
1,MILD,3,HUMID,3,WET,0,DARK,27.34,85.28,80.41,12.27,2,MIST_HIGH,-45.937,24.54,100.0,82.41,1
1,MILD,3,HUMID,3,WET,0,DARK,27.37,81.05,85.91,10.35,2,MIST_HIGH,-54.285,24.57,98.05,87.91,2
1,MILD,3,HUMID,3,WET,0,DARK,25.91,82.68,85.76,17.3,2,MIST_HIGH,-69.249,23.11,99.68,87.76,3
1,MILD,3,HUMID,3,WET,0,DARK,26.82,84.07,79.25,10.24,3,PUMP,-45.647,26.02,87.07,97.25,0
1,MILD,3,HUMID,3,WET,0,DARK,27.39,82.83,82.99,13.35,3,PUMP,-47.624,26.59,85.83,100.0,1
1,MILD,3,HUMID,3,WET,0,DARK,27.03,83.32,85.37,20.56,3,PUMP,-49.561,26.23,86.32,100.0,2
1,MILD,3,HUMID,3,WET,0,DARK,25.78,83.1,85.65,12.36,3,PUMP,-53.229,24.98,86.1,100.0,3
1,MILD,3,HUMID,3,WET,0,DARK,26.63,80.21,79.52,15.09,4,PUMP_MIST_LOW,-75.009,24.63,91.21,94.52,0
1,MILD,3,HUMID,3,WET,0,DARK,25.78,84.69,86.83,10.0,4,PUMP_MIST_LOW,-104.425,23.78,95.69,100.0,1
1,MILD,3,HUMID,3,WET,0,DARK,24.88,84.45,79.43,14.94,4,PUMP_MIST_LOW,-95.188,22.88,95.45,94.43,2
1,MILD,3,HUMID,3,WET,0,DARK,26.26,83.33,78.04,18.37,4,PUMP_MIST_LOW,-78.087,24.26,94.33,93.04,3
1,MILD,3,HUMID,3,WET,0,DARK,26.58,82.49,85.37,13.51,5,PUMP_MIST_HIGH,-121.108,23.58,99.49,100.0,0
1,MILD,3,HUMID,3,WET,0,DARK,26.05,85.4,80.83,16.22,5,PUMP_MIST_HIGH,-121.164,23.05,100.0,98.83,1
1,MILD,3,HUMID,3,WET,0,DARK,26.25,84.35,86.54,15.91,5,PUMP_MIST_HIGH,-122.991,23.25,100.0,100.0,2
1,MILD,3,HUMID,3,WET,0,DARK,24.93,84.11,80.61,17.07,5,PUMP_MIST_HIGH,-124.302,21.93,100.0,98.61,3
1,MILD,3,HUMID,3,WET,1,LOW,27.13,81.37,80.94,42.93,0,OFF,28.414,27.13,81.37,80.94,0
1,MILD,3,HUMID,3,WET,1,LOW,25.57,84.31,85.52,40.88,0,OFF,9.947,25.57,84.31,85.52,1
1,MILD,3,HUMID,3,WET,1,LOW,26.06,85.52,85.13,41.54,0,OFF,10.393,26.06,85.52,85.13,2
1,MILD,3,HUMID,3,WET,1,LOW,26.78,83.35,77.26,40.8,0,OFF,32.685,26.78,83.35,77.26,3
1,MILD,3,HUMID,3,WET,1,LOW,24.67,85.57,77.99,45.05,1,MIST_LOW,-31.487,23.47,94.57,78.99,0
1,MILD,3,HUMID,3,WET,1,LOW,26.85,83.83,85.49,37.04,1,MIST_LOW,-29.505,25.65,92.83,86.49,1
1,MILD,3,HUMID,3,WET,1,LOW,26.89,80.75,86.74,36.98,1,MIST_LOW,-27.036,25.69,89.75,87.74,2
1,MILD,3,HUMID,3,WET,1,LOW,25.85,78.38,81.58,45.89,1,MIST_LOW,-15.758,24.65,87.38,82.58,3
1,MILD,3,HUMID,3,WET,1,LOW,25.34,84.35,79.09,43.25,2,MIST_HIGH,-45.979,23.04,100.0,81.09,0
1,MILD,3,HUMID,3,WET,1,LOW,26.13,80.58,81.01,38.18,2,MIST_HIGH,-41.984,23.83,96.58,83.01,1
1,MILD,3,HUMID,3,WET,1,LOW,26.88,84.76,85.57,38.01,2,MIST_HIGH,-46.623,24.58,100.0,87.57,2
1,MILD,3,HUMID,3,WET,1,LOW,26.33,83.92,85.36,36.73,2,MIST_HIGH,-47.848,24.03,99.92,87.36,3
1,MILD,3,HUMID,3,WET,1,LOW,26.92,78.81,84.22,41.67,3,PUMP,-39.512,26.62,80.81,100.0,0
1,MILD,3,HUMID,3,WET,1,LOW,25.48,81.98,78.86,38.59,3,PUMP,-42.61,25.18,83.98,96.86,1
1,MILD,3,HUMID,3,WET,1,LOW,25.34,83.66,80.51,43.67,3,PUMP,-49.186,25.04,85.66,98.51,2
1,MILD,3,HUMID,3,WET,1,LOW,27.11,84.04,86.59,37.87,3,PUMP,-47.275,26.81,86.04,100.0,3
1,MILD,3,HUMID,3,WET,1,LOW,24.91,82.65,86.09,42.4,4,PUMP_MIST_LOW,-100.729,23.41,92.65,100.0,0
1,MILD,3,HUMID,3,WET,1,LOW,26.17,84.05,82.38,38.78,4,PUMP_MIST_LOW,-85.448,24.67,94.05,97.38,1
1,MILD,3,HUMID,3,WET,1,LOW,26.55,79.59,77.91,41.18,4,PUMP_MIST_LOW,-67.691,25.05,89.59,92.91,2
1,MILD,3,HUMID,3,WET,1,LOW,27.06,81.24,79.63,42.59,4,PUMP_MIST_LOW,-72.333,25.56,91.24,94.63,3
1,MILD,3,HUMID,3,WET,1,LOW,26.09,81.17,86.21,35.24,5,PUMP_MIST_HIGH,-107.384,23.59,97.17,100.0,0
1,MILD,3,HUMID,3,WET,1,LOW,27.28,84.52,85.87,37.53,5,PUMP_MIST_HIGH,-100.114,24.78,100.0,100.0,1
1,MILD,3,HUMID,3,WET,1,LOW,26.2,78.66,86.99,39.31,5,PUMP_MIST_HIGH,-103.024,23.7,94.66,100.0,2
1,MILD,3,HUMID,3,WET,1,LOW,24.71,82.38,83.68,37.29,5,PUMP_MIST_HIGH,-113.729,22.21,98.38,100.0,3
1,MILD,3,HUMID,3,WET,2,MEDIUM,25.98,84.67,86.83,58.94,0,OFF,16.937,26.48,82.67,84.83,0
1,MILD,3,HUMID,3,WET,2,MEDIUM,25.23,83.18,79.16,56.15,0,OFF,33.015,25.73,81.18,77.16,1
1,MILD,3,HUMID,3,WET,2,MEDIUM,25.28,78.17,83.12,66.06,0,OFF,32.881,25.78,76.17,81.12,2
1,MILD,3,HUMID,3,WET,2,MEDIUM,25.76,82.41,82.68,60.95,0,OFF,28.549,26.26,80.41,80.68,3
1,MILD,3,HUMID,3,WET,2,MEDIUM,26.97,82.65,83.27,66.66,1,MIST_LOW,-13.531,26.27,89.65,82.27,0
1,MILD,3,HUMID,3,WET,2,MEDIUM,27.34,83.97,84.07,67.78,1,MIST_LOW,-16.148,26.64,90.97,83.07,1
1,MILD,3,HUMID,3,WET,2,MEDIUM,26.85,80.11,80.7,66.8,1,MIST_LOW,-4.47,26.15,87.11,79.7,2
1,MILD,3,HUMID,3,WET,2,MEDIUM,27.22,80.56,80.57,67.5,1,MIST_LOW,-3.722,26.52,87.56,79.57,3
1,MILD,3,HUMID,3,WET,2,MEDIUM,24.98,84.88,86.86,58.96,2,MIST_HIGH,-55.854,23.18,98.88,86.86,0
1,MILD,3,HUMID,3,WET,2,MEDIUM,26.11,79.03,86.81,65.41,2,MIST_HIGH,-34.766,24.31,93.03,86.81,1
1,MILD,3,HUMID,3,WET,2,MEDIUM,26.02,81.81,80.13,65.69,2,MIST_HIGH,-25.466,24.22,95.81,80.13,2
1,MILD,3,HUMID,3,WET,2,MEDIUM,26.29,83.76,84.18,63.74,2,MIST_HIGH,-36.214,24.49,97.76,84.18,3
1,MILD,3,HUMID,3,WET,2,MEDIUM,26.15,85.88,81.65,62.89,3,PUMP,-43.556,26.35,85.88,97.65,0
1,MILD,3,HUMID,3,WET,2,MEDIUM,24.75,82.95,81.97,61.23,3,PUMP,-44.024,24.95,82.95,97.97,1
1,MILD,3,HUMID,3,WET,2,MEDIUM,27.27,79.37,82.6,62.71,3,PUMP,-34.553,27.47,79.37,98.6,2
1,MILD,3,HUMID,3,WET,2,MEDIUM,24.76,80.78,85.68,57.77,3,PUMP,-44.774,24.96,80.78,100.0,3
1,MILD,3,HUMID,3,WET,2,MEDIUM,26.51,78.52,84.19,62.84,4,PUMP_MIST_LOW,-70.303,25.51,86.52,97.19,0
1,MILD,3,HUMID,3,WET,2,MEDIUM,27.25,83.82,84.14,61.89,4,PUMP_MIST_LOW,-76.293,26.25,91.82,97.14,1
1,MILD,3,HUMID,3,WET,2,MEDIUM,26.57,85.54,86.86,58.58,4,PUMP_MIST_LOW,-86.948,25.57,93.54,99.86,2
1,MILD,3,HUMID,3,WET,2,MEDIUM,25.87,82.31,83.75,59.97,4,PUMP_MIST_LOW,-77.489,24.87,90.31,96.75,3
1,MILD,3,HUMID,3,WET,2,MEDIUM,26.2,85.01,86.46,57.73,5,PUMP_MIST_HIGH,-100.386,24.2,99.01,100.0,0
1,MILD,3,HUMID,3,WET,2,MEDIUM,26.11,83.45,80.14,56.08,5,PUMP_MIST_HIGH,-90.07,24.11,97.45,96.14,1
1,MILD,3,HUMID,3,WET,2,MEDIUM,26.31,83.7,80.58,57.44,5,PUMP_MIST_HIGH,-90.758,24.31,97.7,96.58,2
1,MILD,3,HUMID,3,WET,2,MEDIUM,27.34,82.91,82.3,64.76,5,PUMP_MIST_HIGH,-89.805,25.34,96.91,98.3,3
1,MILD,3,HUMID,3,WET,3,BRIGHT,26.65,79.99,83.02,91.11,0,OFF,37.3,27.65,75.99,80.02,0
1,MILD,3,HUMID,3,WET,3,BRIGHT,25.1,79.45,83.49,87.94,0,OFF,36.369,26.1,75.45,80.49,1
1,MILD,3,HUMID,3,WET,3,BRIGHT,24.93,78.71,86.46,88.89,0,OFF,30.781,25.93,74.71,83.46,2
1,MILD,3,HUMID,3,WET,3,BRIGHT,27.26,81.1,81.08,90.36,0,OFF,37.658,28.26,77.1,78.08,3
1,MILD,3,HUMID,3,WET,3,BRIGHT,24.99,80.75,77.96,86.26,1,MIST_LOW,1.214,24.79,85.75,75.96,0
1,MILD,3,HUMID,3,WET,3,BRIGHT,26.58,85.03,82.0,84.21,1,MIST_LOW,-9.028,26.38,90.03,80.0,1
1,MILD,3,HUMID,3,WET,3,BRIGHT,25.72,79.81,86.86,89.6,1,MIST_LOW,-13.623,25.52,84.81,84.86,2
1,MILD,3,HUMID,3,WET,3,BRIGHT,25.55,84.01,82.24,82.24,1,MIST_LOW,-11.201,25.35,89.01,80.24,3
1,MILD,3,HUMID,3,WET,3,BRIGHT,26.3,85.86,77.59,86.48,2,MIST_HIGH,-18.821,25.0,97.86,76.59,0
1,MILD,3,HUMID,3,WET,3,BRIGHT,25.07,85.71,82.29,82.06,2,MIST_HIGH,-40.376,23.77,97.71,81.29,1
1,MILD,3,HUMID,3,WET,3,BRIGHT,25.68,78.22,86.05,88.76,2,MIST_HIGH,-26.355,24.38,90.22,85.05,2
1,MILD,3,HUMID,3,WET,3,BRIGHT,27.01,85.65,78.88,89.45,2,MIST_HIGH,-18.931,25.71,97.65,77.88,3
1,MILD,3,HUMID,3,WET,3,BRIGHT,25.11,79.75,80.45,92.47,3,PUMP,-27.657,25.81,77.75,95.45,0
1,MILD,3,HUMID,3,WET,3,BRIGHT,27.16,82.8,82.74,92.7,3,PUMP,-36.267,27.86,80.8,97.74,1
1,MILD,3,HUMID,3,WET,3,BRIGHT,26.58,85.04,78.77,83.79,3,PUMP,-29.676,27.28,83.04,93.77,2
1,MILD,3,HUMID,3,WET,3,BRIGHT,26.89,78.24,77.39,88.45,3,PUMP,-16.901,27.59,76.24,92.39,3
1,MILD,3,HUMID,3,WET,3,BRIGHT,27.28,85.53,85.07,85.74,4,PUMP_MIST_LOW,-73.988,26.78,91.53,97.07,0
1,MILD,3,HUMID,3,WET,3,BRIGHT,25.42,80.79,78.8,88.22,4,PUMP_MIST_LOW,-59.225,24.92,86.79,90.8,1
1,MILD,3,HUMID,3,WET,3,BRIGHT,27.12,81.98,83.04,93.97,4,PUMP_MIST_LOW,-64.557,26.62,87.98,95.04,2
1,MILD,3,HUMID,3,WET,3,BRIGHT,27.18,85.5,86.29,88.58,4,PUMP_MIST_LOW,-76.842,26.68,91.5,98.29,3
1,MILD,3,HUMID,3,WET,3,BRIGHT,25.69,81.58,78.16,88.65,5,PUMP_MIST_HIGH,-77.374,24.19,93.58,93.16,0
1,MILD,3,HUMID,3,WET,3,BRIGHT,25.55,80.93,79.39,91.81,5,PUMP_MIST_HIGH,-79.358,24.05,92.93,94.39,1
1,MILD,3,HUMID,3,WET,3,BRIGHT,25.13,81.23,80.58,93.0,5,PUMP_MIST_HIGH,-91.692,23.63,93.23,95.58,2
1,MILD,3,HUMID,3,WET,3,BRIGHT,27.18,84.49,86.1,90.49,5,PUMP_MIST_HIGH,-91.606,25.68,96.49,100.0,3
2,WARM,0,VERY_DRY,0,VERY_DRY,0,DARK,30.95,26.79,15.2,16.96,0,OFF,-108.657,30.45,27.79,15.2,0
2,WARM,0,VERY_DRY,0,VERY_DRY,0,DARK,29.5,30.22,15.75,15.38,0,OFF,-89.365,29.0,31.22,15.75,1
2,WARM,0,VERY_DRY,0,VERY_DRY,0,DARK,29.7,30.37,12.01,12.84,0,OFF,-97.639,29.2,31.37,12.01,2
2,WARM,0,VERY_DRY,0,VERY_DRY,0,DARK,29.85,27.58,19.44,14.12,0,OFF,-86.969,29.35,28.58,19.44,3
2,WARM,0,VERY_DRY,0,VERY_DRY,0,DARK,29.82,26.66,10.24,10.25,1,MIST_LOW,-69.324,28.12,36.66,11.24,0
2,WARM,0,VERY_DRY,0,VERY_DRY,0,DARK,30.17,30.88,13.06,20.91,1,MIST_LOW,-57.781,28.47,40.88,14.06,1
2,WARM,0,VERY_DRY,0,VERY_DRY,0,DARK,30.76,32.17,16.99,15.33,1,MIST_LOW,-49.342,29.06,42.17,17.99,2
2,WARM,0,VERY_DRY,0,VERY_DRY,0,DARK,28.72,33.57,13.07,16.05,1,MIST_LOW,-48.785,27.02,43.57,14.07,3
2,WARM,0,VERY_DRY,0,VERY_DRY,0,DARK,31.12,30.34,16.41,17.87,2,MIST_HIGH,-47.819,28.32,47.34,18.41,0
2,WARM,0,VERY_DRY,0,VERY_DRY,0,DARK,30.1,26.38,13.03,11.26,2,MIST_HIGH,-57.981,27.3,43.38,15.03,1
2,WARM,0,VERY_DRY,0,VERY_DRY,0,DARK,31.3,26.42,18.25,19.48,2,MIST_HIGH,-50.795,28.5,43.42,20.25,2
2,WARM,0,VERY_DRY,0,VERY_DRY,0,DARK,30.67,30.19,11.78,13.45,2,MIST_HIGH,-56.326,27.87,47.19,13.78,3
2,WARM,0,VERY_DRY,0,VERY_DRY,0,DARK,30.56,33.29,10.99,20.4,3,PUMP,-2.897,29.76,36.29,28.99,0
2,WARM,0,VERY_DRY,0,VERY_DRY,0,DARK,31.1,31.7,10.73,11.44,3,PUMP,-15.704,30.3,34.7,28.73,1
2,WARM,0,VERY_DRY,0,VERY_DRY,0,DARK,29.18,31.12,10.16,20.07,3,PUMP,-3.688,28.38,34.12,28.16,2
2,WARM,0,VERY_DRY,0,VERY_DRY,0,DARK,29.18,31.52,19.24,9.06,3,PUMP,16.029,28.38,34.52,37.24,3
2,WARM,0,VERY_DRY,0,VERY_DRY,0,DARK,29.27,32.51,18.31,20.81,4,PUMP_MIST_LOW,25.698,27.27,43.51,33.31,0
2,WARM,0,VERY_DRY,0,VERY_DRY,0,DARK,31.36,32.61,13.72,19.05,4,PUMP_MIST_LOW,9.523,29.36,43.61,28.72,1
2,WARM,0,VERY_DRY,0,VERY_DRY,0,DARK,28.73,27.13,12.46,17.02,4,PUMP_MIST_LOW,4.804,26.73,38.13,27.46,2
2,WARM,0,VERY_DRY,0,VERY_DRY,0,DARK,31.07,29.38,15.71,19.36,4,PUMP_MIST_LOW,9.471,29.07,40.38,30.71,3
2,WARM,0,VERY_DRY,0,VERY_DRY,0,DARK,30.35,27.64,18.79,17.84,5,PUMP_MIST_HIGH,24.544,27.35,44.64,36.79,0
2,WARM,0,VERY_DRY,0,VERY_DRY,0,DARK,29.36,31.52,14.16,13.96,5,PUMP_MIST_HIGH,20.132,26.36,48.52,32.16,1
2,WARM,0,VERY_DRY,0,VERY_DRY,0,DARK,29.38,33.21,18.17,14.86,5,PUMP_MIST_HIGH,31.297,26.38,50.21,36.17,2
2,WARM,0,VERY_DRY,0,VERY_DRY,0,DARK,30.28,31.01,13.95,17.35,5,PUMP_MIST_HIGH,20.027,27.28,48.01,31.95,3
2,WARM,0,VERY_DRY,0,VERY_DRY,1,LOW,29.86,31.3,12.23,41.65,0,OFF,-99.376,29.86,31.3,12.23,0
2,WARM,0,VERY_DRY,0,VERY_DRY,1,LOW,28.92,33.22,14.89,36.2,0,OFF,-87.745,28.92,33.22,14.89,1
2,WARM,0,VERY_DRY,0,VERY_DRY,1,LOW,29.52,33.55,12.56,42.17,0,OFF,-93.99,29.52,33.55,12.56,2
2,WARM,0,VERY_DRY,0,VERY_DRY,1,LOW,31.21,29.19,15.36,37.42,0,OFF,-108.5,31.21,29.19,15.36,3
2,WARM,0,VERY_DRY,0,VERY_DRY,1,LOW,30.2,26.87,11.19,43.87,1,MIST_LOW,-71.392,29.0,35.87,12.19,0
2,WARM,0,VERY_DRY,0,VERY_DRY,1,LOW,31.08,33.6,15.55,39.98,1,MIST_LOW,-54.288,29.88,42.6,16.55,1
2,WARM,0,VERY_DRY,0,VERY_DRY,1,LOW,28.96,33.96,14.69,35.31,1,MIST_LOW,-48.728,27.76,42.96,15.69,2
2,WARM,0,VERY_DRY,0,VERY_DRY,1,LOW,29.24,32.66,11.84,43.15,1,MIST_LOW,-57.691,28.04,41.66,12.84,3
2,WARM,0,VERY_DRY,0,VERY_DRY,1,LOW,30.86,27.93,16.15,39.26,2,MIST_HIGH,-44.569,28.56,43.93,18.15,0
2,WARM,0,VERY_DRY,0,VERY_DRY,1,LOW,29.0,30.78,10.41,45.2,2,MIST_HIGH,-48.057,26.7,46.78,12.41,1
2,WARM,0,VERY_DRY,0,VERY_DRY,1,LOW,30.75,27.51,12.1,37.82,2,MIST_HIGH,-53.393,28.45,43.51,14.1,2
2,WARM,0,VERY_DRY,0,VERY_DRY,1,LOW,30.19,33.59,13.41,45.4,2,MIST_HIGH,-39.146,27.89,49.59,15.41,3
2,WARM,0,VERY_DRY,0,VERY_DRY,1,LOW,31.18,28.8,12.01,41.73,3,PUMP,-21.125,30.88,30.8,30.01,0
2,WARM,0,VERY_DRY,0,VERY_DRY,1,LOW,29.7,27.22,12.92,34.76,3,PUMP,-8.979,29.4,29.22,30.92,1
2,WARM,0,VERY_DRY,0,VERY_DRY,1,LOW,29.12,27.55,16.58,39.27,3,PUMP,1.097,28.82,29.55,34.58,2
2,WARM,0,VERY_DRY,0,VERY_DRY,1,LOW,31.04,26.56,12.46,40.34,3,PUMP,-23.318,30.74,28.56,30.46,3
2,WARM,0,VERY_DRY,0,VERY_DRY,1,LOW,30.16,27.15,19.64,34.68,4,PUMP_MIST_LOW,13.873,28.66,37.15,34.64,0
2,WARM,0,VERY_DRY,0,VERY_DRY,1,LOW,30.52,29.28,15.34,41.42,4,PUMP_MIST_LOW,7.111,29.02,39.28,30.34,1
2,WARM,0,VERY_DRY,0,VERY_DRY,1,LOW,29.08,33.46,13.7,35.72,4,PUMP_MIST_LOW,14.975,27.58,43.46,28.7,2
2,WARM,0,VERY_DRY,0,VERY_DRY,1,LOW,28.89,27.87,13.81,40.75,4,PUMP_MIST_LOW,6.846,27.39,37.87,28.81,3
2,WARM,0,VERY_DRY,0,VERY_DRY,1,LOW,30.88,32.15,11.2,36.69,5,PUMP_MIST_HIGH,20.941,28.38,48.15,29.2,0
2,WARM,0,VERY_DRY,0,VERY_DRY,1,LOW,30.36,30.51,10.74,41.79,5,PUMP_MIST_HIGH,19.018,27.86,46.51,28.74,1
2,WARM,0,VERY_DRY,0,VERY_DRY,1,LOW,31.15,33.5,16.45,37.39,5,PUMP_MIST_HIGH,33.256,28.65,49.5,34.45,2
2,WARM,0,VERY_DRY,0,VERY_DRY,1,LOW,30.32,29.6,17.48,42.19,5,PUMP_MIST_HIGH,31.825,27.82,45.6,35.48,3
2,WARM,0,VERY_DRY,0,VERY_DRY,2,MEDIUM,30.32,28.76,19.88,61.46,0,OFF,-105.844,30.82,26.76,17.88,0
2,WARM,0,VERY_DRY,0,VERY_DRY,2,MEDIUM,31.17,27.23,15.36,60.32,0,OFF,-120.532,31.67,25.23,13.36,1
2,WARM,0,VERY_DRY,0,VERY_DRY,2,MEDIUM,29.0,31.1,11.74,67.61,0,OFF,-106.998,29.5,29.1,9.74,2
2,WARM,0,VERY_DRY,0,VERY_DRY,2,MEDIUM,31.4,33.06,13.68,56.25,0,OFF,-115.454,31.9,31.06,11.68,3
2,WARM,0,VERY_DRY,0,VERY_DRY,2,MEDIUM,30.86,27.15,14.6,64.53,1,MIST_LOW,-82.895,30.16,34.15,13.6,0
2,WARM,0,VERY_DRY,0,VERY_DRY,2,MEDIUM,30.12,27.82,14.02,66.08,1,MIST_LOW,-72.68,29.42,34.82,13.02,1
2,WARM,0,VERY_DRY,0,VERY_DRY,2,MEDIUM,29.59,33.54,14.21,61.01,1,MIST_LOW,-61.442,28.89,40.54,13.21,2
2,WARM,0,VERY_DRY,0,VERY_DRY,2,MEDIUM,30.65,29.55,13.88,60.36,1,MIST_LOW,-71.913,29.95,36.55,12.88,3
2,WARM,0,VERY_DRY,0,VERY_DRY,2,MEDIUM,29.51,29.19,17.23,58.47,2,MIST_HIGH,-44.986,27.71,43.19,17.23,0
2,WARM,0,VERY_DRY,0,VERY_DRY,2,MEDIUM,29.21,27.53,11.95,66.48,2,MIST_HIGH,-57.773,27.41,41.53,11.95,1
2,WARM,0,VERY_DRY,0,VERY_DRY,2,MEDIUM,30.45,30.95,19.0,62.58,2,MIST_HIGH,-41.439,28.65,44.95,19.0,2
2,WARM,0,VERY_DRY,0,VERY_DRY,2,MEDIUM,30.74,29.27,16.44,58.56,2,MIST_HIGH,-50.456,28.94,43.27,16.44,3
2,WARM,0,VERY_DRY,0,VERY_DRY,2,MEDIUM,29.0,26.87,16.52,59.6,3,PUMP,-8.739,29.2,26.87,32.52,0
2,WARM,0,VERY_DRY,0,VERY_DRY,2,MEDIUM,30.93,32.2,16.24,56.61,3,PUMP,-15.013,31.13,32.2,32.24,1
2,WARM,0,VERY_DRY,0,VERY_DRY,2,MEDIUM,29.21,30.41,11.57,60.61,3,PUMP,-14.153,29.41,30.41,27.57,2
2,WARM,0,VERY_DRY,0,VERY_DRY,2,MEDIUM,30.05,27.44,14.43,64.33,3,PUMP,-23.586,30.25,27.44,30.43,3
2,WARM,0,VERY_DRY,0,VERY_DRY,2,MEDIUM,29.68,31.34,12.73,64.95,4,PUMP_MIST_LOW,-1.401,28.68,39.34,25.73,0
2,WARM,0,VERY_DRY,0,VERY_DRY,2,MEDIUM,30.18,27.25,14.02,65.38,4,PUMP_MIST_LOW,-6.833,29.18,35.25,27.02,1
2,WARM,0,VERY_DRY,0,VERY_DRY,2,MEDIUM,29.15,29.29,14.69,66.42,4,PUMP_MIST_LOW,1.112,28.15,37.29,27.69,2
2,WARM,0,VERY_DRY,0,VERY_DRY,2,MEDIUM,28.97,33.45,13.16,67.2,4,PUMP_MIST_LOW,5.171,27.97,41.45,26.16,3
2,WARM,0,VERY_DRY,0,VERY_DRY,2,MEDIUM,30.31,31.88,18.76,64.11,5,PUMP_MIST_HIGH,29.2,28.31,45.88,34.76,0
2,WARM,0,VERY_DRY,0,VERY_DRY,2,MEDIUM,30.8,26.69,10.09,66.35,5,PUMP_MIST_HIGH,1.108,28.8,40.69,26.09,1
2,WARM,0,VERY_DRY,0,VERY_DRY,2,MEDIUM,28.75,32.82,13.13,66.82,5,PUMP_MIST_HIGH,22.285,26.75,46.82,29.13,2
2,WARM,0,VERY_DRY,0,VERY_DRY,2,MEDIUM,29.17,27.2,12.13,66.09,5,PUMP_MIST_HIGH,11.462,27.17,41.2,28.13,3
2,WARM,0,VERY_DRY,0,VERY_DRY,3,BRIGHT,29.62,33.27,15.83,91.94,0,OFF,-111.781,30.62,29.27,12.83,0
2,WARM,0,VERY_DRY,0,VERY_DRY,3,BRIGHT,29.93,31.63,12.9,83.22,0,OFF,-121.586,30.93,27.63,9.9,1
2,WARM,0,VERY_DRY,0,VERY_DRY,3,BRIGHT,30.17,33.21,11.52,86.98,0,OFF,-122.732,31.17,29.21,8.52,2
2,WARM,0,VERY_DRY,0,VERY_DRY,3,BRIGHT,30.09,30.95,11.58,88.63,0,OFF,-125.951,31.09,26.95,8.58,3
2,WARM,0,VERY_DRY,0,VERY_DRY,3,BRIGHT,29.91,33.87,16.9,92.84,1,MIST_LOW,-63.212,29.71,38.87,14.9,0
2,WARM,0,VERY_DRY,0,VERY_DRY,3,BRIGHT,31.33,31.31,11.47,87.34,1,MIST_LOW,-79.249,31.13,36.31,9.47,1
2,WARM,0,VERY_DRY,0,VERY_DRY,3,BRIGHT,30.72,27.08,13.81,86.55,1,MIST_LOW,-79.115,30.52,32.08,11.81,2
2,WARM,0,VERY_DRY,0,VERY_DRY,3,BRIGHT,29.08,26.16,16.88,91.82,1,MIST_LOW,-72.901,28.88,31.16,14.88,3
2,WARM,0,VERY_DRY,0,VERY_DRY,3,BRIGHT,31.21,30.68,11.82,92.73,2,MIST_HIGH,-54.296,29.91,42.68,10.82,0
2,WARM,0,VERY_DRY,0,VERY_DRY,3,BRIGHT,31.32,33.57,15.67,92.63,2,MIST_HIGH,-49.935,30.02,45.57,14.67,1
2,WARM,0,VERY_DRY,0,VERY_DRY,3,BRIGHT,31.37,33.09,10.69,83.62,2,MIST_HIGH,-61.317,30.07,45.09,9.69,2
2,WARM,0,VERY_DRY,0,VERY_DRY,3,BRIGHT,29.44,29.15,11.49,93.91,2,MIST_HIGH,-63.771,28.14,41.15,10.49,3
2,WARM,0,VERY_DRY,0,VERY_DRY,3,BRIGHT,30.81,31.35,19.62,85.85,3,PUMP,-15.792,31.51,29.35,34.62,0
2,WARM,0,VERY_DRY,0,VERY_DRY,3,BRIGHT,30.59,33.59,10.83,89.23,3,PUMP,-29.946,31.29,31.59,25.83,1
2,WARM,0,VERY_DRY,0,VERY_DRY,3,BRIGHT,30.84,26.13,18.91,87.01,3,PUMP,-25.706,31.54,24.13,33.91,2
2,WARM,0,VERY_DRY,0,VERY_DRY,3,BRIGHT,29.07,32.81,11.92,85.36,3,PUMP,-16.046,29.77,30.81,26.92,3
2,WARM,0,VERY_DRY,0,VERY_DRY,3,BRIGHT,30.06,33.33,14.9,92.87,4,PUMP_MIST_LOW,10.223,29.56,39.33,26.9,0
2,WARM,0,VERY_DRY,0,VERY_DRY,3,BRIGHT,28.75,27.91,13.07,87.39,4,PUMP_MIST_LOW,-10.09,28.25,33.91,25.07,1
2,WARM,0,VERY_DRY,0,VERY_DRY,3,BRIGHT,29.81,26.32,17.5,91.12,4,PUMP_MIST_LOW,-6.731,29.31,32.32,29.5,2
2,WARM,0,VERY_DRY,0,VERY_DRY,3,BRIGHT,29.88,26.64,15.51,83.57,4,PUMP_MIST_LOW,-10.621,29.38,32.64,27.51,3
2,WARM,0,VERY_DRY,0,VERY_DRY,3,BRIGHT,31.34,30.99,17.35,82.23,5,PUMP_MIST_HIGH,26.632,29.84,42.99,32.35,0
2,WARM,0,VERY_DRY,0,VERY_DRY,3,BRIGHT,29.67,33.24,13.8,82.43,5,PUMP_MIST_HIGH,16.128,28.17,45.24,28.8,1
2,WARM,0,VERY_DRY,0,VERY_DRY,3,BRIGHT,30.48,31.57,13.36,91.64,5,PUMP_MIST_HIGH,21.928,28.98,43.57,28.36,2
2,WARM,0,VERY_DRY,0,VERY_DRY,3,BRIGHT,30.99,32.27,14.07,86.11,5,PUMP_MIST_HIGH,22.919,29.49,44.27,29.07,3
2,WARM,0,VERY_DRY,1,DRY,0,DARK,31.24,31.75,35.52,14.87,0,OFF,-23.964,30.74,32.75,35.52,0
2,WARM,0,VERY_DRY,1,DRY,0,DARK,29.35,33.31,39.19,10.02,0,OFF,0.276,28.85,34.31,39.19,1
2,WARM,0,VERY_DRY,1,DRY,0,DARK,30.47,28.55,35.09,10.36,0,OFF,-19.526,29.97,29.55,35.09,2
2,WARM,0,VERY_DRY,1,DRY,0,DARK,30.87,32.45,31.07,9.89,0,OFF,-31.017,30.37,33.45,31.07,3
2,WARM,0,VERY_DRY,1,DRY,0,DARK,29.65,27.23,38.01,18.35,1,MIST_LOW,25.476,27.95,37.23,39.01,0
2,WARM,0,VERY_DRY,1,DRY,0,DARK,31.02,26.08,30.13,18.68,1,MIST_LOW,2.687,29.32,36.08,31.13,1
2,WARM,0,VERY_DRY,1,DRY,0,DARK,31.04,30.94,31.56,16.51,1,MIST_LOW,13.408,29.34,40.94,32.56,2
2,WARM,0,VERY_DRY,1,DRY,0,DARK,31.04,29.69,38.73,18.43,1,MIST_LOW,26.452,29.34,39.69,39.73,3
2,WARM,0,VERY_DRY,1,DRY,0,DARK,28.9,26.98,37.04,11.39,2,MIST_HIGH,26.457,26.1,43.98,39.04,0
2,WARM,0,VERY_DRY,1,DRY,0,DARK,30.69,26.65,30.92,20.42,2,MIST_HIGH,13.12,27.89,43.65,32.92,1
2,WARM,0,VERY_DRY,1,DRY,0,DARK,28.61,32.33,32.33,9.6,2,MIST_HIGH,24.221,25.81,49.33,34.33,2
2,WARM,0,VERY_DRY,1,DRY,0,DARK,28.82,28.56,35.29,14.71,2,MIST_HIGH,25.089,26.02,45.56,37.29,3
2,WARM,0,VERY_DRY,1,DRY,0,DARK,29.15,33.9,36.05,11.23,3,PUMP,65.232,28.35,36.9,54.05,0
2,WARM,0,VERY_DRY,1,DRY,0,DARK,29.41,31.41,38.65,9.74,3,PUMP,65.879,28.61,34.41,56.65,1
2,WARM,0,VERY_DRY,1,DRY,0,DARK,29.12,26.05,31.76,11.37,3,PUMP,43.757,28.32,29.05,49.76,2
2,WARM,0,VERY_DRY,1,DRY,0,DARK,29.0,30.34,39.73,17.4,3,PUMP,67.715,28.2,33.34,57.73,3
2,WARM,0,VERY_DRY,1,DRY,0,DARK,30.57,26.61,31.87,12.86,4,PUMP_MIST_LOW,50.58,28.57,37.61,46.87,0
2,WARM,0,VERY_DRY,1,DRY,0,DARK,31.38,27.3,36.35,16.11,4,PUMP_MIST_LOW,58.512,29.38,38.3,51.35,1
2,WARM,0,VERY_DRY,1,DRY,0,DARK,30.28,30.05,32.85,14.12,4,PUMP_MIST_LOW,59.069,28.28,41.05,47.85,2
2,WARM,0,VERY_DRY,1,DRY,0,DARK,30.91,31.88,35.31,16.86,4,PUMP_MIST_LOW,65.148,28.91,42.88,50.31,3
2,WARM,0,VERY_DRY,1,DRY,0,DARK,31.31,28.01,37.54,9.78,5,PUMP_MIST_HIGH,71.467,28.31,45.01,55.54,0
2,WARM,0,VERY_DRY,1,DRY,0,DARK,28.78,28.75,37.33,16.44,5,PUMP_MIST_HIGH,72.48,25.78,45.75,55.33,1
2,WARM,0,VERY_DRY,1,DRY,0,DARK,30.89,26.64,37.64,17.59,5,PUMP_MIST_HIGH,70.83,27.89,43.64,55.64,2
2,WARM,0,VERY_DRY,1,DRY,0,DARK,28.63,31.95,30.88,16.06,5,PUMP_MIST_HIGH,63.607,25.63,48.95,48.88,3
2,WARM,0,VERY_DRY,1,DRY,1,LOW,31.17,28.89,36.81,42.14,0,OFF,-28.801,31.17,28.89,36.81,0
2,WARM,0,VERY_DRY,1,DRY,1,LOW,28.78,28.1,38.4,39.41,0,OFF,-11.117,28.78,28.1,38.4,1
2,WARM,0,VERY_DRY,1,DRY,1,LOW,30.68,29.84,35.0,43.16,0,OFF,-29.527,30.68,29.84,35.0,2
2,WARM,0,VERY_DRY,1,DRY,1,LOW,29.48,33.99,31.9,41.05,0,OFF,-17.544,29.48,33.99,31.9,3
2,WARM,0,VERY_DRY,1,DRY,1,LOW,28.72,28.82,34.65,39.54,1,MIST_LOW,20.718,27.52,37.82,35.65,0
2,WARM,0,VERY_DRY,1,DRY,1,LOW,31.19,32.77,39.72,39.56,1,MIST_LOW,29.799,29.99,41.77,40.72,1
2,WARM,0,VERY_DRY,1,DRY,1,LOW,31.12,29.62,31.42,43.01,1,MIST_LOW,7.536,29.92,38.62,32.42,2
2,WARM,0,VERY_DRY,1,DRY,1,LOW,29.77,26.2,31.39,37.8,1,MIST_LOW,6.302,28.57,35.2,32.39,3
2,WARM,0,VERY_DRY,1,DRY,1,LOW,31.37,31.06,33.99,34.17,2,MIST_HIGH,31.252,29.07,47.06,35.99,0
2,WARM,0,VERY_DRY,1,DRY,1,LOW,30.82,31.29,31.73,41.12,2,MIST_HIGH,28.648,28.52,47.29,33.73,1
2,WARM,0,VERY_DRY,1,DRY,1,LOW,29.11,26.76,33.91,35.8,2,MIST_HIGH,30.239,26.81,42.76,35.91,2
2,WARM,0,VERY_DRY,1,DRY,1,LOW,29.54,26.17,33.92,37.64,2,MIST_HIGH,29.132,27.24,42.17,35.92,3
2,WARM,0,VERY_DRY,1,DRY,1,LOW,31.27,30.39,32.28,39.84,3,PUMP,33.695,30.97,32.39,50.28,0
2,WARM,0,VERY_DRY,1,DRY,1,LOW,30.63,29.46,39.47,35.92,3,PUMP,49.39,30.33,31.46,57.47,1
2,WARM,0,VERY_DRY,1,DRY,1,LOW,31.31,26.48,39.61,34.8,3,PUMP,42.712,31.01,28.48,57.61,2
2,WARM,0,VERY_DRY,1,DRY,1,LOW,29.51,29.81,32.89,36.82,3,PUMP,47.721,29.21,31.81,50.89,3
2,WARM,0,VERY_DRY,1,DRY,1,LOW,31.24,32.43,34.16,34.16,4,PUMP_MIST_LOW,59.357,29.74,42.43,49.16,0
2,WARM,0,VERY_DRY,1,DRY,1,LOW,29.46,27.27,36.3,42.21,4,PUMP_MIST_LOW,61.29,27.96,37.27,51.3,1
2,WARM,0,VERY_DRY,1,DRY,1,LOW,29.8,26.97,31.29,37.38,4,PUMP_MIST_LOW,49.214,28.3,36.97,46.29,2
2,WARM,0,VERY_DRY,1,DRY,1,LOW,30.63,32.46,38.64,38.43,4,PUMP_MIST_LOW,70.763,29.13,42.46,53.64,3
2,WARM,0,VERY_DRY,1,DRY,1,LOW,31.32,26.5,34.47,39.0,5,PUMP_MIST_HIGH,69.382,28.82,42.5,52.47,0
2,WARM,0,VERY_DRY,1,DRY,1,LOW,29.19,28.61,32.33,44.46,5,PUMP_MIST_HIGH,73.074,26.69,44.61,50.33,1
2,WARM,0,VERY_DRY,1,DRY,1,LOW,29.48,33.33,39.73,43.44,5,PUMP_MIST_HIGH,97.065,26.98,49.33,57.73,2
2,WARM,0,VERY_DRY,1,DRY,1,LOW,30.15,30.62,33.31,36.33,5,PUMP_MIST_HIGH,77.248,27.65,46.62,51.31,3
2,WARM,0,VERY_DRY,1,DRY,2,MEDIUM,28.96,28.57,36.33,67.65,0,OFF,-24.253,29.46,26.57,34.33,0
2,WARM,0,VERY_DRY,1,DRY,2,MEDIUM,29.24,30.74,32.37,65.84,0,OFF,-30.006,29.74,28.74,30.37,1
2,WARM,0,VERY_DRY,1,DRY,2,MEDIUM,29.97,29.76,30.19,62.13,0,OFF,-46.478,30.47,27.76,28.19,2
2,WARM,0,VERY_DRY,1,DRY,2,MEDIUM,28.87,32.0,36.24,56.98,0,OFF,-18.678,29.37,30.0,34.24,3
2,WARM,0,VERY_DRY,1,DRY,2,MEDIUM,29.97,30.82,38.91,67.5,1,MIST_LOW,19.844,29.27,37.82,37.91,0
2,WARM,0,VERY_DRY,1,DRY,2,MEDIUM,29.34,29.6,37.77,65.5,1,MIST_LOW,17.516,28.64,36.6,36.77,1
2,WARM,0,VERY_DRY,1,DRY,2,MEDIUM,29.37,27.14,38.48,56.71,1,MIST_LOW,14.98,28.67,34.14,37.48,2
2,WARM,0,VERY_DRY,1,DRY,2,MEDIUM,29.29,31.06,33.27,65.9,1,MIST_LOW,10.585,28.59,38.06,32.27,3
2,WARM,0,VERY_DRY,1,DRY,2,MEDIUM,29.95,27.17,32.73,59.84,2,MIST_HIGH,17.915,28.15,41.17,32.73,0
2,WARM,0,VERY_DRY,1,DRY,2,MEDIUM,31.36,30.84,35.36,65.89,2,MIST_HIGH,24.815,29.56,44.84,35.36,1
2,WARM,0,VERY_DRY,1,DRY,2,MEDIUM,30.41,33.66,35.98,57.44,2,MIST_HIGH,33.661,28.61,47.66,35.98,2
2,WARM,0,VERY_DRY,1,DRY,2,MEDIUM,30.65,31.88,31.95,65.59,2,MIST_HIGH,21.577,28.85,45.88,31.95,3
2,WARM,0,VERY_DRY,1,DRY,2,MEDIUM,29.39,32.33,34.23,65.82,3,PUMP,45.913,29.59,32.33,50.23,0
2,WARM,0,VERY_DRY,1,DRY,2,MEDIUM,28.63,28.09,31.44,56.3,3,PUMP,35.708,28.83,28.09,47.44,1
2,WARM,0,VERY_DRY,1,DRY,2,MEDIUM,30.42,32.1,30.79,61.58,3,PUMP,27.013,30.62,32.1,46.79,2
2,WARM,0,VERY_DRY,1,DRY,2,MEDIUM,31.15,27.18,36.26,62.66,3,PUMP,28.321,31.35,27.18,52.26,3
2,WARM,0,VERY_DRY,1,DRY,2,MEDIUM,30.26,32.07,31.08,59.28,4,PUMP_MIST_LOW,36.43,29.26,40.07,44.08,0
2,WARM,0,VERY_DRY,1,DRY,2,MEDIUM,29.37,31.65,34.53,57.95,4,PUMP_MIST_LOW,55.868,28.37,39.65,47.53,1
2,WARM,0,VERY_DRY,1,DRY,2,MEDIUM,28.96,33.65,31.24,66.41,4,PUMP_MIST_LOW,43.469,27.96,41.65,44.24,2
2,WARM,0,VERY_DRY,1,DRY,2,MEDIUM,30.15,28.95,33.15,64.65,4,PUMP_MIST_LOW,46.17,29.15,36.95,46.15,3
2,WARM,0,VERY_DRY,1,DRY,2,MEDIUM,30.14,31.03,36.46,60.75,5,PUMP_MIST_HIGH,75.574,28.14,45.03,52.46,0
2,WARM,0,VERY_DRY,1,DRY,2,MEDIUM,29.51,32.69,30.35,59.39,5,PUMP_MIST_HIGH,67.381,27.51,46.69,46.35,1
2,WARM,0,VERY_DRY,1,DRY,2,MEDIUM,30.18,30.55,38.83,56.67,5,PUMP_MIST_HIGH,79.638,28.18,44.55,54.83,2
2,WARM,0,VERY_DRY,1,DRY,2,MEDIUM,30.61,27.05,30.64,56.81,5,PUMP_MIST_HIGH,55.483,28.61,41.05,46.64,3
2,WARM,0,VERY_DRY,1,DRY,3,BRIGHT,29.02,30.18,39.4,84.82,0,OFF,-30.344,30.02,26.18,36.4,0
2,WARM,0,VERY_DRY,1,DRY,3,BRIGHT,30.71,33.78,33.38,86.95,0,OFF,-42.635,31.71,29.78,30.38,1
2,WARM,0,VERY_DRY,1,DRY,3,BRIGHT,30.7,29.94,35.45,88.3,0,OFF,-44.397,31.7,25.94,32.45,2
2,WARM,0,VERY_DRY,1,DRY,3,BRIGHT,30.4,29.17,31.55,91.87,0,OFF,-52.847,31.4,25.17,28.55,3
2,WARM,0,VERY_DRY,1,DRY,3,BRIGHT,30.88,29.59,31.15,92.94,1,MIST_LOW,-4.216,30.68,34.59,29.15,0
2,WARM,0,VERY_DRY,1,DRY,3,BRIGHT,29.33,27.91,36.45,88.69,1,MIST_LOW,5.186,29.13,32.91,34.45,1
2,WARM,0,VERY_DRY,1,DRY,3,BRIGHT,28.75,32.74,32.26,82.51,1,MIST_LOW,5.975,28.55,37.74,30.26,2
2,WARM,0,VERY_DRY,1,DRY,3,BRIGHT,29.21,27.86,31.53,92.45,1,MIST_LOW,-4.859,29.01,32.86,29.53,3
2,WARM,0,VERY_DRY,1,DRY,3,BRIGHT,30.0,28.58,37.56,90.04,2,MIST_HIGH,35.264,28.7,40.58,36.56,0
2,WARM,0,VERY_DRY,1,DRY,3,BRIGHT,28.65,32.12,34.92,90.04,2,MIST_HIGH,27.703,27.35,44.12,33.92,1
2,WARM,0,VERY_DRY,1,DRY,3,BRIGHT,30.55,30.4,30.4,89.08,2,MIST_HIGH,21.377,29.25,42.4,29.4,2
2,WARM,0,VERY_DRY,1,DRY,3,BRIGHT,29.18,30.66,30.07,90.42,2,MIST_HIGH,13.478,27.88,42.66,29.07,3
2,WARM,0,VERY_DRY,1,DRY,3,BRIGHT,30.23,28.94,38.99,83.97,3,PUMP,32.911,30.93,26.94,53.99,0
2,WARM,0,VERY_DRY,1,DRY,3,BRIGHT,29.2,30.29,39.15,90.93,3,PUMP,46.716,29.9,28.29,54.15,1
2,WARM,0,VERY_DRY,1,DRY,3,BRIGHT,29.39,30.45,35.11,83.92,3,PUMP,29.867,30.09,28.45,50.11,2
2,WARM,0,VERY_DRY,1,DRY,3,BRIGHT,29.16,30.86,33.34,85.92,3,PUMP,35.536,29.86,28.86,48.34,3
2,WARM,0,VERY_DRY,1,DRY,3,BRIGHT,29.33,26.95,32.85,82.35,4,PUMP_MIST_LOW,28.066,28.83,32.95,44.85,0
2,WARM,0,VERY_DRY,1,DRY,3,BRIGHT,30.29,31.21,35.12,86.87,4,PUMP_MIST_LOW,58.56,29.79,37.21,47.12,1
2,WARM,0,VERY_DRY,1,DRY,3,BRIGHT,29.12,26.33,38.05,90.91,4,PUMP_MIST_LOW,48.655,28.62,32.33,50.05,2
2,WARM,0,VERY_DRY,1,DRY,3,BRIGHT,31.05,27.6,35.7,90.97,4,PUMP_MIST_LOW,43.583,30.55,33.6,47.7,3
2,WARM,0,VERY_DRY,1,DRY,3,BRIGHT,30.93,31.39,38.87,91.81,5,PUMP_MIST_HIGH,83.766,29.43,43.39,53.87,0
2,WARM,0,VERY_DRY,1,DRY,3,BRIGHT,29.61,26.43,36.26,88.8,5,PUMP_MIST_HIGH,62.59,28.11,38.43,51.26,1
2,WARM,0,VERY_DRY,1,DRY,3,BRIGHT,31.08,28.02,35.11,85.72,5,PUMP_MIST_HIGH,70.019,29.58,40.02,50.11,2
2,WARM,0,VERY_DRY,1,DRY,3,BRIGHT,29.21,27.45,33.34,88.0,5,PUMP_MIST_HIGH,59.369,27.71,39.45,48.34,3
2,WARM,0,VERY_DRY,2,OPTIMAL,0,DARK,30.62,31.76,57.58,13.69,0,OFF,34.36,30.12,32.76,57.58,0
2,WARM,0,VERY_DRY,2,OPTIMAL,0,DARK,30.71,33.37,57.8,16.16,0,OFF,37.096,30.21,34.37,57.8,1
2,WARM,0,VERY_DRY,2,OPTIMAL,0,DARK,30.83,31.34,62.38,9.93,0,OFF,24.7,30.33,32.34,62.38,2
2,WARM,0,VERY_DRY,2,OPTIMAL,0,DARK,28.9,26.0,53.31,9.6,0,OFF,29.678,28.4,27.0,53.31,3
2,WARM,0,VERY_DRY,2,OPTIMAL,0,DARK,28.63,28.19,53.0,14.34,1,MIST_LOW,71.291,26.93,38.19,54.0,0
2,WARM,0,VERY_DRY,2,OPTIMAL,0,DARK,30.64,33.69,53.97,13.42,1,MIST_LOW,76.136,28.94,43.69,54.97,1
2,WARM,0,VERY_DRY,2,OPTIMAL,0,DARK,30.41,33.77,60.42,13.47,1,MIST_LOW,76.183,28.71,43.77,61.42,2
2,WARM,0,VERY_DRY,2,OPTIMAL,0,DARK,29.38,31.23,55.97,9.42,1,MIST_LOW,80.425,27.68,41.23,56.97,3
2,WARM,0,VERY_DRY,2,OPTIMAL,0,DARK,28.94,27.13,57.57,20.19,2,MIST_HIGH,73.356,26.14,44.13,59.57,0
2,WARM,0,VERY_DRY,2,OPTIMAL,0,DARK,31.35,33.32,54.2,16.64,2,MIST_HIGH,80.563,28.55,50.32,56.2,1
2,WARM,0,VERY_DRY,2,OPTIMAL,0,DARK,31.27,32.34,61.8,20.18,2,MIST_HIGH,70.868,28.47,49.34,63.8,2
2,WARM,0,VERY_DRY,2,OPTIMAL,0,DARK,29.09,26.9,60.25,14.46,2,MIST_HIGH,67.844,26.29,43.9,62.25,3
2,WARM,0,VERY_DRY,2,OPTIMAL,0,DARK,31.08,31.56,55.73,9.27,3,PUMP,12.557,30.28,34.56,73.73,0
2,WARM,0,VERY_DRY,2,OPTIMAL,0,DARK,30.18,26.51,59.92,11.59,3,PUMP,6.576,29.38,29.51,77.92,1
2,WARM,0,VERY_DRY,2,OPTIMAL,0,DARK,29.71,29.02,53.37,14.19,3,PUMP,25.829,28.91,32.02,71.37,2
2,WARM,0,VERY_DRY,2,OPTIMAL,0,DARK,29.9,27.4,53.13,19.77,3,PUMP,23.129,29.1,30.4,71.13,3
2,WARM,0,VERY_DRY,2,OPTIMAL,0,DARK,30.44,33.68,61.76,17.52,4,PUMP_MIST_LOW,36.274,28.44,44.68,76.76,0
2,WARM,0,VERY_DRY,2,OPTIMAL,0,DARK,30.61,27.62,55.67,17.05,4,PUMP_MIST_LOW,38.82,28.61,38.62,70.67,1
2,WARM,0,VERY_DRY,2,OPTIMAL,0,DARK,31.3,27.5,59.9,18.72,4,PUMP_MIST_LOW,27.574,29.3,38.5,74.9,2
2,WARM,0,VERY_DRY,2,OPTIMAL,0,DARK,31.39,26.35,58.63,19.28,4,PUMP_MIST_LOW,28.095,29.39,37.35,73.63,3
2,WARM,0,VERY_DRY,2,OPTIMAL,0,DARK,30.17,31.62,60.92,17.59,5,PUMP_MIST_HIGH,32.138,27.17,48.62,78.92,0
2,WARM,0,VERY_DRY,2,OPTIMAL,0,DARK,30.68,28.29,53.88,13.41,5,PUMP_MIST_HIGH,39.938,27.68,45.29,71.88,1
2,WARM,0,VERY_DRY,2,OPTIMAL,0,DARK,30.9,30.36,56.73,19.82,5,PUMP_MIST_HIGH,36.559,27.9,47.36,74.73,2
2,WARM,0,VERY_DRY,2,OPTIMAL,0,DARK,30.63,30.33,56.21,16.67,5,PUMP_MIST_HIGH,38.46,27.63,47.33,74.21,3
2,WARM,0,VERY_DRY,2,OPTIMAL,1,LOW,29.74,30.64,56.72,45.8,0,OFF,38.374,29.74,30.64,56.72,0
2,WARM,0,VERY_DRY,2,OPTIMAL,1,LOW,30.75,27.18,59.73,44.67,0,OFF,20.669,30.75,27.18,59.73,1
2,WARM,0,VERY_DRY,2,OPTIMAL,1,LOW,30.49,29.26,62.61,35.04,0,OFF,18.757,30.49,29.26,62.61,2
2,WARM,0,VERY_DRY,2,OPTIMAL,1,LOW,29.31,27.1,62.25,41.75,0,OFF,27.854,29.31,27.1,62.25,3
2,WARM,0,VERY_DRY,2,OPTIMAL,1,LOW,29.86,30.31,59.8,44.68,1,MIST_LOW,70.496,28.66,39.31,60.8,0
2,WARM,0,VERY_DRY,2,OPTIMAL,1,LOW,29.56,33.35,62.83,35.74,1,MIST_LOW,69.96,28.36,42.35,63.83,1
2,WARM,0,VERY_DRY,2,OPTIMAL,1,LOW,29.56,31.06,60.45,44.21,1,MIST_LOW,71.317,28.36,40.06,61.45,2
2,WARM,0,VERY_DRY,2,OPTIMAL,1,LOW,30.21,33.82,60.92,43.9,1,MIST_LOW,72.65,29.01,42.82,61.92,3
2,WARM,0,VERY_DRY,2,OPTIMAL,1,LOW,29.71,32.59,61.81,45.89,2,MIST_HIGH,83.034,27.41,48.59,63.81,0
2,WARM,0,VERY_DRY,2,OPTIMAL,1,LOW,30.12,30.16,58.75,37.06,2,MIST_HIGH,84.232,27.82,46.16,60.75,1
2,WARM,0,VERY_DRY,2,OPTIMAL,1,LOW,30.14,33.54,60.4,42.21,2,MIST_HIGH,86.135,27.84,49.54,62.4,2
2,WARM,0,VERY_DRY,2,OPTIMAL,1,LOW,30.81,29.91,56.25,44.04,2,MIST_HIGH,86.908,28.51,45.91,58.25,3
2,WARM,0,VERY_DRY,2,OPTIMAL,1,LOW,29.65,33.5,58.23,43.83,3,PUMP,19.802,29.35,35.5,76.23,0
2,WARM,0,VERY_DRY,2,OPTIMAL,1,LOW,29.21,28.81,57.08,43.02,3,PUMP,16.104,28.91,30.81,75.08,1
2,WARM,0,VERY_DRY,2,OPTIMAL,1,LOW,28.9,31.12,57.54,44.01,3,PUMP,19.858,28.6,33.12,75.54,2
2,WARM,0,VERY_DRY,2,OPTIMAL,1,LOW,31.11,27.51,53.01,43.52,3,PUMP,8.517,30.81,29.51,71.01,3
2,WARM,0,VERY_DRY,2,OPTIMAL,1,LOW,30.01,26.86,54.44,34.87,4,PUMP_MIST_LOW,48.908,28.51,36.86,69.44,0
2,WARM,0,VERY_DRY,2,OPTIMAL,1,LOW,31.26,27.93,57.06,43.9,4,PUMP_MIST_LOW,31.134,29.76,37.93,72.06,1
2,WARM,0,VERY_DRY,2,OPTIMAL,1,LOW,30.12,26.77,61.14,34.28,4,PUMP_MIST_LOW,24.356,28.62,36.77,76.14,2
2,WARM,0,VERY_DRY,2,OPTIMAL,1,LOW,28.69,26.97,54.86,43.31,4,PUMP_MIST_LOW,52.451,27.19,36.97,69.86,3
2,WARM,0,VERY_DRY,2,OPTIMAL,1,LOW,28.8,28.03,62.51,39.06,5,PUMP_MIST_HIGH,29.732,26.3,44.03,80.51,0
2,WARM,0,VERY_DRY,2,OPTIMAL,1,LOW,29.6,29.22,59.98,37.6,5,PUMP_MIST_HIGH,38.881,27.1,45.22,77.98,1
2,WARM,0,VERY_DRY,2,OPTIMAL,1,LOW,29.69,27.67,57.29,41.08,5,PUMP_MIST_HIGH,41.775,27.19,43.67,75.29,2
2,WARM,0,VERY_DRY,2,OPTIMAL,1,LOW,29.94,30.92,53.42,39.9,5,PUMP_MIST_HIGH,54.283,27.44,46.92,71.42,3
2,WARM,0,VERY_DRY,2,OPTIMAL,2,MEDIUM,28.69,28.56,53.31,64.41,0,OFF,22.241,29.19,26.56,51.31,0
2,WARM,0,VERY_DRY,2,OPTIMAL,2,MEDIUM,31.01,29.07,58.39,57.18,0,OFF,18.295,31.51,27.07,56.39,1
2,WARM,0,VERY_DRY,2,OPTIMAL,2,MEDIUM,30.53,30.96,56.51,67.66,0,OFF,18.921,31.03,28.96,54.51,2
2,WARM,0,VERY_DRY,2,OPTIMAL,2,MEDIUM,29.97,26.22,53.39,61.85,0,OFF,6.549,30.47,24.22,51.39,3
2,WARM,0,VERY_DRY,2,OPTIMAL,2,MEDIUM,31.14,29.8,58.44,57.0,1,MIST_LOW,57.5,30.44,36.8,57.44,0
2,WARM,0,VERY_DRY,2,OPTIMAL,2,MEDIUM,30.63,31.72,62.22,61.46,1,MIST_LOW,64.622,29.93,38.72,61.22,1
2,WARM,0,VERY_DRY,2,OPTIMAL,2,MEDIUM,30.7,27.93,62.84,56.41,1,MIST_LOW,57.034,30.0,34.93,61.84,2
2,WARM,0,VERY_DRY,2,OPTIMAL,2,MEDIUM,29.47,32.22,61.55,58.6,1,MIST_LOW,70.544,28.77,39.22,60.55,3
2,WARM,0,VERY_DRY,2,OPTIMAL,2,MEDIUM,29.75,26.08,54.28,66.35,2,MIST_HIGH,72.089,27.95,40.08,54.28,0
2,WARM,0,VERY_DRY,2,OPTIMAL,2,MEDIUM,30.79,33.48,57.44,62.02,2,MIST_HIGH,87.252,28.99,47.48,57.44,1
2,WARM,0,VERY_DRY,2,OPTIMAL,2,MEDIUM,29.9,31.58,56.88,67.1,2,MIST_HIGH,85.865,28.1,45.58,56.88,2
2,WARM,0,VERY_DRY,2,OPTIMAL,2,MEDIUM,30.43,26.39,58.86,64.38,2,MIST_HIGH,76.407,28.63,40.39,58.86,3
2,WARM,0,VERY_DRY,2,OPTIMAL,2,MEDIUM,29.98,33.22,55.93,57.95,3,PUMP,14.528,30.18,33.22,71.93,0
2,WARM,0,VERY_DRY,2,OPTIMAL,2,MEDIUM,29.41,28.65,54.1,57.86,3,PUMP,20.878,29.61,28.65,70.1,1
2,WARM,0,VERY_DRY,2,OPTIMAL,2,MEDIUM,30.94,27.59,57.86,56.07,3,PUMP,-1.625,31.14,27.59,73.86,2
2,WARM,0,VERY_DRY,2,OPTIMAL,2,MEDIUM,30.77,32.45,62.05,65.27,3,PUMP,-2.097,30.97,32.45,78.05,3
2,WARM,0,VERY_DRY,2,OPTIMAL,2,MEDIUM,28.72,27.46,56.4,64.2,4,PUMP_MIST_LOW,49.284,27.72,35.46,69.4,0
2,WARM,0,VERY_DRY,2,OPTIMAL,2,MEDIUM,30.97,27.83,57.45,64.41,4,PUMP_MIST_LOW,30.494,29.97,35.83,70.45,1
2,WARM,0,VERY_DRY,2,OPTIMAL,2,MEDIUM,31.15,26.81,54.39,64.88,4,PUMP_MIST_LOW,36.688,30.15,34.81,67.39,2
2,WARM,0,VERY_DRY,2,OPTIMAL,2,MEDIUM,31.25,30.5,57.38,60.4,4,PUMP_MIST_LOW,26.001,30.25,38.5,70.38,3
2,WARM,0,VERY_DRY,2,OPTIMAL,2,MEDIUM,30.56,26.16,58.25,64.33,5,PUMP_MIST_HIGH,33.952,28.56,40.16,74.25,0
2,WARM,0,VERY_DRY,2,OPTIMAL,2,MEDIUM,30.38,26.85,57.74,59.35,5,PUMP_MIST_HIGH,36.706,28.38,40.85,73.74,1
2,WARM,0,VERY_DRY,2,OPTIMAL,2,MEDIUM,30.16,29.38,53.65,59.15,5,PUMP_MIST_HIGH,60.023,28.16,43.38,69.65,2
2,WARM,0,VERY_DRY,2,OPTIMAL,2,MEDIUM,31.26,28.86,57.01,67.03,5,PUMP_MIST_HIGH,38.63,29.26,42.86,73.01,3
2,WARM,0,VERY_DRY,2,OPTIMAL,3,BRIGHT,31.14,33.0,54.21,83.94,0,OFF,8.505,32.14,29.0,51.21,0
2,WARM,0,VERY_DRY,2,OPTIMAL,3,BRIGHT,30.2,31.32,57.46,93.96,0,OFF,15.645,31.2,27.32,54.46,1
2,WARM,0,VERY_DRY,2,OPTIMAL,3,BRIGHT,29.65,28.1,53.67,91.48,0,OFF,4.305,30.65,24.1,50.67,2
2,WARM,0,VERY_DRY,2,OPTIMAL,3,BRIGHT,29.12,29.31,58.6,84.79,0,OFF,18.261,30.12,25.31,55.6,3
2,WARM,0,VERY_DRY,2,OPTIMAL,3,BRIGHT,29.01,27.07,60.01,82.13,1,MIST_LOW,64.274,28.81,32.07,58.01,0
2,WARM,0,VERY_DRY,2,OPTIMAL,3,BRIGHT,28.77,32.3,54.13,89.99,1,MIST_LOW,61.138,28.57,37.3,52.13,1
2,WARM,0,VERY_DRY,2,OPTIMAL,3,BRIGHT,30.24,26.07,61.8,83.64,1,MIST_LOW,58.999,30.04,31.07,59.8,2
2,WARM,0,VERY_DRY,2,OPTIMAL,3,BRIGHT,31.18,32.88,61.01,84.26,1,MIST_LOW,68.56,30.98,37.88,59.01,3
2,WARM,0,VERY_DRY,2,OPTIMAL,3,BRIGHT,29.93,29.83,53.99,86.65,2,MIST_HIGH,69.994,28.63,41.83,52.99,0
2,WARM,0,VERY_DRY,2,OPTIMAL,3,BRIGHT,30.37,30.33,61.04,83.75,2,MIST_HIGH,87.613,29.07,42.33,60.04,1
2,WARM,0,VERY_DRY,2,OPTIMAL,3,BRIGHT,28.96,30.08,61.61,82.82,2,MIST_HIGH,78.544,27.66,42.08,60.61,2
2,WARM,0,VERY_DRY,2,OPTIMAL,3,BRIGHT,30.04,33.9,58.66,84.96,2,MIST_HIGH,97.968,28.74,45.9,57.66,3
2,WARM,0,VERY_DRY,2,OPTIMAL,3,BRIGHT,30.71,32.72,56.62,84.7,3,PUMP,7.242,31.41,30.72,71.62,0
2,WARM,0,VERY_DRY,2,OPTIMAL,3,BRIGHT,29.33,26.48,57.32,92.45,3,PUMP,0.183,30.03,24.48,72.32,1
2,WARM,0,VERY_DRY,2,OPTIMAL,3,BRIGHT,30.79,26.22,59.72,93.17,3,PUMP,-9.905,31.49,24.22,74.72,2
2,WARM,0,VERY_DRY,2,OPTIMAL,3,BRIGHT,29.69,30.85,61.67,90.98,3,PUMP,-3.105,30.39,28.85,76.67,3
2,WARM,0,VERY_DRY,2,OPTIMAL,3,BRIGHT,28.96,30.92,60.9,92.66,4,PUMP_MIST_LOW,31.91,28.46,36.92,72.9,0
2,WARM,0,VERY_DRY,2,OPTIMAL,3,BRIGHT,30.41,32.04,54.57,89.19,4,PUMP_MIST_LOW,64.358,29.91,38.04,66.57,1
2,WARM,0,VERY_DRY,2,OPTIMAL,3,BRIGHT,29.41,32.18,57.33,82.37,4,PUMP_MIST_LOW,50.011,28.91,38.18,69.33,2
2,WARM,0,VERY_DRY,2,OPTIMAL,3,BRIGHT,28.79,26.68,61.92,83.75,4,PUMP_MIST_LOW,23.547,28.29,32.68,73.92,3
2,WARM,0,VERY_DRY,2,OPTIMAL,3,BRIGHT,30.4,28.96,56.93,87.57,5,PUMP_MIST_HIGH,51.004,28.9,40.96,71.93,0
2,WARM,0,VERY_DRY,2,OPTIMAL,3,BRIGHT,30.86,33.34,56.03,88.42,5,PUMP_MIST_HIGH,58.417,29.36,45.34,71.03,1
2,WARM,0,VERY_DRY,2,OPTIMAL,3,BRIGHT,29.52,28.47,62.48,88.14,5,PUMP_MIST_HIGH,29.375,28.02,40.47,77.48,2
2,WARM,0,VERY_DRY,2,OPTIMAL,3,BRIGHT,29.68,32.97,59.88,90.34,5,PUMP_MIST_HIGH,41.514,28.18,44.97,74.88,3
2,WARM,0,VERY_DRY,3,WET,0,DARK,31.19,30.84,83.61,15.89,0,OFF,-31.829,30.69,31.84,83.61,0
2,WARM,0,VERY_DRY,3,WET,0,DARK,29.91,26.73,81.9,13.11,0,OFF,-22.744,29.41,27.73,81.9,1
2,WARM,0,VERY_DRY,3,WET,0,DARK,30.05,31.05,79.52,12.22,0,OFF,-11.254,29.55,32.05,79.52,2
2,WARM,0,VERY_DRY,3,WET,0,DARK,29.36,28.31,82.14,12.76,0,OFF,-18.936,28.86,29.31,82.14,3
2,WARM,0,VERY_DRY,3,WET,0,DARK,31.14,33.26,82.66,13.18,1,MIST_LOW,16.33,29.44,43.26,83.66,0
2,WARM,0,VERY_DRY,3,WET,0,DARK,29.46,32.61,82.18,13.94,1,MIST_LOW,21.673,27.76,42.61,83.18,1
2,WARM,0,VERY_DRY,3,WET,0,DARK,29.34,29.39,83.59,18.22,1,MIST_LOW,13.939,27.64,39.39,84.59,2
2,WARM,0,VERY_DRY,3,WET,0,DARK,31.09,27.11,84.7,12.54,1,MIST_LOW,2.355,29.39,37.11,85.7,3
2,WARM,0,VERY_DRY,3,WET,0,DARK,30.52,28.89,82.43,12.85,2,MIST_HIGH,14.412,27.72,45.89,84.43,0
2,WARM,0,VERY_DRY,3,WET,0,DARK,30.83,30.65,78.73,17.7,2,MIST_HIGH,23.994,28.03,47.65,80.73,1
2,WARM,0,VERY_DRY,3,WET,0,DARK,31.05,31.11,79.06,18.48,2,MIST_HIGH,23.343,28.25,48.11,81.06,2
2,WARM,0,VERY_DRY,3,WET,0,DARK,30.93,27.46,83.47,14.96,2,MIST_HIGH,8.646,28.13,44.46,85.47,3
2,WARM,0,VERY_DRY,3,WET,0,DARK,29.29,29.87,79.71,15.82,3,PUMP,-54.747,28.49,32.87,97.71,0
2,WARM,0,VERY_DRY,3,WET,0,DARK,30.1,27.17,83.06,12.03,3,PUMP,-66.502,29.3,30.17,100.0,1
2,WARM,0,VERY_DRY,3,WET,0,DARK,31.31,32.5,86.84,9.04,3,PUMP,-69.812,30.51,35.5,100.0,2
2,WARM,0,VERY_DRY,3,WET,0,DARK,29.13,33.47,86.28,14.46,3,PUMP,-53.296,28.33,36.47,100.0,3
2,WARM,0,VERY_DRY,3,WET,0,DARK,31.37,30.67,79.77,15.81,4,PUMP_MIST_LOW,-37.347,29.37,41.67,94.77,0
2,WARM,0,VERY_DRY,3,WET,0,DARK,29.16,26.41,81.28,20.78,4,PUMP_MIST_LOW,-40.234,27.16,37.41,96.28,1
2,WARM,0,VERY_DRY,3,WET,0,DARK,30.27,29.81,80.87,10.43,4,PUMP_MIST_LOW,-37.481,28.27,40.81,95.87,2
2,WARM,0,VERY_DRY,3,WET,0,DARK,29.11,28.89,85.01,9.65,4,PUMP_MIST_LOW,-43.918,27.11,39.89,100.0,3
2,WARM,0,VERY_DRY,3,WET,0,DARK,30.97,28.22,82.48,12.22,5,PUMP_MIST_HIGH,-48.161,27.97,45.22,100.0,0
2,WARM,0,VERY_DRY,3,WET,0,DARK,30.79,33.41,83.87,11.46,5,PUMP_MIST_HIGH,-39.294,27.79,50.41,100.0,1
2,WARM,0,VERY_DRY,3,WET,0,DARK,31.1,30.53,77.1,13.05,5,PUMP_MIST_HIGH,-34.561,28.1,47.53,95.1,2
2,WARM,0,VERY_DRY,3,WET,0,DARK,30.35,28.22,81.3,11.77,5,PUMP_MIST_HIGH,-44.692,27.35,45.22,99.3,3
2,WARM,0,VERY_DRY,3,WET,1,LOW,30.33,30.56,79.67,40.63,0,OFF,-24.458,30.33,30.56,79.67,0
2,WARM,0,VERY_DRY,3,WET,1,LOW,30.95,27.21,82.54,37.8,0,OFF,-37.839,30.95,27.21,82.54,1
2,WARM,0,VERY_DRY,3,WET,1,LOW,29.22,32.45,85.25,36.44,0,OFF,-21.604,29.22,32.45,85.25,2
2,WARM,0,VERY_DRY,3,WET,1,LOW,30.33,33.64,77.91,42.89,0,OFF,-15.839,30.33,33.64,77.91,3
2,WARM,0,VERY_DRY,3,WET,1,LOW,31.34,28.16,81.86,35.15,1,MIST_LOW,-2.008,30.14,37.16,82.86,0
2,WARM,0,VERY_DRY,3,WET,1,LOW,30.97,27.77,81.6,35.99,1,MIST_LOW,7.124,29.77,36.77,82.6,1
2,WARM,0,VERY_DRY,3,WET,1,LOW,29.09,27.76,78.07,36.87,1,MIST_LOW,20.53,27.89,36.76,79.07,2
2,WARM,0,VERY_DRY,3,WET,1,LOW,29.46,30.64,83.0,38.64,1,MIST_LOW,13.581,28.26,39.64,84.0,3
2,WARM,0,VERY_DRY,3,WET,1,LOW,29.2,26.8,77.82,42.55,2,MIST_HIGH,31.135,26.9,42.8,79.82,0
2,WARM,0,VERY_DRY,3,WET,1,LOW,29.84,31.91,80.84,41.38,2,MIST_HIGH,31.562,27.54,47.91,82.84,1
2,WARM,0,VERY_DRY,3,WET,1,LOW,29.66,30.33,79.72,44.58,2,MIST_HIGH,31.956,27.36,46.33,81.72,2
2,WARM,0,VERY_DRY,3,WET,1,LOW,29.98,32.32,82.24,37.86,2,MIST_HIGH,28.84,27.68,48.32,84.24,3
2,WARM,0,VERY_DRY,3,WET,1,LOW,30.0,30.93,85.38,41.28,3,PUMP,-63.351,29.7,32.93,100.0,0
2,WARM,0,VERY_DRY,3,WET,1,LOW,29.64,31.63,83.01,42.39,3,PUMP,-61.097,29.34,33.63,100.0,1
2,WARM,0,VERY_DRY,3,WET,1,LOW,29.66,32.3,79.07,37.77,3,PUMP,-53.906,29.36,34.3,97.07,2
2,WARM,0,VERY_DRY,3,WET,1,LOW,29.73,27.99,79.91,36.77,3,PUMP,-62.81,29.43,29.99,97.91,3
2,WARM,0,VERY_DRY,3,WET,1,LOW,30.28,29.76,77.24,45.22,4,PUMP_MIST_LOW,-33.197,28.78,39.76,92.24,0
2,WARM,0,VERY_DRY,3,WET,1,LOW,29.28,31.58,81.52,43.6,4,PUMP_MIST_LOW,-36.075,27.78,41.58,96.52,1
2,WARM,0,VERY_DRY,3,WET,1,LOW,29.69,28.76,80.81,39.89,4,PUMP_MIST_LOW,-40.386,28.19,38.76,95.81,2
2,WARM,0,VERY_DRY,3,WET,1,LOW,30.63,33.27,77.89,37.06,4,PUMP_MIST_LOW,-30.05,29.13,43.27,92.89,3
2,WARM,0,VERY_DRY,3,WET,1,LOW,29.24,28.93,86.97,39.74,5,PUMP_MIST_HIGH,-36.34,26.74,44.93,100.0,0
2,WARM,0,VERY_DRY,3,WET,1,LOW,29.07,32.83,83.45,41.19,5,PUMP_MIST_HIGH,-30.643,26.57,48.83,100.0,1
2,WARM,0,VERY_DRY,3,WET,1,LOW,30.87,32.77,86.79,38.37,5,PUMP_MIST_HIGH,-33.751,28.37,48.77,100.0,2
2,WARM,0,VERY_DRY,3,WET,1,LOW,30.73,26.72,86.16,35.11,5,PUMP_MIST_HIGH,-42.984,28.23,42.72,100.0,3
2,WARM,0,VERY_DRY,3,WET,2,MEDIUM,30.55,26.4,77.79,67.18,0,OFF,-28.474,31.05,24.4,75.79,0
2,WARM,0,VERY_DRY,3,WET,2,MEDIUM,29.87,28.35,85.59,59.34,0,OFF,-39.556,30.37,26.35,83.59,1
2,WARM,0,VERY_DRY,3,WET,2,MEDIUM,31.16,27.83,80.12,62.25,0,OFF,-33.038,31.66,25.83,78.12,2
2,WARM,0,VERY_DRY,3,WET,2,MEDIUM,29.25,26.74,77.52,63.86,0,OFF,-15.211,29.75,24.74,75.52,3
2,WARM,0,VERY_DRY,3,WET,2,MEDIUM,30.8,33.63,86.42,58.11,1,MIST_LOW,-1.67,30.1,40.63,85.42,0
2,WARM,0,VERY_DRY,3,WET,2,MEDIUM,30.13,33.54,85.95,58.83,1,MIST_LOW,9.275,29.43,40.54,84.95,1
2,WARM,0,VERY_DRY,3,WET,2,MEDIUM,30.86,27.56,84.13,56.81,1,MIST_LOW,-6.779,30.16,34.56,83.13,2
2,WARM,0,VERY_DRY,3,WET,2,MEDIUM,28.88,32.54,78.79,57.49,1,MIST_LOW,26.718,28.18,39.54,77.79,3
2,WARM,0,VERY_DRY,3,WET,2,MEDIUM,29.9,32.09,84.23,57.83,2,MIST_HIGH,23.947,28.1,46.09,84.23,0
2,WARM,0,VERY_DRY,3,WET,2,MEDIUM,31.21,27.97,77.09,66.26,2,MIST_HIGH,28.149,29.41,41.97,77.09,1
2,WARM,0,VERY_DRY,3,WET,2,MEDIUM,30.75,30.11,77.21,62.05,2,MIST_HIGH,32.808,28.95,44.11,77.21,2
2,WARM,0,VERY_DRY,3,WET,2,MEDIUM,28.76,27.08,77.48,57.87,2,MIST_HIGH,33.481,26.96,41.08,77.48,3
2,WARM,0,VERY_DRY,3,WET,2,MEDIUM,28.97,32.89,85.34,62.89,3,PUMP,-61.716,29.17,32.89,100.0,0
2,WARM,0,VERY_DRY,3,WET,2,MEDIUM,29.38,27.97,78.75,57.32,3,PUMP,-59.894,29.58,27.97,94.75,1
2,WARM,0,VERY_DRY,3,WET,2,MEDIUM,29.3,31.12,84.55,56.8,3,PUMP,-65.59,29.5,31.12,100.0,2
2,WARM,0,VERY_DRY,3,WET,2,MEDIUM,29.66,26.0,81.61,65.59,3,PUMP,-69.911,29.86,26.0,97.61,3
2,WARM,0,VERY_DRY,3,WET,2,MEDIUM,30.5,29.16,82.41,60.85,4,PUMP_MIST_LOW,-46.305,29.5,37.16,95.41,0
2,WARM,0,VERY_DRY,3,WET,2,MEDIUM,30.07,33.7,86.43,60.25,4,PUMP_MIST_LOW,-46.119,29.07,41.7,99.43,1
2,WARM,0,VERY_DRY,3,WET,2,MEDIUM,30.3,31.75,84.49,65.02,4,PUMP_MIST_LOW,-45.887,29.3,39.75,97.49,2
2,WARM,0,VERY_DRY,3,WET,2,MEDIUM,30.07,29.26,82.03,62.0,4,PUMP_MIST_LOW,-43.958,29.07,37.26,95.03,3
2,WARM,0,VERY_DRY,3,WET,2,MEDIUM,30.85,27.66,83.0,60.41,5,PUMP_MIST_HIGH,-44.579,28.85,41.66,99.0,0
2,WARM,0,VERY_DRY,3,WET,2,MEDIUM,29.44,30.84,81.12,60.51,5,PUMP_MIST_HIGH,-31.018,27.44,44.84,97.12,1
2,WARM,0,VERY_DRY,3,WET,2,MEDIUM,29.65,28.52,78.99,56.19,5,PUMP_MIST_HIGH,-30.914,27.65,42.52,94.99,2
2,WARM,0,VERY_DRY,3,WET,2,MEDIUM,29.82,31.11,78.47,66.38,5,PUMP_MIST_HIGH,-26.241,27.82,45.11,94.47,3
2,WARM,0,VERY_DRY,3,WET,3,BRIGHT,30.81,31.99,83.49,85.62,0,OFF,-35.044,31.81,27.99,80.49,0
2,WARM,0,VERY_DRY,3,WET,3,BRIGHT,29.28,26.13,79.27,87.27,0,OFF,-30.67,30.28,22.13,76.27,1
2,WARM,0,VERY_DRY,3,WET,3,BRIGHT,29.96,29.73,81.65,92.59,0,OFF,-32.082,30.96,25.73,78.65,2
2,WARM,0,VERY_DRY,3,WET,3,BRIGHT,29.9,29.33,77.51,93.37,0,OFF,-23.827,30.9,25.33,74.51,3
2,WARM,0,VERY_DRY,3,WET,3,BRIGHT,31.11,33.38,79.95,82.64,1,MIST_LOW,19.79,30.91,38.38,77.95,0
2,WARM,0,VERY_DRY,3,WET,3,BRIGHT,29.9,29.09,83.53,87.2,1,MIST_LOW,5.279,29.7,34.09,81.53,1
2,WARM,0,VERY_DRY,3,WET,3,BRIGHT,30.28,28.84,82.13,87.73,1,MIST_LOW,10.637,30.08,33.84,80.13,2
2,WARM,0,VERY_DRY,3,WET,3,BRIGHT,31.22,32.95,81.79,86.23,1,MIST_LOW,14.901,31.02,37.95,79.79,3
2,WARM,0,VERY_DRY,3,WET,3,BRIGHT,29.14,33.38,78.66,93.91,2,MIST_HIGH,37.423,27.84,45.38,77.66,0
2,WARM,0,VERY_DRY,3,WET,3,BRIGHT,29.01,31.69,79.7,82.3,2,MIST_HIGH,32.973,27.71,43.69,78.7,1
2,WARM,0,VERY_DRY,3,WET,3,BRIGHT,29.21,30.17,77.24,86.84,2,MIST_HIGH,35.044,27.91,42.17,76.24,2
2,WARM,0,VERY_DRY,3,WET,3,BRIGHT,30.84,29.68,83.22,85.42,2,MIST_HIGH,28.52,29.54,41.68,82.22,3
2,WARM,0,VERY_DRY,3,WET,3,BRIGHT,28.74,30.14,78.23,87.26,3,PUMP,-55.988,29.44,28.14,93.23,0
2,WARM,0,VERY_DRY,3,WET,3,BRIGHT,29.97,32.11,77.36,91.35,3,PUMP,-62.913,30.67,30.11,92.36,1
2,WARM,0,VERY_DRY,3,WET,3,BRIGHT,30.64,30.53,77.67,93.62,3,PUMP,-68.253,31.34,28.53,92.67,2
2,WARM,0,VERY_DRY,3,WET,3,BRIGHT,31.21,29.02,83.61,87.28,3,PUMP,-84.955,31.91,27.02,98.61,3
2,WARM,0,VERY_DRY,3,WET,3,BRIGHT,30.62,28.14,78.42,92.98,4,PUMP_MIST_LOW,-38.661,30.12,34.14,90.42,0
2,WARM,0,VERY_DRY,3,WET,3,BRIGHT,28.86,29.07,80.94,82.5,4,PUMP_MIST_LOW,-40.824,28.36,35.07,92.94,1
2,WARM,0,VERY_DRY,3,WET,3,BRIGHT,29.45,33.63,78.94,88.83,4,PUMP_MIST_LOW,-31.213,28.95,39.63,90.94,2
2,WARM,0,VERY_DRY,3,WET,3,BRIGHT,29.77,32.61,78.52,88.56,4,PUMP_MIST_LOW,-32.974,29.27,38.61,90.52,3
2,WARM,0,VERY_DRY,3,WET,3,BRIGHT,29.31,33.33,77.01,82.79,5,PUMP_MIST_HIGH,-20.692,27.81,45.33,92.01,0
2,WARM,0,VERY_DRY,3,WET,3,BRIGHT,31.0,28.12,81.83,82.79,5,PUMP_MIST_HIGH,-32.553,29.5,40.12,96.83,1
2,WARM,0,VERY_DRY,3,WET,3,BRIGHT,29.91,33.85,86.25,87.92,5,PUMP_MIST_HIGH,-38.557,28.41,45.85,100.0,2
2,WARM,0,VERY_DRY,3,WET,3,BRIGHT,28.82,29.68,85.99,89.4,5,PUMP_MIST_HIGH,-41.754,27.32,41.68,100.0,3
2,WARM,1,DRY,0,VERY_DRY,0,DARK,31.34,50.8,19.56,12.1,0,OFF,-44.339,30.84,51.8,19.56,0
2,WARM,1,DRY,0,VERY_DRY,0,DARK,30.16,51.11,18.14,12.97,0,OFF,-35.041,29.66,52.11,18.14,1
2,WARM,1,DRY,0,VERY_DRY,0,DARK,30.46,48.21,16.68,19.02,0,OFF,-43.713,29.96,49.21,16.68,2
2,WARM,1,DRY,0,VERY_DRY,0,DARK,30.25,49.46,18.06,18.34,0,OFF,-38.137,29.75,50.46,18.06,3
2,WARM,1,DRY,0,VERY_DRY,0,DARK,29.29,50.52,14.34,12.27,1,MIST_LOW,-12.835,27.59,60.52,15.34,0
2,WARM,1,DRY,0,VERY_DRY,0,DARK,31.23,46.4,19.73,20.9,1,MIST_LOW,-14.327,29.53,56.4,20.73,1
2,WARM,1,DRY,0,VERY_DRY,0,DARK,28.74,48.73,18.02,12.09,1,MIST_LOW,-6.231,27.04,58.73,19.02,2
2,WARM,1,DRY,0,VERY_DRY,0,DARK,30.91,48.44,18.44,11.63,1,MIST_LOW,-12.725,29.21,58.44,19.44,3
2,WARM,1,DRY,0,VERY_DRY,0,DARK,31.28,47.71,11.53,10.18,2,MIST_HIGH,-31.453,28.48,64.71,13.53,0
2,WARM,1,DRY,0,VERY_DRY,0,DARK,30.12,46.9,17.43,14.03,2,MIST_HIGH,-14.072,27.32,63.9,19.43,1
2,WARM,1,DRY,0,VERY_DRY,0,DARK,29.53,44.65,11.62,14.77,2,MIST_HIGH,-23.623,26.73,61.65,13.62,2
2,WARM,1,DRY,0,VERY_DRY,0,DARK,31.2,44.53,13.14,19.67,2,MIST_HIGH,-24.237,28.4,61.53,15.14,3
2,WARM,1,DRY,0,VERY_DRY,0,DARK,29.82,50.52,11.54,14.68,3,PUMP,28.205,29.02,53.52,29.54,0
2,WARM,1,DRY,0,VERY_DRY,0,DARK,28.69,51.5,11.18,11.83,3,PUMP,32.65,27.89,54.5,29.18,1
2,WARM,1,DRY,0,VERY_DRY,0,DARK,31.06,47.93,19.58,16.06,3,PUMP,28.983,30.26,50.93,37.58,2
2,WARM,1,DRY,0,VERY_DRY,0,DARK,29.73,50.8,12.86,16.33,3,PUMP,31.697,28.93,53.8,30.86,3
2,WARM,1,DRY,0,VERY_DRY,0,DARK,29.06,45.27,13.27,13.52,4,PUMP_MIST_LOW,44.21,27.06,56.27,28.27,0
2,WARM,1,DRY,0,VERY_DRY,0,DARK,28.83,44.66,17.96,9.1,4,PUMP_MIST_LOW,52.733,26.83,55.66,32.96,1
2,WARM,1,DRY,0,VERY_DRY,0,DARK,30.11,47.94,10.92,20.64,4,PUMP_MIST_LOW,40.183,28.11,58.94,25.92,2
2,WARM,1,DRY,0,VERY_DRY,0,DARK,30.86,49.18,19.92,9.03,4,PUMP_MIST_LOW,58.662,28.86,60.18,34.92,3
2,WARM,1,DRY,0,VERY_DRY,0,DARK,29.1,45.07,19.84,13.4,5,PUMP_MIST_HIGH,60.66,26.1,62.07,37.84,0
2,WARM,1,DRY,0,VERY_DRY,0,DARK,30.52,50.61,13.57,15.86,5,PUMP_MIST_HIGH,39.856,27.52,67.61,31.57,1
2,WARM,1,DRY,0,VERY_DRY,0,DARK,28.71,51.14,13.3,9.47,5,PUMP_MIST_HIGH,35.986,25.71,68.14,31.3,2
2,WARM,1,DRY,0,VERY_DRY,0,DARK,30.23,51.91,16.14,18.86,5,PUMP_MIST_HIGH,44.11,27.23,68.91,34.14,3
2,WARM,1,DRY,0,VERY_DRY,1,LOW,29.14,45.36,13.91,45.92,0,OFF,-53.059,29.14,45.36,13.91,0
2,WARM,1,DRY,0,VERY_DRY,1,LOW,28.9,48.75,16.15,40.31,0,OFF,-42.164,28.9,48.75,16.15,1
2,WARM,1,DRY,0,VERY_DRY,1,LOW,30.93,46.28,10.65,41.27,0,OFF,-72.168,30.93,46.28,10.65,2
2,WARM,1,DRY,0,VERY_DRY,1,LOW,29.33,49.15,17.0,35.15,0,OFF,-41.114,29.33,49.15,17.0,3
2,WARM,1,DRY,0,VERY_DRY,1,LOW,30.3,49.51,10.32,44.23,1,MIST_LOW,-29.322,29.1,58.51,11.32,0
2,WARM,1,DRY,0,VERY_DRY,1,LOW,30.46,49.56,18.1,38.31,1,MIST_LOW,-13.428,29.26,58.56,19.1,1
2,WARM,1,DRY,0,VERY_DRY,1,LOW,30.02,46.35,17.06,38.81,1,MIST_LOW,-19.362,28.82,55.35,18.06,2
2,WARM,1,DRY,0,VERY_DRY,1,LOW,30.86,45.88,19.85,37.71,1,MIST_LOW,-24.924,29.66,54.88,20.85,3
2,WARM,1,DRY,0,VERY_DRY,1,LOW,29.51,45.93,11.49,35.86,2,MIST_HIGH,-13.283,27.21,61.93,13.49,0
2,WARM,1,DRY,0,VERY_DRY,1,LOW,28.82,48.7,11.18,35.29,2,MIST_HIGH,-18.978,26.52,64.7,13.18,1
2,WARM,1,DRY,0,VERY_DRY,1,LOW,29.86,45.19,10.73,43.24,2,MIST_HIGH,-17.129,27.56,61.19,12.73,2
2,WARM,1,DRY,0,VERY_DRY,1,LOW,30.53,48.63,17.19,39.22,2,MIST_HIGH,-8.645,28.23,64.63,19.19,3
2,WARM,1,DRY,0,VERY_DRY,1,LOW,28.94,49.15,19.43,40.63,3,PUMP,42.183,28.64,51.15,37.43,0
2,WARM,1,DRY,0,VERY_DRY,1,LOW,30.25,51.5,12.1,39.68,3,PUMP,26.379,29.95,53.5,30.1,1
2,WARM,1,DRY,0,VERY_DRY,1,LOW,28.69,45.25,11.91,34.79,3,PUMP,20.962,28.39,47.25,29.91,2
2,WARM,1,DRY,0,VERY_DRY,1,LOW,28.69,50.82,12.52,36.24,3,PUMP,31.174,28.39,52.82,30.52,3
2,WARM,1,DRY,0,VERY_DRY,1,LOW,29.99,49.27,13.97,42.51,4,PUMP_MIST_LOW,45.895,28.49,59.27,28.97,0
2,WARM,1,DRY,0,VERY_DRY,1,LOW,29.51,45.06,13.27,45.6,4,PUMP_MIST_LOW,39.247,28.01,55.06,28.27,1
2,WARM,1,DRY,0,VERY_DRY,1,LOW,29.78,46.52,19.15,40.8,4,PUMP_MIST_LOW,53.05,28.28,56.52,34.15,2
2,WARM,1,DRY,0,VERY_DRY,1,LOW,30.56,44.06,17.83,45.45,4,PUMP_MIST_LOW,35.852,29.06,54.06,32.83,3
2,WARM,1,DRY,0,VERY_DRY,1,LOW,29.76,47.9,19.88,35.78,5,PUMP_MIST_HIGH,69.878,27.26,63.9,37.88,0
2,WARM,1,DRY,0,VERY_DRY,1,LOW,31.08,45.92,16.04,45.48,5,PUMP_MIST_HIGH,60.512,28.58,61.92,34.04,1
2,WARM,1,DRY,0,VERY_DRY,1,LOW,31.14,49.77,14.18,43.25,5,PUMP_MIST_HIGH,50.5,28.64,65.77,32.18,2
2,WARM,1,DRY,0,VERY_DRY,1,LOW,30.37,49.69,18.0,38.48,5,PUMP_MIST_HIGH,61.12,27.87,65.69,36.0,3
2,WARM,1,DRY,0,VERY_DRY,2,MEDIUM,28.61,47.86,18.24,62.01,0,OFF,-47.254,29.11,45.86,16.24,0
2,WARM,1,DRY,0,VERY_DRY,2,MEDIUM,29.19,46.66,16.59,64.84,0,OFF,-54.523,29.69,44.66,14.59,1
2,WARM,1,DRY,0,VERY_DRY,2,MEDIUM,30.01,48.25,18.9,67.92,0,OFF,-57.768,30.51,46.25,16.9,2
2,WARM,1,DRY,0,VERY_DRY,2,MEDIUM,30.31,48.9,14.35,67.4,0,OFF,-67.238,30.81,46.9,12.35,3
2,WARM,1,DRY,0,VERY_DRY,2,MEDIUM,30.84,47.64,17.19,62.57,1,MIST_LOW,-44.626,30.14,54.64,16.19,0
2,WARM,1,DRY,0,VERY_DRY,2,MEDIUM,30.11,50.05,10.45,59.99,1,MIST_LOW,-36.599,29.41,57.05,9.45,1
2,WARM,1,DRY,0,VERY_DRY,2,MEDIUM,29.74,49.02,17.92,61.69,1,MIST_LOW,-21.375,29.04,56.02,16.92,2
2,WARM,1,DRY,0,VERY_DRY,2,MEDIUM,31.06,51.43,19.14,63.31,1,MIST_LOW,-27.161,30.36,58.43,18.14,3
2,WARM,1,DRY,0,VERY_DRY,2,MEDIUM,29.25,46.52,15.91,61.39,2,MIST_HIGH,-11.186,27.45,60.52,15.91,0
2,WARM,1,DRY,0,VERY_DRY,2,MEDIUM,29.44,49.22,10.39,58.75,2,MIST_HIGH,-22.984,27.64,63.22,10.39,1
2,WARM,1,DRY,0,VERY_DRY,2,MEDIUM,31.13,46.03,12.65,62.37,2,MIST_HIGH,-24.838,29.33,60.03,12.65,2
2,WARM,1,DRY,0,VERY_DRY,2,MEDIUM,28.71,51.62,14.49,60.76,2,MIST_HIGH,-16.428,26.91,65.62,14.49,3
2,WARM,1,DRY,0,VERY_DRY,2,MEDIUM,29.8,51.67,18.02,59.28,3,PUMP,23.508,30.0,51.67,34.02,0
2,WARM,1,DRY,0,VERY_DRY,2,MEDIUM,30.88,48.37,14.17,62.02,3,PUMP,6.69,31.08,48.37,30.17,1
2,WARM,1,DRY,0,VERY_DRY,2,MEDIUM,31.27,50.36,16.4,59.67,3,PUMP,13.316,31.47,50.36,32.4,2
2,WARM,1,DRY,0,VERY_DRY,2,MEDIUM,30.28,44.41,19.89,58.56,3,PUMP,14.283,30.48,44.41,35.89,3
2,WARM,1,DRY,0,VERY_DRY,2,MEDIUM,30.45,46.3,11.16,58.82,4,PUMP_MIST_LOW,16.769,29.45,54.3,24.16,0
2,WARM,1,DRY,0,VERY_DRY,2,MEDIUM,31.37,48.49,13.29,62.54,4,PUMP_MIST_LOW,21.794,30.37,56.49,26.29,1
2,WARM,1,DRY,0,VERY_DRY,2,MEDIUM,29.16,49.48,10.8,63.76,4,PUMP_MIST_LOW,33.228,28.16,57.48,23.8,2
2,WARM,1,DRY,0,VERY_DRY,2,MEDIUM,31.25,44.17,11.3,64.99,4,PUMP_MIST_LOW,3.091,30.25,52.17,24.3,3
2,WARM,1,DRY,0,VERY_DRY,2,MEDIUM,29.32,49.26,16.72,60.99,5,PUMP_MIST_HIGH,59.859,27.32,63.26,32.72,0
2,WARM,1,DRY,0,VERY_DRY,2,MEDIUM,31.14,45.63,11.64,57.17,5,PUMP_MIST_HIGH,41.617,29.14,59.63,27.64,1
2,WARM,1,DRY,0,VERY_DRY,2,MEDIUM,31.21,46.48,15.42,62.58,5,PUMP_MIST_HIGH,50.682,29.21,60.48,31.42,2
2,WARM,1,DRY,0,VERY_DRY,2,MEDIUM,28.79,51.86,18.73,66.24,5,PUMP_MIST_HIGH,60.292,26.79,65.86,34.73,3
2,WARM,1,DRY,0,VERY_DRY,3,BRIGHT,28.61,45.92,17.79,91.53,0,OFF,-58.232,29.61,41.92,14.79,0
2,WARM,1,DRY,0,VERY_DRY,3,BRIGHT,31.24,51.72,11.13,87.42,0,OFF,-79.347,32.24,47.72,8.13,1
2,WARM,1,DRY,0,VERY_DRY,3,BRIGHT,28.94,50.13,17.8,87.58,0,OFF,-52.533,29.94,46.13,14.8,2
2,WARM,1,DRY,0,VERY_DRY,3,BRIGHT,28.94,49.34,12.78,83.0,0,OFF,-64.319,29.94,45.34,9.78,3
2,WARM,1,DRY,0,VERY_DRY,3,BRIGHT,30.81,46.83,13.88,84.27,1,MIST_LOW,-47.682,30.61,51.83,11.88,0
2,WARM,1,DRY,0,VERY_DRY,3,BRIGHT,31.25,49.8,19.11,89.44,1,MIST_LOW,-33.333,31.05,54.8,17.11,1
2,WARM,1,DRY,0,VERY_DRY,3,BRIGHT,31.31,50.13,19.92,83.95,1,MIST_LOW,-23.32,31.11,55.13,17.92,2
2,WARM,1,DRY,0,VERY_DRY,3,BRIGHT,29.56,48.18,16.9,84.33,1,MIST_LOW,-39.182,29.36,53.18,14.9,3
2,WARM,1,DRY,0,VERY_DRY,3,BRIGHT,31.38,50.06,13.51,86.08,2,MIST_HIGH,-20.455,30.08,62.06,12.51,0
2,WARM,1,DRY,0,VERY_DRY,3,BRIGHT,29.69,50.05,11.04,88.15,2,MIST_HIGH,-24.259,28.39,62.05,10.04,1
2,WARM,1,DRY,0,VERY_DRY,3,BRIGHT,30.87,45.7,11.9,89.65,2,MIST_HIGH,-21.023,29.57,57.7,10.9,2
2,WARM,1,DRY,0,VERY_DRY,3,BRIGHT,30.77,49.98,10.67,93.92,2,MIST_HIGH,-16.414,29.47,61.98,9.67,3
2,WARM,1,DRY,0,VERY_DRY,3,BRIGHT,29.23,49.26,19.13,87.93,3,PUMP,24.889,29.93,47.26,34.13,0
2,WARM,1,DRY,0,VERY_DRY,3,BRIGHT,30.76,47.1,16.43,84.39,3,PUMP,2.883,31.46,45.1,31.43,1
2,WARM,1,DRY,0,VERY_DRY,3,BRIGHT,28.72,47.62,10.04,86.27,3,PUMP,4.839,29.42,45.62,25.04,2
2,WARM,1,DRY,0,VERY_DRY,3,BRIGHT,31.37,51.47,16.49,86.99,3,PUMP,8.068,32.07,49.47,31.49,3
2,WARM,1,DRY,0,VERY_DRY,3,BRIGHT,30.95,51.76,18.62,83.02,4,PUMP_MIST_LOW,44.689,30.45,57.76,30.62,0
2,WARM,1,DRY,0,VERY_DRY,3,BRIGHT,30.96,48.76,15.61,83.4,4,PUMP_MIST_LOW,25.528,30.46,54.76,27.61,1
2,WARM,1,DRY,0,VERY_DRY,3,BRIGHT,28.98,47.95,19.96,90.71,4,PUMP_MIST_LOW,35.71,28.48,53.95,31.96,2
2,WARM,1,DRY,0,VERY_DRY,3,BRIGHT,29.55,49.0,10.32,92.02,4,PUMP_MIST_LOW,15.309,29.05,55.0,22.32,3
2,WARM,1,DRY,0,VERY_DRY,3,BRIGHT,29.49,46.5,18.22,85.52,5,PUMP_MIST_HIGH,55.199,27.99,58.5,33.22,0
2,WARM,1,DRY,0,VERY_DRY,3,BRIGHT,31.0,44.44,13.0,93.57,5,PUMP_MIST_HIGH,48.094,29.5,56.44,28.0,1
2,WARM,1,DRY,0,VERY_DRY,3,BRIGHT,28.98,46.07,13.8,83.84,5,PUMP_MIST_HIGH,46.83,27.48,58.07,28.8,2
2,WARM,1,DRY,0,VERY_DRY,3,BRIGHT,29.55,47.3,10.74,88.37,5,PUMP_MIST_HIGH,40.57,28.05,59.3,25.74,3
2,WARM,1,DRY,1,DRY,0,DARK,28.81,46.47,33.0,9.27,0,OFF,28.051,28.31,47.47,33.0,0
2,WARM,1,DRY,1,DRY,0,DARK,31.35,46.62,37.12,19.43,0,OFF,20.831,30.85,47.62,37.12,1
2,WARM,1,DRY,1,DRY,0,DARK,31.21,48.82,38.52,13.35,0,OFF,27.735,30.71,49.82,38.52,2
2,WARM,1,DRY,1,DRY,0,DARK,28.87,46.11,33.34,19.66,0,OFF,28.019,28.37,47.11,33.34,3
2,WARM,1,DRY,1,DRY,0,DARK,29.11,45.7,38.0,11.78,1,MIST_LOW,64.709,27.41,55.7,39.0,0
2,WARM,1,DRY,1,DRY,0,DARK,29.37,50.73,35.5,15.5,1,MIST_LOW,66.668,27.67,60.73,36.5,1
2,WARM,1,DRY,1,DRY,0,DARK,31.01,50.49,35.49,15.93,1,MIST_LOW,61.037,29.31,60.49,36.49,2
2,WARM,1,DRY,1,DRY,0,DARK,30.53,46.38,35.52,12.57,1,MIST_LOW,56.037,28.83,56.38,36.52,3
2,WARM,1,DRY,1,DRY,0,DARK,31.11,50.02,30.41,20.03,2,MIST_HIGH,40.044,28.31,67.02,32.41,0
2,WARM,1,DRY,1,DRY,0,DARK,29.78,49.26,32.69,9.62,2,MIST_HIGH,50.154,26.98,66.26,34.69,1
2,WARM,1,DRY,1,DRY,0,DARK,28.79,51.59,35.88,10.28,2,MIST_HIGH,49.983,25.99,68.59,37.88,2
2,WARM,1,DRY,1,DRY,0,DARK,29.94,47.75,33.61,15.5,2,MIST_HIGH,54.144,27.14,64.75,35.61,3
2,WARM,1,DRY,1,DRY,0,DARK,29.34,48.73,35.61,18.53,3,PUMP,87.42,28.54,51.73,53.61,0
2,WARM,1,DRY,1,DRY,0,DARK,28.83,45.35,36.48,15.83,3,PUMP,85.479,28.03,48.35,54.48,1
2,WARM,1,DRY,1,DRY,0,DARK,31.03,49.05,30.17,11.62,3,PUMP,63.103,30.23,52.05,48.17,2
2,WARM,1,DRY,1,DRY,0,DARK,30.58,45.35,39.57,19.37,3,PUMP,86.366,29.78,48.35,57.57,3
2,WARM,1,DRY,1,DRY,0,DARK,30.03,51.92,30.05,15.28,4,PUMP_MIST_LOW,94.057,28.03,62.92,45.05,0
2,WARM,1,DRY,1,DRY,0,DARK,29.37,50.36,37.76,11.25,4,PUMP_MIST_LOW,112.804,27.37,61.36,52.76,1
2,WARM,1,DRY,1,DRY,0,DARK,30.13,44.47,32.11,17.0,4,PUMP_MIST_LOW,89.065,28.13,55.47,47.11,2
2,WARM,1,DRY,1,DRY,0,DARK,29.14,48.22,33.44,13.85,4,PUMP_MIST_LOW,101.041,27.14,59.22,48.44,3
2,WARM,1,DRY,1,DRY,0,DARK,30.25,51.29,32.88,11.99,5,PUMP_MIST_HIGH,90.17,27.25,68.29,50.88,0
2,WARM,1,DRY,1,DRY,0,DARK,31.0,45.0,34.2,16.78,5,PUMP_MIST_HIGH,100.629,28.0,62.0,52.2,1
2,WARM,1,DRY,1,DRY,0,DARK,29.99,51.82,34.06,11.29,5,PUMP_MIST_HIGH,92.58,26.99,68.82,52.06,2
2,WARM,1,DRY,1,DRY,0,DARK,29.31,45.03,31.84,16.69,5,PUMP_MIST_HIGH,96.617,26.31,62.03,49.84,3
2,WARM,1,DRY,1,DRY,1,LOW,28.94,49.37,31.32,34.48,0,OFF,25.576,28.94,49.37,31.32,0
2,WARM,1,DRY,1,DRY,1,LOW,31.39,49.96,37.31,42.21,0,OFF,23.227,31.39,49.96,37.31,1
2,WARM,1,DRY,1,DRY,1,LOW,28.97,45.75,39.59,40.89,0,OFF,37.028,28.97,45.75,39.59,2
2,WARM,1,DRY,1,DRY,1,LOW,30.43,49.74,38.3,34.17,0,OFF,28.049,30.43,49.74,38.3,3
2,WARM,1,DRY,1,DRY,1,LOW,28.9,45.65,31.44,42.69,1,MIST_LOW,40.335,27.7,54.65,32.44,0
2,WARM,1,DRY,1,DRY,1,LOW,30.8,50.95,33.25,38.93,1,MIST_LOW,54.529,29.6,59.95,34.25,1
2,WARM,1,DRY,1,DRY,1,LOW,30.45,49.44,34.43,36.42,1,MIST_LOW,55.73,29.25,58.44,35.43,2
2,WARM,1,DRY,1,DRY,1,LOW,30.38,45.65,33.53,44.44,1,MIST_LOW,39.993,29.18,54.65,34.53,3
2,WARM,1,DRY,1,DRY,1,LOW,31.0,49.3,34.9,45.39,2,MIST_HIGH,60.962,28.7,65.3,36.9,0
2,WARM,1,DRY,1,DRY,1,LOW,29.82,46.02,34.33,35.9,2,MIST_HIGH,68.793,27.52,62.02,36.33,1
2,WARM,1,DRY,1,DRY,1,LOW,30.79,50.67,37.48,40.29,2,MIST_HIGH,64.882,28.49,66.67,39.48,2
2,WARM,1,DRY,1,DRY,1,LOW,29.17,44.88,32.87,37.4,2,MIST_HIGH,65.231,26.87,60.88,34.87,3
2,WARM,1,DRY,1,DRY,1,LOW,29.1,50.15,34.73,43.15,3,PUMP,85.435,28.8,52.15,52.73,0
2,WARM,1,DRY,1,DRY,1,LOW,28.78,47.64,33.03,36.69,3,PUMP,78.839,28.48,49.64,51.03,1
2,WARM,1,DRY,1,DRY,1,LOW,29.16,50.91,38.39,45.56,3,PUMP,94.126,28.86,52.91,56.39,2
2,WARM,1,DRY,1,DRY,1,LOW,29.35,47.84,34.38,35.6,3,PUMP,80.173,29.05,49.84,52.38,3
2,WARM,1,DRY,1,DRY,1,LOW,30.79,49.16,33.85,45.84,4,PUMP_MIST_LOW,94.917,29.29,59.16,48.85,0
2,WARM,1,DRY,1,DRY,1,LOW,30.14,49.14,31.45,37.21,4,PUMP_MIST_LOW,91.891,28.64,59.14,46.45,1
2,WARM,1,DRY,1,DRY,1,LOW,29.64,46.04,30.99,44.34,4,PUMP_MIST_LOW,87.594,28.14,56.04,45.99,2
2,WARM,1,DRY,1,DRY,1,LOW,30.05,46.48,34.04,34.76,4,PUMP_MIST_LOW,93.401,28.55,56.48,49.04,3
2,WARM,1,DRY,1,DRY,1,LOW,31.28,44.86,38.99,37.03,5,PUMP_MIST_HIGH,116.349,28.78,60.86,56.99,0
2,WARM,1,DRY,1,DRY,1,LOW,29.28,51.66,39.31,44.27,5,PUMP_MIST_HIGH,114.809,26.78,67.66,57.31,1
2,WARM,1,DRY,1,DRY,1,LOW,30.21,51.4,39.22,41.53,5,PUMP_MIST_HIGH,113.459,27.71,67.4,57.22,2
2,WARM,1,DRY,1,DRY,1,LOW,31.34,44.03,39.59,37.93,5,PUMP_MIST_HIGH,116.096,28.84,60.03,57.59,3
2,WARM,1,DRY,1,DRY,2,MEDIUM,30.53,48.43,35.68,56.02,0,OFF,11.117,31.03,46.43,33.68,0
2,WARM,1,DRY,1,DRY,2,MEDIUM,29.14,44.87,33.06,65.17,0,OFF,12.368,29.64,42.87,31.06,1
2,WARM,1,DRY,1,DRY,2,MEDIUM,29.3,50.44,35.86,63.55,0,OFF,26.638,29.8,48.44,33.86,2
2,WARM,1,DRY,1,DRY,2,MEDIUM,30.48,51.69,35.65,60.28,0,OFF,16.444,30.98,49.69,33.65,3
2,WARM,1,DRY,1,DRY,2,MEDIUM,29.66,49.0,38.9,59.9,1,MIST_LOW,57.906,28.96,56.0,37.9,0
2,WARM,1,DRY,1,DRY,2,MEDIUM,31.0,46.86,37.59,62.39,1,MIST_LOW,31.44,30.3,53.86,36.59,1
2,WARM,1,DRY,1,DRY,2,MEDIUM,29.98,47.45,35.62,64.28,1,MIST_LOW,39.527,29.28,54.45,34.62,2
2,WARM,1,DRY,1,DRY,2,MEDIUM,28.89,51.17,32.31,66.4,1,MIST_LOW,50.021,28.19,58.17,31.31,3
2,WARM,1,DRY,1,DRY,2,MEDIUM,29.17,47.3,39.96,56.87,2,MIST_HIGH,75.797,27.37,61.3,39.96,0
2,WARM,1,DRY,1,DRY,2,MEDIUM,30.51,51.81,34.41,57.63,2,MIST_HIGH,54.914,28.71,65.81,34.41,1
2,WARM,1,DRY,1,DRY,2,MEDIUM,30.67,45.75,30.97,59.08,2,MIST_HIGH,49.658,28.87,59.75,30.97,2
2,WARM,1,DRY,1,DRY,2,MEDIUM,31.17,47.27,39.91,63.72,2,MIST_HIGH,69.267,29.37,61.27,39.91,3
2,WARM,1,DRY,1,DRY,2,MEDIUM,31.09,51.14,30.93,67.08,3,PUMP,55.662,31.29,51.14,46.93,0
2,WARM,1,DRY,1,DRY,2,MEDIUM,30.31,44.75,32.5,63.18,3,PUMP,51.212,30.51,44.75,48.5,1
2,WARM,1,DRY,1,DRY,2,MEDIUM,30.69,51.51,32.41,61.71,3,PUMP,60.627,30.89,51.51,48.41,2
2,WARM,1,DRY,1,DRY,2,MEDIUM,29.38,45.34,37.57,64.74,3,PUMP,73.799,29.58,45.34,53.57,3
2,WARM,1,DRY,1,DRY,2,MEDIUM,31.19,47.92,39.92,65.55,4,PUMP_MIST_LOW,87.385,30.19,55.92,52.92,0
2,WARM,1,DRY,1,DRY,2,MEDIUM,31.08,44.8,35.04,58.75,4,PUMP_MIST_LOW,64.487,30.08,52.8,48.04,1
2,WARM,1,DRY,1,DRY,2,MEDIUM,30.21,44.0,36.96,67.22,4,PUMP_MIST_LOW,78.047,29.21,52.0,49.96,2
2,WARM,1,DRY,1,DRY,2,MEDIUM,30.71,48.45,31.64,64.87,4,PUMP_MIST_LOW,70.401,29.71,56.45,44.64,3
2,WARM,1,DRY,1,DRY,2,MEDIUM,31.35,48.57,36.67,58.31,5,PUMP_MIST_HIGH,106.388,29.35,62.57,52.67,0
2,WARM,1,DRY,1,DRY,2,MEDIUM,30.9,45.87,30.45,58.15,5,PUMP_MIST_HIGH,92.259,28.9,59.87,46.45,1
2,WARM,1,DRY,1,DRY,2,MEDIUM,30.92,45.58,32.95,56.74,5,PUMP_MIST_HIGH,96.992,28.92,59.58,48.95,2
2,WARM,1,DRY,1,DRY,2,MEDIUM,29.86,48.95,30.31,64.71,5,PUMP_MIST_HIGH,97.195,27.86,62.95,46.31,3
2,WARM,1,DRY,1,DRY,3,BRIGHT,30.63,46.93,37.57,91.13,0,OFF,5.474,31.63,42.93,34.57,0
2,WARM,1,DRY,1,DRY,3,BRIGHT,30.94,47.45,36.88,92.0,0,OFF,3.874,31.94,43.45,33.88,1
2,WARM,1,DRY,1,DRY,3,BRIGHT,29.05,47.02,31.71,82.42,0,OFF,-1.607,30.05,43.02,28.71,2
2,WARM,1,DRY,1,DRY,3,BRIGHT,29.09,50.74,34.2,83.02,0,OFF,9.428,30.09,46.74,31.2,3
2,WARM,1,DRY,1,DRY,3,BRIGHT,29.04,44.59,34.15,87.22,1,MIST_LOW,27.962,28.84,49.59,32.15,0
2,WARM,1,DRY,1,DRY,3,BRIGHT,30.56,45.33,37.14,90.56,1,MIST_LOW,34.566,30.36,50.33,35.14,1
2,WARM,1,DRY,1,DRY,3,BRIGHT,31.07,48.25,39.01,89.1,1,MIST_LOW,41.515,30.87,53.25,37.01,2
2,WARM,1,DRY,1,DRY,3,BRIGHT,31.29,48.68,33.3,87.44,1,MIST_LOW,29.528,31.09,53.68,31.3,3
2,WARM,1,DRY,1,DRY,3,BRIGHT,30.92,48.75,36.61,84.59,2,MIST_HIGH,70.592,29.62,60.75,35.61,0
2,WARM,1,DRY,1,DRY,3,BRIGHT,29.86,45.38,38.37,87.34,2,MIST_HIGH,60.29,28.56,57.38,37.37,1
2,WARM,1,DRY,1,DRY,3,BRIGHT,29.48,48.85,39.26,91.58,2,MIST_HIGH,68.922,28.18,60.85,38.26,2
2,WARM,1,DRY,1,DRY,3,BRIGHT,30.94,45.57,32.96,91.27,2,MIST_HIGH,57.771,29.64,57.57,31.96,3
2,WARM,1,DRY,1,DRY,3,BRIGHT,29.9,44.73,35.81,91.56,3,PUMP,52.549,30.6,42.73,50.81,0
2,WARM,1,DRY,1,DRY,3,BRIGHT,28.95,44.43,37.37,88.4,3,PUMP,66.37,29.65,42.43,52.37,1
2,WARM,1,DRY,1,DRY,3,BRIGHT,31.0,48.48,33.95,89.8,3,PUMP,51.115,31.7,46.48,48.95,2
2,WARM,1,DRY,1,DRY,3,BRIGHT,30.59,50.53,30.53,84.16,3,PUMP,48.52,31.29,48.53,45.53,3
2,WARM,1,DRY,1,DRY,3,BRIGHT,31.05,50.39,32.4,82.61,4,PUMP_MIST_LOW,71.109,30.55,56.39,44.4,0
2,WARM,1,DRY,1,DRY,3,BRIGHT,31.0,48.35,30.74,88.47,4,PUMP_MIST_LOW,56.506,30.5,54.35,42.74,1
2,WARM,1,DRY,1,DRY,3,BRIGHT,28.83,48.2,30.94,85.13,4,PUMP_MIST_LOW,59.616,28.33,54.2,42.94,2
2,WARM,1,DRY,1,DRY,3,BRIGHT,30.14,50.62,30.44,87.89,4,PUMP_MIST_LOW,78.286,29.64,56.62,42.44,3
2,WARM,1,DRY,1,DRY,3,BRIGHT,30.95,45.12,37.9,90.39,5,PUMP_MIST_HIGH,111.651,29.45,57.12,52.9,0
2,WARM,1,DRY,1,DRY,3,BRIGHT,28.85,45.18,34.42,87.07,5,PUMP_MIST_HIGH,99.161,27.35,57.18,49.42,1
2,WARM,1,DRY,1,DRY,3,BRIGHT,30.37,44.64,37.6,87.53,5,PUMP_MIST_HIGH,112.09,28.87,56.64,52.6,2
2,WARM,1,DRY,1,DRY,3,BRIGHT,30.51,51.94,33.38,82.4,5,PUMP_MIST_HIGH,108.259,29.01,63.94,48.38,3
2,WARM,1,DRY,2,OPTIMAL,0,DARK,28.63,44.22,59.65,9.29,0,OFF,84.064,28.13,45.22,59.65,0
2,WARM,1,DRY,2,OPTIMAL,0,DARK,30.87,44.24,56.22,18.09,0,OFF,68.687,30.37,45.24,56.22,1
2,WARM,1,DRY,2,OPTIMAL,0,DARK,30.86,48.69,53.83,11.29,0,OFF,70.775,30.36,49.69,53.83,2
2,WARM,1,DRY,2,OPTIMAL,0,DARK,31.27,44.79,60.84,15.47,0,OFF,66.041,30.77,45.79,60.84,3
2,WARM,1,DRY,2,OPTIMAL,0,DARK,29.64,50.3,60.48,16.26,1,MIST_LOW,112.953,27.94,60.3,61.48,0
2,WARM,1,DRY,2,OPTIMAL,0,DARK,30.61,51.91,56.13,17.07,1,MIST_LOW,117.897,28.91,61.91,57.13,1
2,WARM,1,DRY,2,OPTIMAL,0,DARK,30.83,48.03,55.9,12.51,1,MIST_LOW,110.538,29.13,58.03,56.9,2
2,WARM,1,DRY,2,OPTIMAL,0,DARK,29.05,48.37,54.48,17.02,1,MIST_LOW,113.786,27.35,58.37,55.48,3
2,WARM,1,DRY,2,OPTIMAL,0,DARK,30.11,46.3,58.22,18.22,2,MIST_HIGH,108.259,27.31,63.3,60.22,0
2,WARM,1,DRY,2,OPTIMAL,0,DARK,29.02,50.59,55.89,16.46,2,MIST_HIGH,104.326,26.22,67.59,57.89,1
2,WARM,1,DRY,2,OPTIMAL,0,DARK,28.72,47.04,53.4,14.22,2,MIST_HIGH,103.832,25.92,64.04,55.4,2
2,WARM,1,DRY,2,OPTIMAL,0,DARK,28.67,48.79,53.03,12.14,2,MIST_HIGH,100.084,25.87,65.79,55.03,3
2,WARM,1,DRY,2,OPTIMAL,0,DARK,29.29,46.76,56.41,13.34,3,PUMP,49.189,28.49,49.76,74.41,0
2,WARM,1,DRY,2,OPTIMAL,0,DARK,30.04,48.24,57.05,15.76,3,PUMP,47.793,29.24,51.24,75.05,1
2,WARM,1,DRY,2,OPTIMAL,0,DARK,29.26,45.19,55.69,11.73,3,PUMP,48.28,28.46,48.19,73.69,2
2,WARM,1,DRY,2,OPTIMAL,0,DARK,29.5,49.29,56.66,18.86,3,PUMP,52.033,28.7,52.29,74.66,3
2,WARM,1,DRY,2,OPTIMAL,0,DARK,30.8,47.0,53.42,17.57,4,PUMP_MIST_LOW,91.97,28.8,58.0,68.42,0
2,WARM,1,DRY,2,OPTIMAL,0,DARK,30.35,44.42,55.08,13.92,4,PUMP_MIST_LOW,75.792,28.35,55.42,70.08,1
2,WARM,1,DRY,2,OPTIMAL,0,DARK,31.0,48.47,59.18,18.44,4,PUMP_MIST_LOW,71.576,29.0,59.47,74.18,2
2,WARM,1,DRY,2,OPTIMAL,0,DARK,28.65,49.0,59.36,20.26,4,PUMP_MIST_LOW,77.303,26.65,60.0,74.36,3
2,WARM,1,DRY,2,OPTIMAL,0,DARK,31.19,45.48,53.65,12.21,5,PUMP_MIST_HIGH,72.775,28.19,62.48,71.65,0
2,WARM,1,DRY,2,OPTIMAL,0,DARK,28.73,44.98,56.92,19.02,5,PUMP_MIST_HIGH,66.383,25.73,61.98,74.92,1
2,WARM,1,DRY,2,OPTIMAL,0,DARK,28.95,48.45,58.29,9.06,5,PUMP_MIST_HIGH,58.704,25.95,65.45,76.29,2
2,WARM,1,DRY,2,OPTIMAL,0,DARK,30.35,46.07,61.57,11.13,5,PUMP_MIST_HIGH,57.868,27.35,63.07,79.57,3
2,WARM,1,DRY,2,OPTIMAL,1,LOW,31.26,47.99,62.31,40.19,0,OFF,64.913,31.26,47.99,62.31,0
2,WARM,1,DRY,2,OPTIMAL,1,LOW,29.66,50.11,58.28,34.77,0,OFF,89.875,29.66,50.11,58.28,1
2,WARM,1,DRY,2,OPTIMAL,1,LOW,29.35,45.24,53.66,42.36,0,OFF,74.539,29.35,45.24,53.66,2
2,WARM,1,DRY,2,OPTIMAL,1,LOW,30.33,46.36,54.71,40.86,0,OFF,67.399,30.33,46.36,54.71,3
2,WARM,1,DRY,2,OPTIMAL,1,LOW,30.47,49.84,57.08,35.9,1,MIST_LOW,113.512,29.27,58.84,58.08,0
2,WARM,1,DRY,2,OPTIMAL,1,LOW,29.28,47.36,60.17,38.42,1,MIST_LOW,106.862,28.08,56.36,61.17,1
2,WARM,1,DRY,2,OPTIMAL,1,LOW,30.63,48.23,55.14,37.72,1,MIST_LOW,106.676,29.43,57.23,56.14,2
2,WARM,1,DRY,2,OPTIMAL,1,LOW,30.78,44.66,61.73,43.86,1,MIST_LOW,86.456,29.58,53.66,62.73,3
2,WARM,1,DRY,2,OPTIMAL,1,LOW,29.42,51.86,56.9,38.26,2,MIST_HIGH,114.367,27.12,67.86,58.9,0
2,WARM,1,DRY,2,OPTIMAL,1,LOW,30.7,50.06,61.66,34.51,2,MIST_HIGH,103.128,28.4,66.06,63.66,1
2,WARM,1,DRY,2,OPTIMAL,1,LOW,29.73,45.83,59.76,38.08,2,MIST_HIGH,116.468,27.43,61.83,61.76,2
2,WARM,1,DRY,2,OPTIMAL,1,LOW,30.51,46.35,62.59,44.94,2,MIST_HIGH,107.714,28.21,62.35,64.59,3
2,WARM,1,DRY,2,OPTIMAL,1,LOW,28.67,44.68,56.77,38.93,3,PUMP,43.892,28.37,46.68,74.77,0
2,WARM,1,DRY,2,OPTIMAL,1,LOW,29.38,46.32,58.76,43.78,3,PUMP,40.063,29.08,48.32,76.76,1
2,WARM,1,DRY,2,OPTIMAL,1,LOW,30.01,51.34,60.72,42.77,3,PUMP,41.952,29.71,53.34,78.72,2
2,WARM,1,DRY,2,OPTIMAL,1,LOW,29.63,48.45,58.01,36.14,3,PUMP,44.237,29.33,50.45,76.01,3
2,WARM,1,DRY,2,OPTIMAL,1,LOW,31.35,46.65,62.72,39.59,4,PUMP_MIST_LOW,56.9,29.85,56.65,77.72,0
2,WARM,1,DRY,2,OPTIMAL,1,LOW,30.93,44.49,59.88,34.45,4,PUMP_MIST_LOW,52.762,29.43,54.49,74.88,1
2,WARM,1,DRY,2,OPTIMAL,1,LOW,30.52,44.46,61.53,36.87,4,PUMP_MIST_LOW,50.55,29.02,54.46,76.53,2
2,WARM,1,DRY,2,OPTIMAL,1,LOW,31.17,45.67,60.65,38.26,4,PUMP_MIST_LOW,60.277,29.67,55.67,75.65,3
2,WARM,1,DRY,2,OPTIMAL,1,LOW,30.92,46.06,56.15,42.51,5,PUMP_MIST_HIGH,77.441,28.42,62.06,74.15,0
2,WARM,1,DRY,2,OPTIMAL,1,LOW,29.71,45.78,54.41,35.23,5,PUMP_MIST_HIGH,84.714,27.21,61.78,72.41,1
2,WARM,1,DRY,2,OPTIMAL,1,LOW,28.86,48.8,58.26,42.66,5,PUMP_MIST_HIGH,71.139,26.36,64.8,76.26,2
2,WARM,1,DRY,2,OPTIMAL,1,LOW,30.8,48.36,59.06,36.38,5,PUMP_MIST_HIGH,68.022,28.3,64.36,77.06,3
2,WARM,1,DRY,2,OPTIMAL,2,MEDIUM,30.26,49.05,54.98,58.6,0,OFF,63.497,30.76,47.05,52.98,0
2,WARM,1,DRY,2,OPTIMAL,2,MEDIUM,29.73,46.58,55.26,66.59,0,OFF,61.826,30.23,44.58,53.26,1
2,WARM,1,DRY,2,OPTIMAL,2,MEDIUM,30.99,49.79,62.56,67.02,0,OFF,67.499,31.49,47.79,60.56,2
2,WARM,1,DRY,2,OPTIMAL,2,MEDIUM,30.31,48.04,60.58,59.93,0,OFF,71.034,30.81,46.04,58.58,3
2,WARM,1,DRY,2,OPTIMAL,2,MEDIUM,29.69,47.69,58.01,60.89,1,MIST_LOW,97.856,28.99,54.69,57.01,0
2,WARM,1,DRY,2,OPTIMAL,2,MEDIUM,30.15,50.91,61.92,56.13,1,MIST_LOW,105.5,29.45,57.91,60.92,1
2,WARM,1,DRY,2,OPTIMAL,2,MEDIUM,29.12,50.56,62.97,56.35,1,MIST_LOW,106.022,28.42,57.56,61.97,2
2,WARM,1,DRY,2,OPTIMAL,2,MEDIUM,28.9,50.23,54.12,57.53,1,MIST_LOW,104.282,28.2,57.23,53.12,3
2,WARM,1,DRY,2,OPTIMAL,2,MEDIUM,30.27,51.39,55.44,60.53,2,MIST_HIGH,110.49,28.47,65.39,55.44,0
2,WARM,1,DRY,2,OPTIMAL,2,MEDIUM,29.92,49.62,55.64,59.4,2,MIST_HIGH,114.854,28.12,63.62,55.64,1
2,WARM,1,DRY,2,OPTIMAL,2,MEDIUM,31.34,44.96,60.25,60.99,2,MIST_HIGH,108.28,29.54,58.96,60.25,2
2,WARM,1,DRY,2,OPTIMAL,2,MEDIUM,28.61,48.97,55.14,60.41,2,MIST_HIGH,117.826,26.81,62.97,55.14,3
2,WARM,1,DRY,2,OPTIMAL,2,MEDIUM,30.82,45.07,53.58,59.73,3,PUMP,45.74,31.02,45.07,69.58,0
2,WARM,1,DRY,2,OPTIMAL,2,MEDIUM,28.8,44.99,58.26,65.26,3,PUMP,40.236,29.0,44.99,74.26,1
2,WARM,1,DRY,2,OPTIMAL,2,MEDIUM,29.4,48.31,55.26,60.76,3,PUMP,49.929,29.6,48.31,71.26,2
2,WARM,1,DRY,2,OPTIMAL,2,MEDIUM,29.94,50.7,58.87,65.08,3,PUMP,36.473,30.14,50.7,74.87,3
2,WARM,1,DRY,2,OPTIMAL,2,MEDIUM,29.74,45.36,60.23,67.3,4,PUMP_MIST_LOW,56.632,28.74,53.36,73.23,0
2,WARM,1,DRY,2,OPTIMAL,2,MEDIUM,30.3,48.05,53.74,61.42,4,PUMP_MIST_LOW,90.777,29.3,56.05,66.74,1
2,WARM,1,DRY,2,OPTIMAL,2,MEDIUM,29.54,47.35,53.92,67.21,4,PUMP_MIST_LOW,91.694,28.54,55.35,66.92,2
2,WARM,1,DRY,2,OPTIMAL,2,MEDIUM,30.55,50.86,55.94,62.24,4,PUMP_MIST_LOW,89.849,29.55,58.86,68.94,3
2,WARM,1,DRY,2,OPTIMAL,2,MEDIUM,29.74,49.98,61.3,63.57,5,PUMP_MIST_HIGH,69.946,27.74,63.98,77.3,0
2,WARM,1,DRY,2,OPTIMAL,2,MEDIUM,30.78,46.7,57.92,60.75,5,PUMP_MIST_HIGH,74.789,28.78,60.7,73.92,1
2,WARM,1,DRY,2,OPTIMAL,2,MEDIUM,29.82,50.33,53.46,64.32,5,PUMP_MIST_HIGH,95.584,27.82,64.33,69.46,2
2,WARM,1,DRY,2,OPTIMAL,2,MEDIUM,28.93,45.03,60.8,56.22,5,PUMP_MIST_HIGH,71.526,26.93,59.03,76.8,3
2,WARM,1,DRY,2,OPTIMAL,3,BRIGHT,28.72,45.54,62.9,88.24,0,OFF,72.576,29.72,41.54,59.9,0
2,WARM,1,DRY,2,OPTIMAL,3,BRIGHT,29.17,47.12,61.85,83.06,0,OFF,67.884,30.17,43.12,58.85,1
2,WARM,1,DRY,2,OPTIMAL,3,BRIGHT,31.04,44.22,54.54,87.47,0,OFF,45.457,32.04,40.22,51.54,2
2,WARM,1,DRY,2,OPTIMAL,3,BRIGHT,29.5,49.96,54.0,84.11,0,OFF,58.446,30.5,45.96,51.0,3
2,WARM,1,DRY,2,OPTIMAL,3,BRIGHT,29.21,51.18,56.56,91.81,1,MIST_LOW,103.021,29.01,56.18,54.56,0
2,WARM,1,DRY,2,OPTIMAL,3,BRIGHT,30.03,45.47,58.72,87.82,1,MIST_LOW,99.819,29.83,50.47,56.72,1
2,WARM,1,DRY,2,OPTIMAL,3,BRIGHT,30.97,47.4,58.61,92.83,1,MIST_LOW,91.649,30.77,52.4,56.61,2
2,WARM,1,DRY,2,OPTIMAL,3,BRIGHT,30.34,51.87,61.31,85.48,1,MIST_LOW,108.989,30.14,56.87,59.31,3
2,WARM,1,DRY,2,OPTIMAL,3,BRIGHT,31.3,44.93,56.04,88.65,2,MIST_HIGH,114.077,30.0,56.93,55.04,0
2,WARM,1,DRY,2,OPTIMAL,3,BRIGHT,30.82,51.88,60.8,86.11,2,MIST_HIGH,123.132,29.52,63.88,59.8,1
2,WARM,1,DRY,2,OPTIMAL,3,BRIGHT,29.26,50.9,62.13,90.84,2,MIST_HIGH,114.901,27.96,62.9,61.13,2
2,WARM,1,DRY,2,OPTIMAL,3,BRIGHT,30.08,47.26,55.12,89.74,2,MIST_HIGH,119.77,28.78,59.26,54.12,3
2,WARM,1,DRY,2,OPTIMAL,3,BRIGHT,30.32,44.99,54.02,86.45,3,PUMP,43.571,31.02,42.99,69.02,0
2,WARM,1,DRY,2,OPTIMAL,3,BRIGHT,30.54,44.14,61.22,88.09,3,PUMP,16.411,31.24,42.14,76.22,1
2,WARM,1,DRY,2,OPTIMAL,3,BRIGHT,31.38,48.65,53.65,85.47,3,PUMP,46.814,32.08,46.65,68.65,2
2,WARM,1,DRY,2,OPTIMAL,3,BRIGHT,30.21,51.48,60.15,87.44,3,PUMP,31.456,30.91,49.48,75.15,3
2,WARM,1,DRY,2,OPTIMAL,3,BRIGHT,29.31,50.46,57.03,89.17,4,PUMP_MIST_LOW,88.167,28.81,56.46,69.03,0
2,WARM,1,DRY,2,OPTIMAL,3,BRIGHT,30.2,51.54,57.21,89.49,4,PUMP_MIST_LOW,98.677,29.7,57.54,69.21,1
2,WARM,1,DRY,2,OPTIMAL,3,BRIGHT,30.86,50.96,59.57,91.96,4,PUMP_MIST_LOW,72.678,30.36,56.96,71.57,2
2,WARM,1,DRY,2,OPTIMAL,3,BRIGHT,30.4,50.08,60.46,90.11,4,PUMP_MIST_LOW,78.885,29.9,56.08,72.46,3
2,WARM,1,DRY,2,OPTIMAL,3,BRIGHT,30.73,50.83,53.9,88.27,5,PUMP_MIST_HIGH,106.644,29.23,62.83,68.9,0
2,WARM,1,DRY,2,OPTIMAL,3,BRIGHT,29.01,50.27,58.79,89.64,5,PUMP_MIST_HIGH,80.785,27.51,62.27,73.79,1
2,WARM,1,DRY,2,OPTIMAL,3,BRIGHT,30.19,45.18,58.65,85.53,5,PUMP_MIST_HIGH,81.992,28.69,57.18,73.65,2
2,WARM,1,DRY,2,OPTIMAL,3,BRIGHT,30.76,51.1,58.69,91.51,5,PUMP_MIST_HIGH,86.043,29.26,63.1,73.69,3
2,WARM,1,DRY,3,WET,0,DARK,31.0,51.63,85.91,10.3,0,OFF,15.204,30.5,52.63,85.91,0
2,WARM,1,DRY,3,WET,0,DARK,30.95,50.46,79.23,18.37,0,OFF,27.508,30.45,51.46,79.23,1
2,WARM,1,DRY,3,WET,0,DARK,30.77,47.44,82.64,20.53,0,OFF,16.085,30.27,48.44,82.64,2
2,WARM,1,DRY,3,WET,0,DARK,28.75,48.98,77.23,15.69,0,OFF,44.371,28.25,49.98,77.23,3
2,WARM,1,DRY,3,WET,0,DARK,29.03,49.12,81.57,14.01,1,MIST_LOW,58.725,27.33,59.12,82.57,0
2,WARM,1,DRY,3,WET,0,DARK,31.1,49.14,78.74,11.59,1,MIST_LOW,58.096,29.4,59.14,79.74,1
2,WARM,1,DRY,3,WET,0,DARK,30.17,51.96,79.28,16.28,1,MIST_LOW,64.429,28.47,61.96,80.28,2
2,WARM,1,DRY,3,WET,0,DARK,29.51,49.3,86.08,16.8,1,MIST_LOW,48.017,27.81,59.3,87.08,3
2,WARM,1,DRY,3,WET,0,DARK,31.12,48.16,83.57,15.73,2,MIST_HIGH,38.828,28.32,65.16,85.57,0
2,WARM,1,DRY,3,WET,0,DARK,28.65,50.55,79.85,9.04,2,MIST_HIGH,43.358,25.85,67.55,81.85,1
2,WARM,1,DRY,3,WET,0,DARK,29.57,47.26,83.64,20.78,2,MIST_HIGH,43.597,26.77,64.26,85.64,2
2,WARM,1,DRY,3,WET,0,DARK,31.13,48.53,81.34,9.36,2,MIST_HIGH,42.891,28.33,65.53,83.34,3
2,WARM,1,DRY,3,WET,0,DARK,30.85,50.27,81.06,18.16,3,PUMP,-37.964,30.05,53.27,99.06,0
2,WARM,1,DRY,3,WET,0,DARK,30.12,45.17,83.61,10.12,3,PUMP,-37.762,29.32,48.17,100.0,1
2,WARM,1,DRY,3,WET,0,DARK,30.14,48.58,80.45,16.56,3,PUMP,-29.099,29.34,51.58,98.45,2
2,WARM,1,DRY,3,WET,0,DARK,31.19,45.73,82.62,18.7,3,PUMP,-48.261,30.39,48.73,100.0,3
2,WARM,1,DRY,3,WET,0,DARK,28.88,50.64,85.82,18.2,4,PUMP_MIST_LOW,-1.168,26.88,61.64,100.0,0
2,WARM,1,DRY,3,WET,0,DARK,30.86,46.51,80.37,20.09,4,PUMP_MIST_LOW,-3.611,28.86,57.51,95.37,1
2,WARM,1,DRY,3,WET,0,DARK,28.94,50.75,84.77,13.78,4,PUMP_MIST_LOW,-0.33,26.94,61.75,99.77,2
2,WARM,1,DRY,3,WET,0,DARK,29.02,48.7,84.73,19.2,4,PUMP_MIST_LOW,-3.369,27.02,59.7,99.73,3
2,WARM,1,DRY,3,WET,0,DARK,29.36,51.19,85.55,18.99,5,PUMP_MIST_HIGH,-22.151,26.36,68.19,100.0,0
2,WARM,1,DRY,3,WET,0,DARK,29.06,50.02,77.01,17.01,5,PUMP_MIST_HIGH,-10.759,26.06,67.02,95.01,1
2,WARM,1,DRY,3,WET,0,DARK,30.04,48.8,86.07,13.67,5,PUMP_MIST_HIGH,-16.41,27.04,65.8,100.0,2
2,WARM,1,DRY,3,WET,0,DARK,31.4,44.93,86.8,13.65,5,PUMP_MIST_HIGH,-14.771,28.4,61.93,100.0,3
2,WARM,1,DRY,3,WET,1,LOW,29.17,44.65,78.93,41.34,0,OFF,29.349,29.17,44.65,78.93,0
2,WARM,1,DRY,3,WET,1,LOW,30.91,50.59,77.25,45.34,0,OFF,28.804,30.91,50.59,77.25,1
2,WARM,1,DRY,3,WET,1,LOW,29.65,44.45,83.48,34.96,0,OFF,17.921,29.65,44.45,83.48,2
2,WARM,1,DRY,3,WET,1,LOW,30.36,44.59,84.38,34.65,0,OFF,5.981,30.36,44.59,84.38,3
2,WARM,1,DRY,3,WET,1,LOW,29.74,45.42,83.3,36.35,1,MIST_LOW,35.714,28.54,54.42,84.3,0
2,WARM,1,DRY,3,WET,1,LOW,30.23,47.55,81.11,35.72,1,MIST_LOW,50.142,29.03,56.55,82.11,1
2,WARM,1,DRY,3,WET,1,LOW,30.64,45.76,79.8,34.2,1,MIST_LOW,40.726,29.44,54.76,80.8,2
2,WARM,1,DRY,3,WET,1,LOW,29.99,47.54,79.82,35.95,1,MIST_LOW,53.637,28.79,56.54,80.82,3
2,WARM,1,DRY,3,WET,1,LOW,30.6,47.59,78.4,38.84,2,MIST_HIGH,62.258,28.3,63.59,80.4,0
2,WARM,1,DRY,3,WET,1,LOW,31.02,49.37,82.96,38.13,2,MIST_HIGH,48.491,28.72,65.37,84.96,1
2,WARM,1,DRY,3,WET,1,LOW,30.16,44.74,85.72,42.7,2,MIST_HIGH,48.82,27.86,60.74,87.72,2
2,WARM,1,DRY,3,WET,1,LOW,30.91,51.38,86.23,45.78,2,MIST_HIGH,38.742,28.61,67.38,88.23,3
2,WARM,1,DRY,3,WET,1,LOW,30.18,51.46,77.67,43.33,3,PUMP,-21.993,29.88,53.46,95.67,0
2,WARM,1,DRY,3,WET,1,LOW,28.66,51.49,83.75,37.15,3,PUMP,-26.176,28.36,53.49,100.0,1
2,WARM,1,DRY,3,WET,1,LOW,31.32,45.59,81.54,35.07,3,PUMP,-51.145,31.02,47.59,99.54,2
2,WARM,1,DRY,3,WET,1,LOW,28.97,51.45,80.58,45.17,3,PUMP,-24.242,28.67,53.45,98.58,3
2,WARM,1,DRY,3,WET,1,LOW,29.17,51.33,81.01,39.61,4,PUMP_MIST_LOW,4.959,27.67,61.33,96.01,0
2,WARM,1,DRY,3,WET,1,LOW,31.2,47.71,79.05,45.95,4,PUMP_MIST_LOW,-3.188,29.7,57.71,94.05,1
2,WARM,1,DRY,3,WET,1,LOW,31.14,49.42,77.79,35.96,4,PUMP_MIST_LOW,2.376,29.64,59.42,92.79,2
2,WARM,1,DRY,3,WET,1,LOW,29.66,45.75,81.22,43.9,4,PUMP_MIST_LOW,-5.982,28.16,55.75,96.22,3
2,WARM,1,DRY,3,WET,1,LOW,31.34,46.54,81.68,40.55,5,PUMP_MIST_HIGH,-6.286,28.84,62.54,99.68,0
2,WARM,1,DRY,3,WET,1,LOW,31.33,47.01,78.9,39.37,5,PUMP_MIST_HIGH,-1.18,28.83,63.01,96.9,1
2,WARM,1,DRY,3,WET,1,LOW,31.1,48.36,80.07,41.11,5,PUMP_MIST_HIGH,-5.034,28.6,64.36,98.07,2
2,WARM,1,DRY,3,WET,1,LOW,30.63,45.35,82.79,34.57,5,PUMP_MIST_HIGH,-4.866,28.13,61.35,100.0,3
2,WARM,1,DRY,3,WET,2,MEDIUM,31.02,46.35,77.43,65.81,0,OFF,20.698,31.52,44.35,75.43,0
2,WARM,1,DRY,3,WET,2,MEDIUM,29.81,46.28,77.53,61.42,0,OFF,24.251,30.31,44.28,75.53,1
2,WARM,1,DRY,3,WET,2,MEDIUM,30.51,50.66,80.98,62.41,0,OFF,21.753,31.01,48.66,78.98,2
2,WARM,1,DRY,3,WET,2,MEDIUM,31.2,51.24,84.41,62.0,0,OFF,13.293,31.7,49.24,82.41,3
2,WARM,1,DRY,3,WET,2,MEDIUM,30.04,51.32,77.75,66.01,1,MIST_LOW,63.255,29.34,58.32,76.75,0
2,WARM,1,DRY,3,WET,2,MEDIUM,30.39,51.03,85.94,63.07,1,MIST_LOW,44.455,29.69,58.03,84.94,1
2,WARM,1,DRY,3,WET,2,MEDIUM,30.92,44.82,78.93,62.23,1,MIST_LOW,31.556,30.22,51.82,77.93,2
2,WARM,1,DRY,3,WET,2,MEDIUM,31.33,45.37,82.46,64.81,1,MIST_LOW,23.724,30.63,52.37,81.46,3
2,WARM,1,DRY,3,WET,2,MEDIUM,29.98,49.85,83.06,58.81,2,MIST_HIGH,56.642,28.18,63.85,83.06,0
2,WARM,1,DRY,3,WET,2,MEDIUM,29.79,50.61,85.75,62.47,2,MIST_HIGH,50.376,27.99,64.61,85.75,1
2,WARM,1,DRY,3,WET,2,MEDIUM,31.05,50.78,78.77,64.18,2,MIST_HIGH,60.708,29.25,64.78,78.77,2
2,WARM,1,DRY,3,WET,2,MEDIUM,29.49,44.23,79.29,65.0,2,MIST_HIGH,63.053,27.69,58.23,79.29,3
2,WARM,1,DRY,3,WET,2,MEDIUM,31.29,44.18,84.86,63.06,3,PUMP,-59.066,31.49,44.18,100.0,0
2,WARM,1,DRY,3,WET,2,MEDIUM,30.61,47.43,83.81,67.93,3,PUMP,-51.312,30.81,47.43,99.81,1
2,WARM,1,DRY,3,WET,2,MEDIUM,29.87,49.6,81.03,67.26,3,PUMP,-39.618,30.07,49.6,97.03,2
2,WARM,1,DRY,3,WET,2,MEDIUM,29.26,47.24,84.8,57.76,3,PUMP,-39.689,29.46,47.24,100.0,3
2,WARM,1,DRY,3,WET,2,MEDIUM,30.82,46.92,77.02,62.49,4,PUMP_MIST_LOW,-7.594,29.82,54.92,90.02,0
2,WARM,1,DRY,3,WET,2,MEDIUM,28.84,50.73,78.8,63.55,4,PUMP_MIST_LOW,9.095,27.84,58.73,91.8,1
2,WARM,1,DRY,3,WET,2,MEDIUM,29.52,45.27,86.92,64.14,4,PUMP_MIST_LOW,-26.855,28.52,53.27,99.92,2
2,WARM,1,DRY,3,WET,2,MEDIUM,30.45,44.12,80.35,67.87,4,PUMP_MIST_LOW,-17.876,29.45,52.12,93.35,3
2,WARM,1,DRY,3,WET,2,MEDIUM,31.22,49.49,81.05,57.8,5,PUMP_MIST_HIGH,-3.51,29.22,63.49,97.05,0
2,WARM,1,DRY,3,WET,2,MEDIUM,28.8,49.21,86.37,56.87,5,PUMP_MIST_HIGH,-2.764,26.8,63.21,100.0,1
2,WARM,1,DRY,3,WET,2,MEDIUM,30.2,46.62,80.98,61.48,5,PUMP_MIST_HIGH,0.101,28.2,60.62,96.98,2
2,WARM,1,DRY,3,WET,2,MEDIUM,30.26,44.32,82.91,65.27,5,PUMP_MIST_HIGH,-7.842,28.26,58.32,98.91,3
2,WARM,1,DRY,3,WET,3,BRIGHT,29.35,47.44,83.09,85.47,0,OFF,13.189,30.35,43.44,80.09,0
2,WARM,1,DRY,3,WET,3,BRIGHT,30.13,44.13,78.58,92.71,0,OFF,14.863,31.13,40.13,75.58,1
2,WARM,1,DRY,3,WET,3,BRIGHT,28.71,46.65,77.34,89.26,0,OFF,34.065,29.71,42.65,74.34,2
2,WARM,1,DRY,3,WET,3,BRIGHT,30.64,49.3,82.42,93.7,0,OFF,13.432,31.64,45.3,79.42,3
2,WARM,1,DRY,3,WET,3,BRIGHT,30.28,49.53,82.07,85.5,1,MIST_LOW,43.855,30.08,54.53,80.07,0
2,WARM,1,DRY,3,WET,3,BRIGHT,28.96,51.06,80.38,90.83,1,MIST_LOW,58.059,28.76,56.06,78.38,1
2,WARM,1,DRY,3,WET,3,BRIGHT,30.03,49.04,83.47,85.4,1,MIST_LOW,48.896,29.83,54.04,81.47,2
2,WARM,1,DRY,3,WET,3,BRIGHT,29.87,48.37,81.58,91.72,1,MIST_LOW,40.341,29.67,53.37,79.58,3
2,WARM,1,DRY,3,WET,3,BRIGHT,31.16,49.56,81.41,86.28,2,MIST_HIGH,71.09,29.86,61.56,80.41,0
2,WARM,1,DRY,3,WET,3,BRIGHT,29.1,51.16,81.02,86.69,2,MIST_HIGH,65.343,27.8,63.16,80.02,1
2,WARM,1,DRY,3,WET,3,BRIGHT,29.15,50.15,83.57,82.31,2,MIST_HIGH,61.448,27.85,62.15,82.57,2
2,WARM,1,DRY,3,WET,3,BRIGHT,30.32,46.2,84.8,93.56,2,MIST_HIGH,61.258,29.02,58.2,83.8,3
2,WARM,1,DRY,3,WET,3,BRIGHT,28.78,49.02,86.73,87.94,3,PUMP,-40.093,29.48,47.02,100.0,0
2,WARM,1,DRY,3,WET,3,BRIGHT,30.09,47.08,78.5,89.48,3,PUMP,-41.755,30.79,45.08,93.5,1
2,WARM,1,DRY,3,WET,3,BRIGHT,31.16,48.05,84.19,83.85,3,PUMP,-55.576,31.86,46.05,99.19,2
2,WARM,1,DRY,3,WET,3,BRIGHT,30.94,46.56,82.77,87.93,3,PUMP,-54.249,31.64,44.56,97.77,3
2,WARM,1,DRY,3,WET,3,BRIGHT,30.7,50.32,82.32,90.18,4,PUMP_MIST_LOW,-3.594,30.2,56.32,94.32,0
2,WARM,1,DRY,3,WET,3,BRIGHT,28.6,49.15,83.82,91.51,4,PUMP_MIST_LOW,-5.918,28.1,55.15,95.82,1
2,WARM,1,DRY,3,WET,3,BRIGHT,29.63,49.56,85.83,89.96,4,PUMP_MIST_LOW,-12.764,29.13,55.56,97.83,2
2,WARM,1,DRY,3,WET,3,BRIGHT,31.03,50.04,80.9,90.73,4,PUMP_MIST_LOW,-2.117,30.53,56.04,92.9,3
2,WARM,1,DRY,3,WET,3,BRIGHT,29.53,47.65,77.38,90.08,5,PUMP_MIST_HIGH,8.747,28.03,59.65,92.38,0
2,WARM,1,DRY,3,WET,3,BRIGHT,29.07,51.2,78.76,90.96,5,PUMP_MIST_HIGH,9.164,27.57,63.2,93.76,1
2,WARM,1,DRY,3,WET,3,BRIGHT,30.99,46.15,78.83,88.28,5,PUMP_MIST_HIGH,10.643,29.49,58.15,93.83,2
2,WARM,1,DRY,3,WET,3,BRIGHT,29.89,47.15,78.4,91.92,5,PUMP_MIST_HIGH,4.649,28.39,59.15,93.4,3
2,WARM,2,OPTIMAL,0,VERY_DRY,0,DARK,30.31,59.49,12.47,20.42,0,OFF,-26.042,29.81,60.49,12.47,0
2,WARM,2,OPTIMAL,0,VERY_DRY,0,DARK,30.51,63.91,18.47,18.47,0,OFF,-24.327,30.01,64.91,18.47,1
2,WARM,2,OPTIMAL,0,VERY_DRY,0,DARK,30.92,59.78,19.41,15.55,0,OFF,-20.963,30.42,60.78,19.41,2
2,WARM,2,OPTIMAL,0,VERY_DRY,0,DARK,31.12,62.58,11.03,13.86,0,OFF,-39.762,30.62,63.58,11.03,3
2,WARM,2,OPTIMAL,0,VERY_DRY,0,DARK,29.33,63.48,19.16,11.24,1,MIST_LOW,-26.841,27.63,73.48,20.16,0
2,WARM,2,OPTIMAL,0,VERY_DRY,0,DARK,30.73,63.78,19.32,11.13,1,MIST_LOW,-31.475,29.03,73.78,20.32,1
2,WARM,2,OPTIMAL,0,VERY_DRY,0,DARK,31.25,61.11,19.69,11.06,1,MIST_LOW,-28.086,29.55,71.11,20.69,2
2,WARM,2,OPTIMAL,0,VERY_DRY,0,DARK,31.25,59.77,16.95,13.12,1,MIST_LOW,-23.707,29.55,69.77,17.95,3
2,WARM,2,OPTIMAL,0,VERY_DRY,0,DARK,30.3,63.49,11.02,19.33,2,MIST_HIGH,-62.647,27.5,80.49,13.02,0
2,WARM,2,OPTIMAL,0,VERY_DRY,0,DARK,31.23,58.85,17.11,13.43,2,MIST_HIGH,-45.415,28.43,75.85,19.11,1
2,WARM,2,OPTIMAL,0,VERY_DRY,0,DARK,28.67,63.17,15.19,20.48,2,MIST_HIGH,-55.379,25.87,80.17,17.19,2
2,WARM,2,OPTIMAL,0,VERY_DRY,0,DARK,31.26,62.47,10.16,12.85,2,MIST_HIGH,-65.891,28.46,79.47,12.16,3
2,WARM,2,OPTIMAL,0,VERY_DRY,0,DARK,29.97,63.44,18.25,11.69,3,PUMP,56.286,29.17,66.44,36.25,0
2,WARM,2,OPTIMAL,0,VERY_DRY,0,DARK,29.14,63.03,11.2,17.11,3,PUMP,44.78,28.34,66.03,29.2,1
2,WARM,2,OPTIMAL,0,VERY_DRY,0,DARK,30.03,62.62,19.26,10.36,3,PUMP,59.517,29.23,65.62,37.26,2
2,WARM,2,OPTIMAL,0,VERY_DRY,0,DARK,29.95,61.87,10.47,15.26,3,PUMP,42.515,29.15,64.87,28.47,3
2,WARM,2,OPTIMAL,0,VERY_DRY,0,DARK,30.57,62.66,12.69,9.45,4,PUMP_MIST_LOW,20.669,28.57,73.66,27.69,0
2,WARM,2,OPTIMAL,0,VERY_DRY,0,DARK,30.95,59.68,13.08,12.9,4,PUMP_MIST_LOW,25.035,28.95,70.68,28.08,1
2,WARM,2,OPTIMAL,0,VERY_DRY,0,DARK,29.87,60.61,13.28,10.29,4,PUMP_MIST_LOW,27.416,27.87,71.61,28.28,2
2,WARM,2,OPTIMAL,0,VERY_DRY,0,DARK,30.64,60.93,18.86,18.81,4,PUMP_MIST_LOW,36.171,28.64,71.93,33.86,3
2,WARM,2,OPTIMAL,0,VERY_DRY,0,DARK,29.93,64.77,15.25,11.86,5,PUMP_MIST_HIGH,14.171,26.93,81.77,33.25,0
2,WARM,2,OPTIMAL,0,VERY_DRY,0,DARK,29.79,64.81,10.46,20.52,5,PUMP_MIST_HIGH,3.601,26.79,81.81,28.46,1
2,WARM,2,OPTIMAL,0,VERY_DRY,0,DARK,29.34,64.77,16.97,16.72,5,PUMP_MIST_HIGH,15.904,26.34,81.77,34.97,2
2,WARM,2,OPTIMAL,0,VERY_DRY,0,DARK,28.91,65.6,17.92,9.42,5,PUMP_MIST_HIGH,15.174,25.91,82.6,35.92,3
2,WARM,2,OPTIMAL,0,VERY_DRY,1,LOW,29.59,61.65,16.16,45.38,0,OFF,-15.716,29.59,61.65,16.16,0
2,WARM,2,OPTIMAL,0,VERY_DRY,1,LOW,28.94,62.73,14.73,34.72,0,OFF,-17.257,28.94,62.73,14.73,1
2,WARM,2,OPTIMAL,0,VERY_DRY,1,LOW,30.65,59.05,14.78,37.26,0,OFF,-34.16,30.65,59.05,14.78,2
2,WARM,2,OPTIMAL,0,VERY_DRY,1,LOW,28.96,64.76,15.27,44.28,0,OFF,-19.433,28.96,64.76,15.27,3
2,WARM,2,OPTIMAL,0,VERY_DRY,1,LOW,29.58,59.3,11.37,37.97,1,MIST_LOW,-29.311,28.38,68.3,12.37,0
2,WARM,2,OPTIMAL,0,VERY_DRY,1,LOW,30.87,64.48,14.28,34.7,1,MIST_LOW,-43.599,29.67,73.48,15.28,1
2,WARM,2,OPTIMAL,0,VERY_DRY,1,LOW,29.51,64.18,15.06,43.51,1,MIST_LOW,-37.145,28.31,73.18,16.06,2
2,WARM,2,OPTIMAL,0,VERY_DRY,1,LOW,29.86,61.54,12.99,36.01,1,MIST_LOW,-38.399,28.66,70.54,13.99,3
2,WARM,2,OPTIMAL,0,VERY_DRY,1,LOW,29.98,60.7,13.37,42.89,2,MIST_HIGH,-42.217,27.68,76.7,15.37,0
2,WARM,2,OPTIMAL,0,VERY_DRY,1,LOW,30.47,62.33,13.4,41.06,2,MIST_HIGH,-46.356,28.17,78.33,15.4,1
2,WARM,2,OPTIMAL,0,VERY_DRY,1,LOW,31.3,64.37,13.17,42.55,2,MIST_HIGH,-52.735,29.0,80.37,15.17,2
2,WARM,2,OPTIMAL,0,VERY_DRY,1,LOW,30.32,59.42,11.29,45.5,2,MIST_HIGH,-45.627,28.02,75.42,13.29,3
2,WARM,2,OPTIMAL,0,VERY_DRY,1,LOW,31.15,65.74,18.12,39.14,3,PUMP,40.557,30.85,67.74,36.12,0
2,WARM,2,OPTIMAL,0,VERY_DRY,1,LOW,29.53,59.09,18.51,44.59,3,PUMP,62.276,29.23,61.09,36.51,1
2,WARM,2,OPTIMAL,0,VERY_DRY,1,LOW,28.72,64.41,13.73,36.75,3,PUMP,49.218,28.42,66.41,31.73,2
2,WARM,2,OPTIMAL,0,VERY_DRY,1,LOW,30.41,59.86,19.58,35.57,3,PUMP,54.938,30.11,61.86,37.58,3
2,WARM,2,OPTIMAL,0,VERY_DRY,1,LOW,31.06,65.06,18.27,43.59,4,PUMP_MIST_LOW,26.984,29.56,75.06,33.27,0
2,WARM,2,OPTIMAL,0,VERY_DRY,1,LOW,31.03,58.55,10.06,38.08,4,PUMP_MIST_LOW,28.229,29.53,68.55,25.06,1
2,WARM,2,OPTIMAL,0,VERY_DRY,1,LOW,28.69,59.63,16.33,40.67,4,PUMP_MIST_LOW,47.158,27.19,69.63,31.33,2
2,WARM,2,OPTIMAL,0,VERY_DRY,1,LOW,29.11,58.8,13.03,44.21,4,PUMP_MIST_LOW,40.232,27.61,68.8,28.03,3
2,WARM,2,OPTIMAL,0,VERY_DRY,1,LOW,30.07,61.06,15.86,45.94,5,PUMP_MIST_HIGH,31.39,27.57,77.06,33.86,0
2,WARM,2,OPTIMAL,0,VERY_DRY,1,LOW,29.97,62.0,18.5,45.89,5,PUMP_MIST_HIGH,35.746,27.47,78.0,36.5,1
2,WARM,2,OPTIMAL,0,VERY_DRY,1,LOW,29.22,61.59,16.37,39.29,5,PUMP_MIST_HIGH,32.546,26.72,77.59,34.37,2
2,WARM,2,OPTIMAL,0,VERY_DRY,1,LOW,31.26,63.15,11.5,34.08,5,PUMP_MIST_HIGH,15.084,28.76,79.15,29.5,3
2,WARM,2,OPTIMAL,0,VERY_DRY,2,MEDIUM,29.63,62.12,17.39,58.01,0,OFF,-29.492,30.13,60.12,15.39,0
2,WARM,2,OPTIMAL,0,VERY_DRY,2,MEDIUM,29.63,59.67,19.59,62.31,0,OFF,-28.815,30.13,57.67,17.59,1
2,WARM,2,OPTIMAL,0,VERY_DRY,2,MEDIUM,30.86,59.38,15.43,65.8,0,OFF,-41.913,31.36,57.38,13.43,2
2,WARM,2,OPTIMAL,0,VERY_DRY,2,MEDIUM,30.66,59.52,10.63,58.4,0,OFF,-51.165,31.16,57.52,8.63,3
2,WARM,2,OPTIMAL,0,VERY_DRY,2,MEDIUM,29.0,64.73,10.07,59.66,1,MIST_LOW,-49.481,28.3,71.73,9.07,0
2,WARM,2,OPTIMAL,0,VERY_DRY,2,MEDIUM,28.86,61.02,10.08,57.08,1,MIST_LOW,-35.067,28.16,68.02,9.08,1
2,WARM,2,OPTIMAL,0,VERY_DRY,2,MEDIUM,29.29,60.1,11.6,64.61,1,MIST_LOW,-31.768,28.59,67.1,10.6,2
2,WARM,2,OPTIMAL,0,VERY_DRY,2,MEDIUM,29.9,58.19,11.65,61.66,1,MIST_LOW,-30.574,29.2,65.19,10.65,3
2,WARM,2,OPTIMAL,0,VERY_DRY,2,MEDIUM,30.05,58.7,14.56,65.44,2,MIST_HIGH,-39.346,28.25,72.7,14.56,0
2,WARM,2,OPTIMAL,0,VERY_DRY,2,MEDIUM,31.12,61.84,13.21,64.96,2,MIST_HIGH,-50.63,29.32,75.84,13.21,1
2,WARM,2,OPTIMAL,0,VERY_DRY,2,MEDIUM,29.62,63.02,14.84,60.55,2,MIST_HIGH,-44.289,27.82,77.02,14.84,2
2,WARM,2,OPTIMAL,0,VERY_DRY,2,MEDIUM,31.02,65.54,13.25,63.42,2,MIST_HIGH,-56.115,29.22,79.54,13.25,3
2,WARM,2,OPTIMAL,0,VERY_DRY,2,MEDIUM,30.03,64.2,16.7,61.44,3,PUMP,41.001,30.23,64.2,32.7,0
2,WARM,2,OPTIMAL,0,VERY_DRY,2,MEDIUM,31.12,62.43,17.3,60.71,3,PUMP,41.611,31.32,62.43,33.3,1
2,WARM,2,OPTIMAL,0,VERY_DRY,2,MEDIUM,30.14,59.45,14.4,57.45,3,PUMP,35.273,30.34,59.45,30.4,2
2,WARM,2,OPTIMAL,0,VERY_DRY,2,MEDIUM,29.91,58.51,16.87,58.38,3,PUMP,39.687,30.11,58.51,32.87,3
2,WARM,2,OPTIMAL,0,VERY_DRY,2,MEDIUM,30.8,63.83,19.26,63.86,4,PUMP_MIST_LOW,29.246,29.8,71.83,32.26,0
2,WARM,2,OPTIMAL,0,VERY_DRY,2,MEDIUM,31.31,65.65,19.26,59.91,4,PUMP_MIST_LOW,16.721,30.31,73.65,32.26,1
2,WARM,2,OPTIMAL,0,VERY_DRY,2,MEDIUM,29.08,62.61,15.67,63.38,4,PUMP_MIST_LOW,29.157,28.08,70.61,28.67,2
2,WARM,2,OPTIMAL,0,VERY_DRY,2,MEDIUM,30.67,65.05,19.55,64.79,4,PUMP_MIST_LOW,28.319,29.67,73.05,32.55,3
2,WARM,2,OPTIMAL,0,VERY_DRY,2,MEDIUM,30.84,63.26,15.85,63.68,5,PUMP_MIST_HIGH,22.793,28.84,77.26,31.85,0
2,WARM,2,OPTIMAL,0,VERY_DRY,2,MEDIUM,29.26,62.41,12.36,58.0,5,PUMP_MIST_HIGH,21.88,27.26,76.41,28.36,1
2,WARM,2,OPTIMAL,0,VERY_DRY,2,MEDIUM,30.43,63.62,12.45,62.93,5,PUMP_MIST_HIGH,16.37,28.43,77.62,28.45,2
2,WARM,2,OPTIMAL,0,VERY_DRY,2,MEDIUM,31.1,59.63,15.56,59.7,5,PUMP_MIST_HIGH,27.139,29.1,73.63,31.56,3
2,WARM,2,OPTIMAL,0,VERY_DRY,3,BRIGHT,29.77,61.91,16.45,90.85,0,OFF,-39.167,30.77,57.91,13.45,0
2,WARM,2,OPTIMAL,0,VERY_DRY,3,BRIGHT,31.07,59.75,18.08,85.48,0,OFF,-43.353,32.07,55.75,15.08,1
2,WARM,2,OPTIMAL,0,VERY_DRY,3,BRIGHT,31.24,62.57,12.61,85.05,0,OFF,-50.868,32.24,58.57,9.61,2
2,WARM,2,OPTIMAL,0,VERY_DRY,3,BRIGHT,30.87,64.2,16.11,90.7,0,OFF,-39.73,31.87,60.2,13.11,3
2,WARM,2,OPTIMAL,0,VERY_DRY,3,BRIGHT,29.11,61.57,18.25,92.33,1,MIST_LOW,-20.094,28.91,66.57,16.25,0
2,WARM,2,OPTIMAL,0,VERY_DRY,3,BRIGHT,29.83,59.49,11.74,82.84,1,MIST_LOW,-32.742,29.63,64.49,9.74,1
2,WARM,2,OPTIMAL,0,VERY_DRY,3,BRIGHT,28.76,59.97,19.01,87.62,1,MIST_LOW,-14.809,28.56,64.97,17.01,2
2,WARM,2,OPTIMAL,0,VERY_DRY,3,BRIGHT,30.08,61.98,11.13,87.88,1,MIST_LOW,-26.81,29.88,66.98,9.13,3
2,WARM,2,OPTIMAL,0,VERY_DRY,3,BRIGHT,31.11,60.62,15.8,88.7,2,MIST_HIGH,-31.696,29.81,72.62,14.8,0
2,WARM,2,OPTIMAL,0,VERY_DRY,3,BRIGHT,31.16,59.94,11.49,91.75,2,MIST_HIGH,-39.835,29.86,71.94,10.49,1
2,WARM,2,OPTIMAL,0,VERY_DRY,3,BRIGHT,30.71,58.79,17.93,86.77,2,MIST_HIGH,-23.008,29.41,70.79,16.93,2
2,WARM,2,OPTIMAL,0,VERY_DRY,3,BRIGHT,30.81,64.9,15.48,84.08,2,MIST_HIGH,-38.282,29.51,76.9,14.48,3
2,WARM,2,OPTIMAL,0,VERY_DRY,3,BRIGHT,31.07,60.12,15.54,89.28,3,PUMP,28.859,31.77,58.12,30.54,0
2,WARM,2,OPTIMAL,0,VERY_DRY,3,BRIGHT,31.23,65.08,15.19,88.07,3,PUMP,32.085,31.93,63.08,30.19,1
2,WARM,2,OPTIMAL,0,VERY_DRY,3,BRIGHT,30.19,60.79,12.11,90.88,3,PUMP,25.536,30.89,58.79,27.11,2
2,WARM,2,OPTIMAL,0,VERY_DRY,3,BRIGHT,30.57,60.98,15.14,84.22,3,PUMP,30.989,31.27,58.98,30.14,3
2,WARM,2,OPTIMAL,0,VERY_DRY,3,BRIGHT,30.38,61.15,10.61,92.05,4,PUMP_MIST_LOW,36.2,29.88,67.15,22.61,0
2,WARM,2,OPTIMAL,0,VERY_DRY,3,BRIGHT,30.7,65.98,17.69,84.42,4,PUMP_MIST_LOW,26.326,30.2,71.98,29.69,1
2,WARM,2,OPTIMAL,0,VERY_DRY,3,BRIGHT,29.38,60.42,19.23,89.74,4,PUMP_MIST_LOW,46.694,28.88,66.42,31.23,2
2,WARM,2,OPTIMAL,0,VERY_DRY,3,BRIGHT,30.88,64.84,15.74,83.31,4,PUMP_MIST_LOW,23.485,30.38,70.84,27.74,3
2,WARM,2,OPTIMAL,0,VERY_DRY,3,BRIGHT,28.79,64.68,11.63,84.52,5,PUMP_MIST_HIGH,17.718,27.29,76.68,26.63,0
2,WARM,2,OPTIMAL,0,VERY_DRY,3,BRIGHT,30.64,65.19,18.68,82.27,5,PUMP_MIST_HIGH,37.776,29.14,77.19,33.68,1
2,WARM,2,OPTIMAL,0,VERY_DRY,3,BRIGHT,29.02,62.62,17.79,90.76,5,PUMP_MIST_HIGH,33.219,27.52,74.62,32.79,2
2,WARM,2,OPTIMAL,0,VERY_DRY,3,BRIGHT,30.24,60.79,10.24,85.63,5,PUMP_MIST_HIGH,28.369,28.74,72.79,25.24,3
2,WARM,2,OPTIMAL,1,DRY,0,DARK,29.94,63.23,37.35,11.31,0,OFF,61.263,29.44,64.23,37.35,0
2,WARM,2,OPTIMAL,1,DRY,0,DARK,30.31,59.57,30.05,13.99,0,OFF,46.012,29.81,60.57,30.05,1
2,WARM,2,OPTIMAL,1,DRY,0,DARK,29.92,59.68,35.93,10.12,0,OFF,59.824,29.42,60.68,35.93,2
2,WARM,2,OPTIMAL,1,DRY,0,DARK,31.31,59.16,30.48,10.81,0,OFF,35.087,30.81,60.16,30.48,3
2,WARM,2,OPTIMAL,1,DRY,0,DARK,29.03,59.66,31.18,17.24,1,MIST_LOW,48.487,27.33,69.66,32.18,0
2,WARM,2,OPTIMAL,1,DRY,0,DARK,30.56,61.68,34.67,16.92,1,MIST_LOW,39.65,28.86,71.68,35.67,1
2,WARM,2,OPTIMAL,1,DRY,0,DARK,28.75,62.85,37.46,10.07,1,MIST_LOW,49.452,27.05,72.85,38.46,2
2,WARM,2,OPTIMAL,1,DRY,0,DARK,28.92,61.22,31.3,11.17,1,MIST_LOW,38.575,27.22,71.22,32.3,3
2,WARM,2,OPTIMAL,1,DRY,0,DARK,28.94,63.77,34.46,17.68,2,MIST_HIGH,19.983,26.14,80.77,36.46,0
2,WARM,2,OPTIMAL,1,DRY,0,DARK,30.45,65.4,37.6,20.19,2,MIST_HIGH,24.623,27.65,82.4,39.6,1
2,WARM,2,OPTIMAL,1,DRY,0,DARK,29.15,62.98,37.3,9.44,2,MIST_HIGH,27.883,26.35,79.98,39.3,2
2,WARM,2,OPTIMAL,1,DRY,0,DARK,30.2,61.45,33.37,15.43,2,MIST_HIGH,22.877,27.4,78.45,35.37,3
2,WARM,2,OPTIMAL,1,DRY,0,DARK,30.45,61.64,38.77,18.74,3,PUMP,110.709,29.65,64.64,56.77,0
2,WARM,2,OPTIMAL,1,DRY,0,DARK,30.77,58.83,37.64,12.38,3,PUMP,111.259,29.97,61.83,55.64,1
2,WARM,2,OPTIMAL,1,DRY,0,DARK,28.88,60.28,37.9,17.2,3,PUMP,116.086,28.08,63.28,55.9,2
2,WARM,2,OPTIMAL,1,DRY,0,DARK,30.35,59.12,33.37,9.1,3,PUMP,103.717,29.55,62.12,51.37,3
2,WARM,2,OPTIMAL,1,DRY,0,DARK,30.46,65.86,31.5,12.44,4,PUMP_MIST_LOW,65.406,28.46,76.86,46.5,0
2,WARM,2,OPTIMAL,1,DRY,0,DARK,28.96,64.72,35.91,17.41,4,PUMP_MIST_LOW,81.042,26.96,75.72,50.91,1
2,WARM,2,OPTIMAL,1,DRY,0,DARK,29.63,65.74,37.22,19.08,4,PUMP_MIST_LOW,80.261,27.63,76.74,52.22,2
2,WARM,2,OPTIMAL,1,DRY,0,DARK,28.78,63.94,36.55,18.66,4,PUMP_MIST_LOW,83.071,26.78,74.94,51.55,3
2,WARM,2,OPTIMAL,1,DRY,0,DARK,29.2,63.34,35.96,10.54,5,PUMP_MIST_HIGH,67.626,26.2,80.34,53.96,0
2,WARM,2,OPTIMAL,1,DRY,0,DARK,30.54,61.97,30.17,10.17,5,PUMP_MIST_HIGH,58.46,27.54,78.97,48.17,1
2,WARM,2,OPTIMAL,1,DRY,0,DARK,31.31,58.95,32.75,14.09,5,PUMP_MIST_HIGH,66.265,28.31,75.95,50.75,2
2,WARM,2,OPTIMAL,1,DRY,0,DARK,29.61,60.61,33.67,12.68,5,PUMP_MIST_HIGH,68.456,26.61,77.61,51.67,3
2,WARM,2,OPTIMAL,1,DRY,1,LOW,31.19,59.7,30.27,45.3,0,OFF,32.682,31.19,59.7,30.27,0
2,WARM,2,OPTIMAL,1,DRY,1,LOW,31.09,64.23,30.26,45.88,0,OFF,33.096,31.09,64.23,30.26,1
2,WARM,2,OPTIMAL,1,DRY,1,LOW,31.2,61.38,33.62,35.94,0,OFF,42.351,31.2,61.38,33.62,2
2,WARM,2,OPTIMAL,1,DRY,1,LOW,29.25,61.96,30.6,41.19,0,OFF,51.213,29.25,61.96,30.6,3
2,WARM,2,OPTIMAL,1,DRY,1,LOW,28.77,63.75,39.64,39.17,1,MIST_LOW,52.512,27.57,72.75,40.64,0
2,WARM,2,OPTIMAL,1,DRY,1,LOW,31.01,58.18,32.28,35.52,1,MIST_LOW,46.803,29.81,67.18,33.28,1
2,WARM,2,OPTIMAL,1,DRY,1,LOW,29.39,63.2,39.01,38.11,1,MIST_LOW,50.101,28.19,72.2,40.01,2
2,WARM,2,OPTIMAL,1,DRY,1,LOW,29.33,64.91,38.28,42.21,1,MIST_LOW,46.004,28.13,73.91,39.28,3
2,WARM,2,OPTIMAL,1,DRY,1,LOW,30.4,59.77,37.1,37.43,2,MIST_HIGH,42.765,28.1,75.77,39.1,0
2,WARM,2,OPTIMAL,1,DRY,1,LOW,29.3,59.0,36.16,44.9,2,MIST_HIGH,45.54,27.0,75.0,38.16,1
2,WARM,2,OPTIMAL,1,DRY,1,LOW,29.74,61.97,39.14,41.68,2,MIST_HIGH,45.651,27.44,77.97,41.14,2
2,WARM,2,OPTIMAL,1,DRY,1,LOW,29.63,65.14,33.08,34.78,2,MIST_HIGH,28.18,27.33,81.14,35.08,3
2,WARM,2,OPTIMAL,1,DRY,1,LOW,29.84,63.42,39.98,38.46,3,PUMP,112.365,29.54,65.42,57.98,0
2,WARM,2,OPTIMAL,1,DRY,1,LOW,29.79,59.38,32.46,39.75,3,PUMP,101.206,29.49,61.38,50.46,1
2,WARM,2,OPTIMAL,1,DRY,1,LOW,28.9,64.69,32.51,39.21,3,PUMP,97.649,28.6,66.69,50.51,2
2,WARM,2,OPTIMAL,1,DRY,1,LOW,28.91,62.44,37.69,43.57,3,PUMP,112.098,28.61,64.44,55.69,3
2,WARM,2,OPTIMAL,1,DRY,1,LOW,30.04,58.31,30.27,44.94,4,PUMP_MIST_LOW,84.237,28.54,68.31,45.27,0
2,WARM,2,OPTIMAL,1,DRY,1,LOW,30.82,62.43,31.0,38.78,4,PUMP_MIST_LOW,68.698,29.32,72.43,46.0,1
2,WARM,2,OPTIMAL,1,DRY,1,LOW,30.74,58.72,31.62,40.2,4,PUMP_MIST_LOW,84.187,29.24,68.72,46.62,2
2,WARM,2,OPTIMAL,1,DRY,1,LOW,30.12,62.13,38.12,42.04,4,PUMP_MIST_LOW,86.346,28.62,72.13,53.12,3
2,WARM,2,OPTIMAL,1,DRY,1,LOW,29.85,59.19,30.3,42.64,5,PUMP_MIST_HIGH,75.412,27.35,75.19,48.3,0
2,WARM,2,OPTIMAL,1,DRY,1,LOW,31.33,63.63,34.63,36.35,5,PUMP_MIST_HIGH,72.669,28.83,79.63,52.63,1
2,WARM,2,OPTIMAL,1,DRY,1,LOW,28.72,61.62,32.47,39.54,5,PUMP_MIST_HIGH,74.679,26.22,77.62,50.47,2
2,WARM,2,OPTIMAL,1,DRY,1,LOW,29.24,58.64,30.48,44.44,5,PUMP_MIST_HIGH,76.957,26.74,74.64,48.48,3
2,WARM,2,OPTIMAL,1,DRY,2,MEDIUM,29.61,62.25,32.76,59.6,0,OFF,38.024,30.11,60.25,30.76,0
2,WARM,2,OPTIMAL,1,DRY,2,MEDIUM,30.84,59.4,37.04,56.3,0,OFF,38.528,31.34,57.4,35.04,1
2,WARM,2,OPTIMAL,1,DRY,2,MEDIUM,30.18,59.45,35.32,62.34,0,OFF,37.108,30.68,57.45,33.32,2
2,WARM,2,OPTIMAL,1,DRY,2,MEDIUM,29.59,61.41,34.29,59.05,0,OFF,39.967,30.09,59.41,32.29,3
2,WARM,2,OPTIMAL,1,DRY,2,MEDIUM,28.68,58.96,30.05,58.39,1,MIST_LOW,45.726,27.98,65.96,29.05,0
2,WARM,2,OPTIMAL,1,DRY,2,MEDIUM,30.48,64.98,32.0,60.83,1,MIST_LOW,26.451,29.78,71.98,31.0,1
2,WARM,2,OPTIMAL,1,DRY,2,MEDIUM,30.9,65.36,34.39,59.05,1,MIST_LOW,21.51,30.2,72.36,33.39,2
2,WARM,2,OPTIMAL,1,DRY,2,MEDIUM,29.82,61.15,38.23,56.95,1,MIST_LOW,55.749,29.12,68.15,37.23,3
2,WARM,2,OPTIMAL,1,DRY,2,MEDIUM,30.24,62.2,38.31,64.39,2,MIST_HIGH,39.327,28.44,76.2,38.31,0
2,WARM,2,OPTIMAL,1,DRY,2,MEDIUM,29.93,58.26,39.8,60.84,2,MIST_HIGH,49.75,28.13,72.26,39.8,1
2,WARM,2,OPTIMAL,1,DRY,2,MEDIUM,29.79,60.48,33.3,63.07,2,MIST_HIGH,32.988,27.99,74.48,33.3,2
2,WARM,2,OPTIMAL,1,DRY,2,MEDIUM,30.71,64.36,30.51,63.06,2,MIST_HIGH,17.959,28.91,78.36,30.51,3
2,WARM,2,OPTIMAL,1,DRY,2,MEDIUM,30.47,58.99,32.52,56.24,3,PUMP,81.558,30.67,58.99,48.52,0
2,WARM,2,OPTIMAL,1,DRY,2,MEDIUM,30.43,62.68,35.44,67.3,3,PUMP,91.496,30.63,62.68,51.44,1
2,WARM,2,OPTIMAL,1,DRY,2,MEDIUM,28.79,63.72,37.57,66.3,3,PUMP,107.583,28.99,63.72,53.57,2
2,WARM,2,OPTIMAL,1,DRY,2,MEDIUM,30.37,60.16,30.03,58.99,3,PUMP,78.499,30.57,60.16,46.03,3
2,WARM,2,OPTIMAL,1,DRY,2,MEDIUM,31.39,58.53,37.84,56.51,4,PUMP_MIST_LOW,84.874,30.39,66.53,50.84,0
2,WARM,2,OPTIMAL,1,DRY,2,MEDIUM,30.31,62.01,38.08,59.57,4,PUMP_MIST_LOW,83.25,29.31,70.01,51.08,1
2,WARM,2,OPTIMAL,1,DRY,2,MEDIUM,30.92,64.57,39.29,60.74,4,PUMP_MIST_LOW,79.739,29.92,72.57,52.29,2
2,WARM,2,OPTIMAL,1,DRY,2,MEDIUM,30.3,65.92,36.39,63.78,4,PUMP_MIST_LOW,73.498,29.3,73.92,49.39,3
2,WARM,2,OPTIMAL,1,DRY,2,MEDIUM,29.16,62.72,36.85,65.76,5,PUMP_MIST_HIGH,83.132,27.16,76.72,52.85,0
2,WARM,2,OPTIMAL,1,DRY,2,MEDIUM,29.67,62.45,32.93,60.93,5,PUMP_MIST_HIGH,73.676,27.67,76.45,48.93,1
2,WARM,2,OPTIMAL,1,DRY,2,MEDIUM,29.67,58.8,32.16,59.44,5,PUMP_MIST_HIGH,77.925,27.67,72.8,48.16,2
2,WARM,2,OPTIMAL,1,DRY,2,MEDIUM,28.74,61.84,32.66,58.8,5,PUMP_MIST_HIGH,75.407,26.74,75.84,48.66,3
2,WARM,2,OPTIMAL,1,DRY,3,BRIGHT,29.09,60.58,31.83,90.84,0,OFF,28.188,30.09,56.58,28.83,0
2,WARM,2,OPTIMAL,1,DRY,3,BRIGHT,31.31,63.36,35.95,88.99,0,OFF,34.185,32.31,59.36,32.95,1
2,WARM,2,OPTIMAL,1,DRY,3,BRIGHT,31.15,65.97,34.46,82.18,0,OFF,35.721,32.15,61.97,31.46,2
2,WARM,2,OPTIMAL,1,DRY,3,BRIGHT,30.59,65.29,31.65,87.17,0,OFF,30.535,31.59,61.29,28.65,3
2,WARM,2,OPTIMAL,1,DRY,3,BRIGHT,31.37,63.28,30.26,87.61,1,MIST_LOW,34.167,31.17,68.28,28.26,0
2,WARM,2,OPTIMAL,1,DRY,3,BRIGHT,30.04,64.56,35.41,84.06,1,MIST_LOW,55.158,29.84,69.56,33.41,1
2,WARM,2,OPTIMAL,1,DRY,3,BRIGHT,28.85,58.44,31.58,89.98,1,MIST_LOW,48.745,28.65,63.44,29.58,2
2,WARM,2,OPTIMAL,1,DRY,3,BRIGHT,28.68,64.43,36.28,83.14,1,MIST_LOW,49.576,28.48,69.43,34.28,3
2,WARM,2,OPTIMAL,1,DRY,3,BRIGHT,31.21,65.49,39.44,91.59,2,MIST_HIGH,44.83,29.91,77.49,38.44,0
2,WARM,2,OPTIMAL,1,DRY,3,BRIGHT,29.26,63.47,37.51,88.86,2,MIST_HIGH,38.242,27.96,75.47,36.51,1
2,WARM,2,OPTIMAL,1,DRY,3,BRIGHT,30.27,65.08,37.8,87.38,2,MIST_HIGH,45.058,28.97,77.08,36.8,2
2,WARM,2,OPTIMAL,1,DRY,3,BRIGHT,29.01,58.9,39.76,93.55,2,MIST_HIGH,51.09,27.71,70.9,38.76,3
2,WARM,2,OPTIMAL,1,DRY,3,BRIGHT,30.65,62.3,36.26,93.57,3,PUMP,87.216,31.35,60.3,51.26,0
2,WARM,2,OPTIMAL,1,DRY,3,BRIGHT,31.2,62.07,38.15,92.22,3,PUMP,89.054,31.9,60.07,53.15,1
2,WARM,2,OPTIMAL,1,DRY,3,BRIGHT,31.32,65.42,38.94,85.65,3,PUMP,91.142,32.02,63.42,53.94,2
2,WARM,2,OPTIMAL,1,DRY,3,BRIGHT,28.99,64.06,34.51,92.56,3,PUMP,99.478,29.69,62.06,49.51,3
2,WARM,2,OPTIMAL,1,DRY,3,BRIGHT,29.6,62.11,39.27,88.85,4,PUMP_MIST_LOW,95.391,29.1,68.11,51.27,0
2,WARM,2,OPTIMAL,1,DRY,3,BRIGHT,29.83,62.05,34.38,82.14,4,PUMP_MIST_LOW,84.438,29.33,68.05,46.38,1
2,WARM,2,OPTIMAL,1,DRY,3,BRIGHT,29.08,64.49,32.6,82.56,4,PUMP_MIST_LOW,61.191,28.58,70.49,44.6,2
2,WARM,2,OPTIMAL,1,DRY,3,BRIGHT,29.93,61.79,30.94,92.11,4,PUMP_MIST_LOW,67.34,29.43,67.79,42.94,3
2,WARM,2,OPTIMAL,1,DRY,3,BRIGHT,30.96,61.04,30.85,89.15,5,PUMP_MIST_HIGH,78.955,29.46,73.04,45.85,0
2,WARM,2,OPTIMAL,1,DRY,3,BRIGHT,28.86,63.18,30.84,83.89,5,PUMP_MIST_HIGH,70.231,27.36,75.18,45.84,1
2,WARM,2,OPTIMAL,1,DRY,3,BRIGHT,31.09,63.39,35.9,91.5,5,PUMP_MIST_HIGH,85.364,29.59,75.39,50.9,2
2,WARM,2,OPTIMAL,1,DRY,3,BRIGHT,30.28,61.39,39.04,83.81,5,PUMP_MIST_HIGH,97.764,28.78,73.39,54.04,3
2,WARM,2,OPTIMAL,2,OPTIMAL,0,DARK,30.63,61.14,62.43,17.04,0,OFF,98.446,30.13,62.14,62.43,0
2,WARM,2,OPTIMAL,2,OPTIMAL,0,DARK,30.97,63.32,53.5,9.52,0,OFF,93.726,30.47,64.32,53.5,1
2,WARM,2,OPTIMAL,2,OPTIMAL,0,DARK,29.59,63.71,55.59,18.49,0,OFF,109.903,29.09,64.71,55.59,2
2,WARM,2,OPTIMAL,2,OPTIMAL,0,DARK,30.81,61.39,56.55,9.53,0,OFF,103.726,30.31,62.39,56.55,3
2,WARM,2,OPTIMAL,2,OPTIMAL,0,DARK,31.12,63.14,54.77,12.41,1,MIST_LOW,87.756,29.42,73.14,55.77,0
2,WARM,2,OPTIMAL,2,OPTIMAL,0,DARK,31.1,63.53,58.58,13.0,1,MIST_LOW,88.546,29.4,73.53,59.58,1
2,WARM,2,OPTIMAL,2,OPTIMAL,0,DARK,29.66,58.86,62.31,15.97,1,MIST_LOW,100.818,27.96,68.86,63.31,2
2,WARM,2,OPTIMAL,2,OPTIMAL,0,DARK,31.01,63.27,59.41,11.18,1,MIST_LOW,87.528,29.31,73.27,60.41,3
2,WARM,2,OPTIMAL,2,OPTIMAL,0,DARK,30.39,65.08,62.26,17.42,2,MIST_HIGH,60.83,27.59,82.08,64.26,0
2,WARM,2,OPTIMAL,2,OPTIMAL,0,DARK,29.39,62.88,56.84,11.98,2,MIST_HIGH,76.332,26.59,79.88,58.84,1
2,WARM,2,OPTIMAL,2,OPTIMAL,0,DARK,29.34,62.89,53.26,14.44,2,MIST_HIGH,72.14,26.54,79.89,55.26,2
2,WARM,2,OPTIMAL,2,OPTIMAL,0,DARK,29.47,58.52,53.12,15.73,2,MIST_HIGH,79.274,26.67,75.52,55.12,3
2,WARM,2,OPTIMAL,2,OPTIMAL,0,DARK,28.89,59.14,62.81,13.27,3,PUMP,64.397,28.09,62.14,80.81,0
2,WARM,2,OPTIMAL,2,OPTIMAL,0,DARK,30.73,64.6,57.07,15.51,3,PUMP,61.824,29.93,67.6,75.07,1
2,WARM,2,OPTIMAL,2,OPTIMAL,0,DARK,28.95,62.02,58.74,18.47,3,PUMP,68.136,28.15,65.02,76.74,2
2,WARM,2,OPTIMAL,2,OPTIMAL,0,DARK,29.22,62.28,58.33,15.02,3,PUMP,67.721,28.42,65.28,76.33,3
2,WARM,2,OPTIMAL,2,OPTIMAL,0,DARK,30.32,65.04,54.37,12.1,4,PUMP_MIST_LOW,67.423,28.32,76.04,69.37,0
2,WARM,2,OPTIMAL,2,OPTIMAL,0,DARK,29.94,65.92,60.53,14.34,4,PUMP_MIST_LOW,44.293,27.94,76.92,75.53,1
2,WARM,2,OPTIMAL,2,OPTIMAL,0,DARK,30.21,61.4,59.23,9.76,4,PUMP_MIST_LOW,53.394,28.21,72.4,74.23,2
2,WARM,2,OPTIMAL,2,OPTIMAL,0,DARK,29.44,59.72,61.3,16.04,4,PUMP_MIST_LOW,54.224,27.44,70.72,76.3,3
2,WARM,2,OPTIMAL,2,OPTIMAL,0,DARK,30.72,63.8,56.58,18.07,5,PUMP_MIST_HIGH,30.81,27.72,80.8,74.58,0
2,WARM,2,OPTIMAL,2,OPTIMAL,0,DARK,30.28,64.52,62.99,19.48,5,PUMP_MIST_HIGH,17.606,27.28,81.52,80.99,1
2,WARM,2,OPTIMAL,2,OPTIMAL,0,DARK,30.6,58.86,55.13,17.64,5,PUMP_MIST_HIGH,42.114,27.6,75.86,73.13,2
2,WARM,2,OPTIMAL,2,OPTIMAL,0,DARK,31.1,60.73,62.81,9.53,5,PUMP_MIST_HIGH,21.39,28.1,77.73,80.81,3
2,WARM,2,OPTIMAL,2,OPTIMAL,1,LOW,29.31,62.45,53.94,37.99,0,OFF,109.361,29.31,62.45,53.94,0
2,WARM,2,OPTIMAL,2,OPTIMAL,1,LOW,30.92,58.18,54.66,44.88,0,OFF,92.3,30.92,58.18,54.66,1
2,WARM,2,OPTIMAL,2,OPTIMAL,1,LOW,29.38,60.42,54.45,35.49,0,OFF,108.39,29.38,60.42,54.45,2
2,WARM,2,OPTIMAL,2,OPTIMAL,1,LOW,28.87,60.54,53.32,36.32,0,OFF,107.839,28.87,60.54,53.32,3
2,WARM,2,OPTIMAL,2,OPTIMAL,1,LOW,29.41,58.23,58.67,38.82,1,MIST_LOW,110.256,28.21,67.23,59.67,0
2,WARM,2,OPTIMAL,2,OPTIMAL,1,LOW,28.78,64.04,57.84,44.94,1,MIST_LOW,96.713,27.58,73.04,58.84,1
2,WARM,2,OPTIMAL,2,OPTIMAL,1,LOW,30.69,64.18,54.27,37.1,1,MIST_LOW,86.398,29.49,73.18,55.27,2
2,WARM,2,OPTIMAL,2,OPTIMAL,1,LOW,30.11,64.02,59.3,40.56,1,MIST_LOW,89.419,28.91,73.02,60.3,3
2,WARM,2,OPTIMAL,2,OPTIMAL,1,LOW,31.28,63.84,61.66,39.54,2,MIST_HIGH,71.241,28.98,79.84,63.66,0
2,WARM,2,OPTIMAL,2,OPTIMAL,1,LOW,30.14,58.78,53.8,37.25,2,MIST_HIGH,90.233,27.84,74.78,55.8,1
2,WARM,2,OPTIMAL,2,OPTIMAL,1,LOW,30.05,65.96,60.87,44.08,2,MIST_HIGH,73.436,27.75,81.96,62.87,2
2,WARM,2,OPTIMAL,2,OPTIMAL,1,LOW,30.34,65.35,59.27,45.37,2,MIST_HIGH,76.839,28.04,81.35,61.27,3
2,WARM,2,OPTIMAL,2,OPTIMAL,1,LOW,30.13,62.93,58.38,43.66,3,PUMP,63.651,29.83,64.93,76.38,0
2,WARM,2,OPTIMAL,2,OPTIMAL,1,LOW,29.3,65.8,56.96,41.42,3,PUMP,64.714,29.0,67.8,74.96,1
2,WARM,2,OPTIMAL,2,OPTIMAL,1,LOW,29.83,65.44,56.81,37.75,3,PUMP,63.882,29.53,67.44,74.81,2
2,WARM,2,OPTIMAL,2,OPTIMAL,1,LOW,31.1,58.72,56.4,37.13,3,PUMP,59.353,30.8,60.72,74.4,3
2,WARM,2,OPTIMAL,2,OPTIMAL,1,LOW,29.48,63.28,54.11,41.36,4,PUMP_MIST_LOW,73.5,27.98,73.28,69.11,0
2,WARM,2,OPTIMAL,2,OPTIMAL,1,LOW,30.62,63.44,53.59,42.25,4,PUMP_MIST_LOW,70.679,29.12,73.44,68.59,1
2,WARM,2,OPTIMAL,2,OPTIMAL,1,LOW,29.94,60.89,59.97,38.58,4,PUMP_MIST_LOW,53.538,28.44,70.89,74.97,2
2,WARM,2,OPTIMAL,2,OPTIMAL,1,LOW,30.55,60.81,53.7,34.94,4,PUMP_MIST_LOW,74.881,29.05,70.81,68.7,3
2,WARM,2,OPTIMAL,2,OPTIMAL,1,LOW,30.51,58.49,61.33,40.45,5,PUMP_MIST_HIGH,39.988,28.01,74.49,79.33,0
2,WARM,2,OPTIMAL,2,OPTIMAL,1,LOW,30.76,64.46,55.07,37.77,5,PUMP_MIST_HIGH,42.783,28.26,80.46,73.07,1
2,WARM,2,OPTIMAL,2,OPTIMAL,1,LOW,29.75,63.67,54.26,40.18,5,PUMP_MIST_HIGH,48.979,27.25,79.67,72.26,2
2,WARM,2,OPTIMAL,2,OPTIMAL,1,LOW,29.33,60.98,53.56,39.83,5,PUMP_MIST_HIGH,55.01,26.83,76.98,71.56,3
2,WARM,2,OPTIMAL,2,OPTIMAL,2,MEDIUM,28.74,62.75,59.51,59.61,0,OFF,115.822,29.24,60.75,57.51,0
2,WARM,2,OPTIMAL,2,OPTIMAL,2,MEDIUM,28.98,62.24,58.8,58.15,0,OFF,112.739,29.48,60.24,56.8,1
2,WARM,2,OPTIMAL,2,OPTIMAL,2,MEDIUM,29.42,61.01,56.75,66.38,0,OFF,105.045,29.92,59.01,54.75,2
2,WARM,2,OPTIMAL,2,OPTIMAL,2,MEDIUM,30.8,63.92,58.57,61.22,0,OFF,101.113,31.3,61.92,56.57,3
2,WARM,2,OPTIMAL,2,OPTIMAL,2,MEDIUM,29.99,58.4,60.89,59.15,1,MIST_LOW,109.25,29.29,65.4,59.89,0
2,WARM,2,OPTIMAL,2,OPTIMAL,2,MEDIUM,28.64,64.32,56.11,61.08,1,MIST_LOW,93.999,27.94,71.32,55.11,1
2,WARM,2,OPTIMAL,2,OPTIMAL,2,MEDIUM,29.62,64.05,56.4,66.71,1,MIST_LOW,91.915,28.92,71.05,55.4,2
2,WARM,2,OPTIMAL,2,OPTIMAL,2,MEDIUM,30.2,64.26,56.09,59.83,1,MIST_LOW,89.065,29.5,71.26,55.09,3
2,WARM,2,OPTIMAL,2,OPTIMAL,2,MEDIUM,29.22,64.25,61.05,56.35,2,MIST_HIGH,84.252,27.42,78.25,61.05,0
2,WARM,2,OPTIMAL,2,OPTIMAL,2,MEDIUM,28.97,64.86,56.7,65.59,2,MIST_HIGH,87.758,27.17,78.86,56.7,1
2,WARM,2,OPTIMAL,2,OPTIMAL,2,MEDIUM,31.05,64.27,61.54,58.21,2,MIST_HIGH,77.326,29.25,78.27,61.54,2
2,WARM,2,OPTIMAL,2,OPTIMAL,2,MEDIUM,29.77,63.6,53.54,60.76,2,MIST_HIGH,80.559,27.97,77.6,53.54,3
2,WARM,2,OPTIMAL,2,OPTIMAL,2,MEDIUM,29.54,62.87,55.29,56.64,3,PUMP,77.955,29.74,62.87,71.29,0
2,WARM,2,OPTIMAL,2,OPTIMAL,2,MEDIUM,30.55,63.4,54.6,58.24,3,PUMP,67.306,30.75,63.4,70.6,1
2,WARM,2,OPTIMAL,2,OPTIMAL,2,MEDIUM,29.09,60.35,62.63,65.58,3,PUMP,62.709,29.29,60.35,78.63,2
2,WARM,2,OPTIMAL,2,OPTIMAL,2,MEDIUM,29.8,65.05,59.94,61.69,3,PUMP,63.849,30.0,65.05,75.94,3
2,WARM,2,OPTIMAL,2,OPTIMAL,2,MEDIUM,29.72,64.11,59.13,60.68,4,PUMP_MIST_LOW,56.629,28.72,72.11,72.13,0
2,WARM,2,OPTIMAL,2,OPTIMAL,2,MEDIUM,28.89,59.42,60.09,57.2,4,PUMP_MIST_LOW,72.795,27.89,67.42,73.09,1
2,WARM,2,OPTIMAL,2,OPTIMAL,2,MEDIUM,29.64,65.78,58.03,67.48,4,PUMP_MIST_LOW,56.525,28.64,73.78,71.03,2
2,WARM,2,OPTIMAL,2,OPTIMAL,2,MEDIUM,30.09,62.14,56.88,56.72,4,PUMP_MIST_LOW,73.329,29.09,70.14,69.88,3
2,WARM,2,OPTIMAL,2,OPTIMAL,2,MEDIUM,30.73,65.84,53.15,61.7,5,PUMP_MIST_HIGH,60.514,28.73,79.84,69.15,0
2,WARM,2,OPTIMAL,2,OPTIMAL,2,MEDIUM,30.05,61.17,60.11,67.9,5,PUMP_MIST_HIGH,45.554,28.05,75.17,76.11,1
2,WARM,2,OPTIMAL,2,OPTIMAL,2,MEDIUM,28.96,65.0,54.73,63.15,5,PUMP_MIST_HIGH,53.94,26.96,79.0,70.73,2
2,WARM,2,OPTIMAL,2,OPTIMAL,2,MEDIUM,31.24,61.55,60.86,56.16,5,PUMP_MIST_HIGH,39.56,29.24,75.55,76.86,3
2,WARM,2,OPTIMAL,2,OPTIMAL,3,BRIGHT,30.85,61.57,62.94,86.9,0,OFF,91.327,31.85,57.57,59.94,0
2,WARM,2,OPTIMAL,2,OPTIMAL,3,BRIGHT,29.34,59.31,61.12,82.91,0,OFF,96.371,30.34,55.31,58.12,1
2,WARM,2,OPTIMAL,2,OPTIMAL,3,BRIGHT,30.65,65.36,53.53,88.35,0,OFF,86.428,31.65,61.36,50.53,2
2,WARM,2,OPTIMAL,2,OPTIMAL,3,BRIGHT,29.24,64.08,57.79,84.74,0,OFF,97.807,30.24,60.08,54.79,3
2,WARM,2,OPTIMAL,2,OPTIMAL,3,BRIGHT,29.57,62.71,56.86,91.03,1,MIST_LOW,102.69,29.37,67.71,54.86,0
2,WARM,2,OPTIMAL,2,OPTIMAL,3,BRIGHT,28.73,62.43,62.74,89.63,1,MIST_LOW,106.649,28.53,67.43,60.74,1
2,WARM,2,OPTIMAL,2,OPTIMAL,3,BRIGHT,29.63,60.12,58.14,85.72,1,MIST_LOW,109.325,29.43,65.12,56.14,2
2,WARM,2,OPTIMAL,2,OPTIMAL,3,BRIGHT,28.95,62.46,60.51,88.04,1,MIST_LOW,110.604,28.75,67.46,58.51,3
2,WARM,2,OPTIMAL,2,OPTIMAL,3,BRIGHT,31.06,60.9,60.52,93.4,2,MIST_HIGH,100.532,29.76,72.9,59.52,0
2,WARM,2,OPTIMAL,2,OPTIMAL,3,BRIGHT,28.73,63.41,57.29,85.67,2,MIST_HIGH,91.581,27.43,75.41,56.29,1
2,WARM,2,OPTIMAL,2,OPTIMAL,3,BRIGHT,29.63,63.22,56.39,83.75,2,MIST_HIGH,87.109,28.33,75.22,55.39,2
2,WARM,2,OPTIMAL,2,OPTIMAL,3,BRIGHT,29.15,65.04,54.11,93.33,2,MIST_HIGH,80.951,27.85,77.04,53.11,3
2,WARM,2,OPTIMAL,2,OPTIMAL,3,BRIGHT,29.03,63.7,57.47,91.24,3,PUMP,76.388,29.73,61.7,72.47,0
2,WARM,2,OPTIMAL,2,OPTIMAL,3,BRIGHT,30.32,63.89,62.77,90.19,3,PUMP,53.438,31.02,61.89,77.77,1
2,WARM,2,OPTIMAL,2,OPTIMAL,3,BRIGHT,30.34,64.52,53.85,87.26,3,PUMP,81.456,31.04,62.52,68.85,2
2,WARM,2,OPTIMAL,2,OPTIMAL,3,BRIGHT,30.77,64.11,55.43,85.52,3,PUMP,67.427,31.47,62.11,70.43,3
2,WARM,2,OPTIMAL,2,OPTIMAL,3,BRIGHT,30.4,63.94,57.89,82.37,4,PUMP_MIST_LOW,91.056,29.9,69.94,69.89,0
2,WARM,2,OPTIMAL,2,OPTIMAL,3,BRIGHT,31.03,62.44,56.8,84.04,4,PUMP_MIST_LOW,85.731,30.53,68.44,68.8,1
2,WARM,2,OPTIMAL,2,OPTIMAL,3,BRIGHT,28.8,61.8,60.14,89.86,4,PUMP_MIST_LOW,72.853,28.3,67.8,72.14,2
2,WARM,2,OPTIMAL,2,OPTIMAL,3,BRIGHT,28.77,64.77,59.07,86.64,4,PUMP_MIST_LOW,62.455,28.27,70.77,71.07,3
2,WARM,2,OPTIMAL,2,OPTIMAL,3,BRIGHT,29.29,58.33,56.29,89.62,5,PUMP_MIST_HIGH,64.226,27.79,70.33,71.29,0
2,WARM,2,OPTIMAL,2,OPTIMAL,3,BRIGHT,28.69,62.87,60.93,84.75,5,PUMP_MIST_HIGH,49.14,27.19,74.87,75.93,1
2,WARM,2,OPTIMAL,2,OPTIMAL,3,BRIGHT,30.61,62.02,54.45,89.49,5,PUMP_MIST_HIGH,79.956,29.11,74.02,69.45,2
2,WARM,2,OPTIMAL,2,OPTIMAL,3,BRIGHT,29.24,64.78,61.81,82.14,5,PUMP_MIST_HIGH,42.47,27.74,76.78,76.81,3
2,WARM,2,OPTIMAL,3,WET,0,DARK,31.0,64.91,84.88,17.88,0,OFF,34.1,30.5,65.91,84.88,0
2,WARM,2,OPTIMAL,3,WET,0,DARK,30.04,63.72,80.96,14.69,0,OFF,55.291,29.54,64.72,80.96,1
2,WARM,2,OPTIMAL,3,WET,0,DARK,29.4,65.24,85.43,13.14,0,OFF,45.534,28.9,66.24,85.43,2
2,WARM,2,OPTIMAL,3,WET,0,DARK,29.08,60.03,86.17,20.47,0,OFF,50.237,28.58,61.03,86.17,3
2,WARM,2,OPTIMAL,3,WET,0,DARK,29.33,61.42,85.26,11.52,1,MIST_LOW,31.561,27.63,71.42,86.26,0
2,WARM,2,OPTIMAL,3,WET,0,DARK,30.1,60.89,77.66,16.23,1,MIST_LOW,45.912,28.4,70.89,78.66,1
2,WARM,2,OPTIMAL,3,WET,0,DARK,29.21,63.64,82.52,9.19,1,MIST_LOW,34.151,27.51,73.64,83.52,2
2,WARM,2,OPTIMAL,3,WET,0,DARK,30.52,64.05,85.0,17.03,1,MIST_LOW,24.089,28.82,74.05,86.0,3
2,WARM,2,OPTIMAL,3,WET,0,DARK,29.27,62.77,78.47,14.48,2,MIST_HIGH,20.704,26.47,79.77,80.47,0
2,WARM,2,OPTIMAL,3,WET,0,DARK,30.01,63.29,85.74,17.82,2,MIST_HIGH,5.621,27.21,80.29,87.74,1
2,WARM,2,OPTIMAL,3,WET,0,DARK,30.85,62.54,81.26,16.04,2,MIST_HIGH,13.531,28.05,79.54,83.26,2
2,WARM,2,OPTIMAL,3,WET,0,DARK,30.04,59.24,85.87,17.29,2,MIST_HIGH,11.725,27.24,76.24,87.87,3
2,WARM,2,OPTIMAL,3,WET,0,DARK,28.77,65.95,80.15,15.95,3,PUMP,-10.523,27.97,68.95,98.15,0
2,WARM,2,OPTIMAL,3,WET,0,DARK,28.97,61.83,79.74,14.39,3,PUMP,-3.745,28.17,64.83,97.74,1
2,WARM,2,OPTIMAL,3,WET,0,DARK,28.99,61.01,77.36,10.07,3,PUMP,2.519,28.19,64.01,95.36,2
2,WARM,2,OPTIMAL,3,WET,0,DARK,30.64,62.79,84.48,13.58,3,PUMP,-15.348,29.84,65.79,100.0,3
2,WARM,2,OPTIMAL,3,WET,0,DARK,29.31,60.14,86.05,18.98,4,PUMP_MIST_LOW,-23.811,27.31,71.14,100.0,0
2,WARM,2,OPTIMAL,3,WET,0,DARK,30.42,62.74,78.63,11.83,4,PUMP_MIST_LOW,-18.132,28.42,73.74,93.63,1
2,WARM,2,OPTIMAL,3,WET,0,DARK,30.19,58.83,86.76,20.82,4,PUMP_MIST_LOW,-16.53,28.19,69.83,100.0,2
2,WARM,2,OPTIMAL,3,WET,0,DARK,30.45,62.0,80.92,18.8,4,PUMP_MIST_LOW,-21.859,28.45,73.0,95.92,3
2,WARM,2,OPTIMAL,3,WET,0,DARK,31.24,62.53,86.83,15.2,5,PUMP_MIST_HIGH,-50.228,28.24,79.53,100.0,0
2,WARM,2,OPTIMAL,3,WET,0,DARK,30.04,58.4,82.78,20.09,5,PUMP_MIST_HIGH,-39.764,27.04,75.4,100.0,1
2,WARM,2,OPTIMAL,3,WET,0,DARK,29.07,58.97,85.16,9.18,5,PUMP_MIST_HIGH,-43.527,26.07,75.97,100.0,2
2,WARM,2,OPTIMAL,3,WET,0,DARK,29.24,65.11,77.16,17.3,5,PUMP_MIST_HIGH,-42.64,26.24,82.11,95.16,3
2,WARM,2,OPTIMAL,3,WET,1,LOW,29.68,61.47,78.15,44.92,0,OFF,64.27,29.68,61.47,78.15,0
2,WARM,2,OPTIMAL,3,WET,1,LOW,30.02,63.05,83.71,40.7,0,OFF,42.646,30.02,63.05,83.71,1
2,WARM,2,OPTIMAL,3,WET,1,LOW,30.85,61.85,80.86,34.13,0,OFF,47.438,30.85,61.85,80.86,2
2,WARM,2,OPTIMAL,3,WET,1,LOW,28.83,60.36,80.73,43.56,0,OFF,59.787,28.83,60.36,80.73,3
2,WARM,2,OPTIMAL,3,WET,1,LOW,29.41,65.34,79.35,40.64,1,MIST_LOW,37.452,28.21,74.34,80.35,0
2,WARM,2,OPTIMAL,3,WET,1,LOW,31.2,63.2,83.41,35.02,1,MIST_LOW,26.618,30.0,72.2,84.41,1
2,WARM,2,OPTIMAL,3,WET,1,LOW,30.03,58.38,81.83,39.05,1,MIST_LOW,49.407,28.83,67.38,82.83,2
2,WARM,2,OPTIMAL,3,WET,1,LOW,30.7,64.85,83.42,36.34,1,MIST_LOW,25.559,29.5,73.85,84.42,3
2,WARM,2,OPTIMAL,3,WET,1,LOW,29.47,64.93,82.89,43.98,2,MIST_HIGH,20.716,27.17,80.93,84.89,0
2,WARM,2,OPTIMAL,3,WET,1,LOW,30.81,58.28,78.99,43.28,2,MIST_HIGH,35.245,28.51,74.28,80.99,1
2,WARM,2,OPTIMAL,3,WET,1,LOW,28.65,64.68,81.04,36.19,2,MIST_HIGH,23.43,26.35,80.68,83.04,2
2,WARM,2,OPTIMAL,3,WET,1,LOW,29.64,64.52,86.43,45.43,2,MIST_HIGH,13.372,27.34,80.52,88.43,3
2,WARM,2,OPTIMAL,3,WET,1,LOW,30.25,61.5,77.75,34.23,3,PUMP,-3.097,29.95,63.5,95.75,0
2,WARM,2,OPTIMAL,3,WET,1,LOW,30.53,61.49,86.72,42.02,3,PUMP,-20.913,30.23,63.49,100.0,1
2,WARM,2,OPTIMAL,3,WET,1,LOW,29.78,58.74,77.13,41.77,3,PUMP,0.062,29.48,60.74,95.13,2
2,WARM,2,OPTIMAL,3,WET,1,LOW,31.17,60.39,77.87,35.08,3,PUMP,-12.514,30.87,62.39,95.87,3
2,WARM,2,OPTIMAL,3,WET,1,LOW,30.95,65.94,79.25,37.39,4,PUMP_MIST_LOW,-26.285,29.45,75.94,94.25,0
2,WARM,2,OPTIMAL,3,WET,1,LOW,30.86,62.33,78.01,41.37,4,PUMP_MIST_LOW,-17.603,29.36,72.33,93.01,1
2,WARM,2,OPTIMAL,3,WET,1,LOW,31.18,62.73,84.72,39.63,4,PUMP_MIST_LOW,-33.377,29.68,72.73,99.72,2
2,WARM,2,OPTIMAL,3,WET,1,LOW,30.06,58.12,84.73,43.12,4,PUMP_MIST_LOW,-14.43,28.56,68.12,99.73,3
2,WARM,2,OPTIMAL,3,WET,1,LOW,29.8,62.39,79.94,35.69,5,PUMP_MIST_HIGH,-31.068,27.3,78.39,97.94,0
2,WARM,2,OPTIMAL,3,WET,1,LOW,30.1,62.54,83.22,35.91,5,PUMP_MIST_HIGH,-36.571,27.6,78.54,100.0,1
2,WARM,2,OPTIMAL,3,WET,1,LOW,30.3,64.28,82.28,40.48,5,PUMP_MIST_HIGH,-40.005,27.8,80.28,100.0,2
2,WARM,2,OPTIMAL,3,WET,1,LOW,30.16,62.16,83.35,35.42,5,PUMP_MIST_HIGH,-36.176,27.66,78.16,100.0,3
2,WARM,2,OPTIMAL,3,WET,2,MEDIUM,30.08,63.46,83.41,65.38,0,OFF,46.513,30.58,61.46,81.41,0
2,WARM,2,OPTIMAL,3,WET,2,MEDIUM,28.8,58.25,85.03,61.15,0,OFF,46.861,29.3,56.25,83.03,1
2,WARM,2,OPTIMAL,3,WET,2,MEDIUM,29.62,64.75,82.69,66.76,0,OFF,49.169,30.12,62.75,80.69,2
2,WARM,2,OPTIMAL,3,WET,2,MEDIUM,28.67,62.76,78.27,67.32,0,OFF,68.726,29.17,60.76,76.27,3
2,WARM,2,OPTIMAL,3,WET,2,MEDIUM,28.97,65.05,84.64,60.3,1,MIST_LOW,34.008,28.27,72.05,83.64,0
2,WARM,2,OPTIMAL,3,WET,2,MEDIUM,30.98,63.05,82.77,65.97,1,MIST_LOW,26.709,30.28,70.05,81.77,1
2,WARM,2,OPTIMAL,3,WET,2,MEDIUM,29.12,58.12,86.78,62.64,1,MIST_LOW,48.125,28.42,65.12,85.78,2
2,WARM,2,OPTIMAL,3,WET,2,MEDIUM,28.62,65.55,85.97,60.42,1,MIST_LOW,31.546,27.92,72.55,84.97,3
2,WARM,2,OPTIMAL,3,WET,2,MEDIUM,28.99,58.58,81.61,60.03,2,MIST_HIGH,40.88,27.19,72.58,81.61,0
2,WARM,2,OPTIMAL,3,WET,2,MEDIUM,29.48,65.66,81.61,61.48,2,MIST_HIGH,27.997,27.68,79.66,81.61,1
2,WARM,2,OPTIMAL,3,WET,2,MEDIUM,30.58,63.37,78.38,59.56,2,MIST_HIGH,34.928,28.78,77.37,78.38,2
2,WARM,2,OPTIMAL,3,WET,2,MEDIUM,30.29,64.27,77.97,64.08,2,MIST_HIGH,35.281,28.49,78.27,77.97,3
2,WARM,2,OPTIMAL,3,WET,2,MEDIUM,30.94,62.41,79.8,63.3,3,PUMP,-13.285,31.14,62.41,95.8,0
2,WARM,2,OPTIMAL,3,WET,2,MEDIUM,30.26,65.52,81.36,58.12,3,PUMP,-19.348,30.46,65.52,97.36,1
2,WARM,2,OPTIMAL,3,WET,2,MEDIUM,28.99,65.54,80.34,63.05,3,PUMP,-5.213,29.19,65.54,96.34,2
2,WARM,2,OPTIMAL,3,WET,2,MEDIUM,29.86,64.49,85.82,66.96,3,PUMP,-21.968,30.06,64.49,100.0,3
2,WARM,2,OPTIMAL,3,WET,2,MEDIUM,29.34,63.85,79.66,57.58,4,PUMP_MIST_LOW,-12.845,28.34,71.85,92.66,0
2,WARM,2,OPTIMAL,3,WET,2,MEDIUM,30.91,60.77,79.94,61.83,4,PUMP_MIST_LOW,-5.5,29.91,68.77,92.94,1
2,WARM,2,OPTIMAL,3,WET,2,MEDIUM,30.94,60.55,84.8,57.52,4,PUMP_MIST_LOW,-15.454,29.94,68.55,97.8,2
2,WARM,2,OPTIMAL,3,WET,2,MEDIUM,30.97,59.13,85.45,60.41,4,PUMP_MIST_LOW,-14.638,29.97,67.13,98.45,3
2,WARM,2,OPTIMAL,3,WET,2,MEDIUM,30.93,63.68,77.18,64.81,5,PUMP_MIST_HIGH,-25.133,28.93,77.68,93.18,0
2,WARM,2,OPTIMAL,3,WET,2,MEDIUM,28.78,61.19,86.25,66.78,5,PUMP_MIST_HIGH,-30.023,26.78,75.19,100.0,1
2,WARM,2,OPTIMAL,3,WET,2,MEDIUM,29.75,65.61,81.59,58.54,5,PUMP_MIST_HIGH,-33.708,27.75,79.61,97.59,2
2,WARM,2,OPTIMAL,3,WET,2,MEDIUM,28.98,64.78,81.7,58.13,5,PUMP_MIST_HIGH,-30.281,26.98,78.78,97.7,3
2,WARM,2,OPTIMAL,3,WET,3,BRIGHT,29.06,62.48,80.28,90.65,0,OFF,52.098,30.06,58.48,77.28,0
2,WARM,2,OPTIMAL,3,WET,3,BRIGHT,30.81,58.04,77.89,88.24,0,OFF,36.42,31.81,54.04,74.89,1
2,WARM,2,OPTIMAL,3,WET,3,BRIGHT,31.25,64.53,78.83,90.27,0,OFF,51.427,32.25,60.53,75.83,2
2,WARM,2,OPTIMAL,3,WET,3,BRIGHT,30.61,59.92,78.36,87.04,0,OFF,47.07,31.61,55.92,75.36,3
2,WARM,2,OPTIMAL,3,WET,3,BRIGHT,29.69,65.47,86.24,91.54,1,MIST_LOW,31.367,29.49,70.47,84.24,0
2,WARM,2,OPTIMAL,3,WET,3,BRIGHT,29.64,61.85,77.59,86.22,1,MIST_LOW,63.477,29.44,66.85,75.59,1
2,WARM,2,OPTIMAL,3,WET,3,BRIGHT,30.17,63.58,86.49,83.1,1,MIST_LOW,52.321,29.97,68.58,84.49,2
2,WARM,2,OPTIMAL,3,WET,3,BRIGHT,30.21,65.8,83.1,92.13,1,MIST_LOW,39.778,30.01,70.8,81.1,3
2,WARM,2,OPTIMAL,3,WET,3,BRIGHT,31.08,58.87,85.16,83.03,2,MIST_HIGH,41.962,29.78,70.87,84.16,0
2,WARM,2,OPTIMAL,3,WET,3,BRIGHT,29.12,58.65,85.8,90.93,2,MIST_HIGH,35.257,27.82,70.65,84.8,1
2,WARM,2,OPTIMAL,3,WET,3,BRIGHT,29.24,64.54,84.94,82.64,2,MIST_HIGH,27.273,27.94,76.54,83.94,2
2,WARM,2,OPTIMAL,3,WET,3,BRIGHT,30.19,59.6,77.33,82.85,2,MIST_HIGH,60.093,28.89,71.6,76.33,3
2,WARM,2,OPTIMAL,3,WET,3,BRIGHT,29.8,60.51,77.15,93.48,3,PUMP,-8.505,30.5,58.51,92.15,0
2,WARM,2,OPTIMAL,3,WET,3,BRIGHT,29.32,63.61,86.88,83.04,3,PUMP,-18.489,30.02,61.61,100.0,1
2,WARM,2,OPTIMAL,3,WET,3,BRIGHT,30.01,64.28,82.62,85.93,3,PUMP,-15.525,30.71,62.28,97.62,2
2,WARM,2,OPTIMAL,3,WET,3,BRIGHT,29.42,64.49,78.41,88.81,3,PUMP,-5.121,30.12,62.49,93.41,3
2,WARM,2,OPTIMAL,3,WET,3,BRIGHT,29.91,62.74,82.73,92.38,4,PUMP_MIST_LOW,-7.643,29.41,68.74,94.73,0
2,WARM,2,OPTIMAL,3,WET,3,BRIGHT,29.75,59.05,79.57,93.48,4,PUMP_MIST_LOW,5.405,29.25,65.05,91.57,1
2,WARM,2,OPTIMAL,3,WET,3,BRIGHT,30.74,61.31,84.33,93.51,4,PUMP_MIST_LOW,-7.362,30.24,67.31,96.33,2
2,WARM,2,OPTIMAL,3,WET,3,BRIGHT,30.82,62.12,78.41,87.69,4,PUMP_MIST_LOW,3.52,30.32,68.12,90.41,3
2,WARM,2,OPTIMAL,3,WET,3,BRIGHT,30.85,64.49,77.83,92.82,5,PUMP_MIST_HIGH,-11.846,29.35,76.49,92.83,0
2,WARM,2,OPTIMAL,3,WET,3,BRIGHT,30.63,58.57,79.58,82.54,5,PUMP_MIST_HIGH,-5.339,29.13,70.57,94.58,1
2,WARM,2,OPTIMAL,3,WET,3,BRIGHT,29.59,62.49,83.11,84.66,5,PUMP_MIST_HIGH,-27.685,28.09,74.49,98.11,2
2,WARM,2,OPTIMAL,3,WET,3,BRIGHT,29.11,61.75,79.97,93.65,5,PUMP_MIST_HIGH,-18.387,27.61,73.75,94.97,3
2,WARM,3,HUMID,0,VERY_DRY,0,DARK,30.79,83.83,14.38,15.29,0,OFF,-73.67,30.29,84.83,14.38,0
2,WARM,3,HUMID,0,VERY_DRY,0,DARK,31.07,79.94,18.71,10.82,0,OFF,-59.215,30.57,80.94,18.71,1
2,WARM,3,HUMID,0,VERY_DRY,0,DARK,30.08,81.25,12.73,15.55,0,OFF,-62.727,29.58,82.25,12.73,2
2,WARM,3,HUMID,0,VERY_DRY,0,DARK,28.71,81.43,11.94,15.58,0,OFF,-60.294,28.21,82.43,11.94,3
2,WARM,3,HUMID,0,VERY_DRY,0,DARK,31.37,85.97,18.91,20.17,1,MIST_LOW,-93.892,29.67,95.97,19.91,0
2,WARM,3,HUMID,0,VERY_DRY,0,DARK,30.01,82.38,19.68,12.82,1,MIST_LOW,-82.173,28.31,92.38,20.68,1
2,WARM,3,HUMID,0,VERY_DRY,0,DARK,29.24,85.37,17.98,16.57,1,MIST_LOW,-88.058,27.54,95.37,18.98,2
2,WARM,3,HUMID,0,VERY_DRY,0,DARK,30.98,81.25,11.38,9.57,1,MIST_LOW,-100.894,29.28,91.25,12.38,3
2,WARM,3,HUMID,0,VERY_DRY,0,DARK,29.54,81.56,14.44,12.32,2,MIST_HIGH,-107.619,26.74,98.56,16.44,0
2,WARM,3,HUMID,0,VERY_DRY,0,DARK,28.74,80.88,16.2,13.23,2,MIST_HIGH,-105.383,25.94,97.88,18.2,1
2,WARM,3,HUMID,0,VERY_DRY,0,DARK,29.62,81.18,12.06,11.19,2,MIST_HIGH,-111.733,26.82,98.18,14.06,2
2,WARM,3,HUMID,0,VERY_DRY,0,DARK,30.91,82.75,15.41,13.0,2,MIST_HIGH,-110.195,28.11,99.75,17.41,3
2,WARM,3,HUMID,0,VERY_DRY,0,DARK,30.74,78.86,14.93,17.4,3,PUMP,14.169,29.94,81.86,32.93,0
2,WARM,3,HUMID,0,VERY_DRY,0,DARK,30.65,83.33,16.0,19.67,3,PUMP,9.57,29.85,86.33,34.0,1
2,WARM,3,HUMID,0,VERY_DRY,0,DARK,28.88,78.67,11.0,18.35,3,PUMP,12.182,28.08,81.67,29.0,2
2,WARM,3,HUMID,0,VERY_DRY,0,DARK,31.24,78.76,19.86,9.23,3,PUMP,15.104,30.44,81.76,37.86,3
2,WARM,3,HUMID,0,VERY_DRY,0,DARK,29.52,80.36,19.42,17.18,4,PUMP_MIST_LOW,-14.148,27.52,91.36,34.42,0
2,WARM,3,HUMID,0,VERY_DRY,0,DARK,28.75,83.62,11.68,9.29,4,PUMP_MIST_LOW,-34.759,26.75,94.62,26.68,1
2,WARM,3,HUMID,0,VERY_DRY,0,DARK,30.61,80.97,12.34,18.81,4,PUMP_MIST_LOW,-33.483,28.61,91.97,27.34,2
2,WARM,3,HUMID,0,VERY_DRY,0,DARK,31.21,83.59,10.83,11.13,4,PUMP_MIST_LOW,-42.768,29.21,94.59,25.83,3
2,WARM,3,HUMID,0,VERY_DRY,0,DARK,28.6,78.66,11.35,14.25,5,PUMP_MIST_HIGH,-44.493,25.6,95.66,29.35,0
2,WARM,3,HUMID,0,VERY_DRY,0,DARK,29.48,84.35,15.66,19.46,5,PUMP_MIST_HIGH,-39.585,26.48,100.0,33.66,1
2,WARM,3,HUMID,0,VERY_DRY,0,DARK,28.77,79.26,14.18,18.75,5,PUMP_MIST_HIGH,-38.997,25.77,96.26,32.18,2
2,WARM,3,HUMID,0,VERY_DRY,0,DARK,31.17,78.63,11.11,11.58,5,PUMP_MIST_HIGH,-44.234,28.17,95.63,29.11,3
2,WARM,3,HUMID,0,VERY_DRY,1,LOW,30.61,79.46,18.79,45.6,0,OFF,-56.861,30.61,79.46,18.79,0
2,WARM,3,HUMID,0,VERY_DRY,1,LOW,30.43,83.49,12.6,41.6,0,OFF,-75.72,30.43,83.49,12.6,1
2,WARM,3,HUMID,0,VERY_DRY,1,LOW,30.33,78.26,12.83,45.47,0,OFF,-66.531,30.33,78.26,12.83,2
2,WARM,3,HUMID,0,VERY_DRY,1,LOW,29.98,84.12,17.04,44.13,0,OFF,-57.935,29.98,84.12,17.04,3
2,WARM,3,HUMID,0,VERY_DRY,1,LOW,29.9,82.41,19.31,42.5,1,MIST_LOW,-82.638,28.7,91.41,20.31,0
2,WARM,3,HUMID,0,VERY_DRY,1,LOW,30.25,80.93,10.28,36.77,1,MIST_LOW,-100.363,29.05,89.93,11.28,1
2,WARM,3,HUMID,0,VERY_DRY,1,LOW,30.7,78.53,10.1,38.71,1,MIST_LOW,-98.347,29.5,87.53,11.1,2
2,WARM,3,HUMID,0,VERY_DRY,1,LOW,31.28,82.98,19.7,43.27,1,MIST_LOW,-95.154,30.08,91.98,20.7,3
2,WARM,3,HUMID,0,VERY_DRY,1,LOW,28.63,83.52,15.79,34.04,2,MIST_HIGH,-97.604,26.33,99.52,17.79,0
2,WARM,3,HUMID,0,VERY_DRY,1,LOW,29.57,85.5,18.78,39.14,2,MIST_HIGH,-90.836,27.27,100.0,20.78,1
2,WARM,3,HUMID,0,VERY_DRY,1,LOW,30.02,83.59,17.6,34.77,2,MIST_HIGH,-94.075,27.72,99.59,19.6,2
2,WARM,3,HUMID,0,VERY_DRY,1,LOW,30.12,83.01,19.1,45.46,2,MIST_HIGH,-90.34,27.82,99.01,21.1,3
2,WARM,3,HUMID,0,VERY_DRY,1,LOW,31.37,80.69,16.15,44.7,3,PUMP,3.777,31.07,82.69,34.15,0
2,WARM,3,HUMID,0,VERY_DRY,1,LOW,31.29,80.87,17.6,36.92,3,PUMP,6.802,30.99,82.87,35.6,1
2,WARM,3,HUMID,0,VERY_DRY,1,LOW,29.65,82.54,11.47,38.34,3,PUMP,4.509,29.35,84.54,29.47,2
2,WARM,3,HUMID,0,VERY_DRY,1,LOW,28.8,78.47,19.64,40.83,3,PUMP,30.886,28.5,80.47,37.64,3
2,WARM,3,HUMID,0,VERY_DRY,1,LOW,30.22,83.15,13.98,39.14,4,PUMP_MIST_LOW,-32.287,28.72,93.15,28.98,0
2,WARM,3,HUMID,0,VERY_DRY,1,LOW,31.16,84.59,10.59,40.56,4,PUMP_MIST_LOW,-44.725,29.66,94.59,25.59,1
2,WARM,3,HUMID,0,VERY_DRY,1,LOW,30.61,81.82,10.44,42.35,4,PUMP_MIST_LOW,-38.832,29.11,91.82,25.44,2
2,WARM,3,HUMID,0,VERY_DRY,1,LOW,29.28,81.83,12.67,42.16,4,PUMP_MIST_LOW,-29.908,27.78,91.83,27.67,3
2,WARM,3,HUMID,0,VERY_DRY,1,LOW,30.61,85.65,16.62,40.84,5,PUMP_MIST_HIGH,-29.435,28.11,100.0,34.62,0
2,WARM,3,HUMID,0,VERY_DRY,1,LOW,29.41,82.65,19.63,38.5,5,PUMP_MIST_HIGH,-17.701,26.91,98.65,37.63,1
2,WARM,3,HUMID,0,VERY_DRY,1,LOW,29.23,78.02,14.91,38.52,5,PUMP_MIST_HIGH,-20.793,26.73,94.02,32.91,2
2,WARM,3,HUMID,0,VERY_DRY,1,LOW,30.97,79.26,13.28,36.62,5,PUMP_MIST_HIGH,-30.041,28.47,95.26,31.28,3
2,WARM,3,HUMID,0,VERY_DRY,2,MEDIUM,30.37,84.63,10.73,58.55,0,OFF,-83.864,30.87,82.63,8.73,0
2,WARM,3,HUMID,0,VERY_DRY,2,MEDIUM,29.66,80.04,18.99,58.2,0,OFF,-56.91,30.16,78.04,16.99,1
2,WARM,3,HUMID,0,VERY_DRY,2,MEDIUM,28.9,82.3,11.84,56.73,0,OFF,-65.085,29.4,80.3,9.84,2
2,WARM,3,HUMID,0,VERY_DRY,2,MEDIUM,29.12,85.58,17.02,57.79,0,OFF,-60.164,29.62,83.58,15.02,3
2,WARM,3,HUMID,0,VERY_DRY,2,MEDIUM,30.81,80.46,18.56,56.84,1,MIST_LOW,-94.614,30.11,87.46,17.56,0
2,WARM,3,HUMID,0,VERY_DRY,2,MEDIUM,30.66,78.26,10.4,66.74,1,MIST_LOW,-99.758,29.96,85.26,9.4,1
2,WARM,3,HUMID,0,VERY_DRY,2,MEDIUM,29.78,83.41,13.56,56.07,1,MIST_LOW,-98.542,29.08,90.41,12.56,2
2,WARM,3,HUMID,0,VERY_DRY,2,MEDIUM,30.74,82.33,19.14,62.13,1,MIST_LOW,-96.169,30.04,89.33,18.14,3
2,WARM,3,HUMID,0,VERY_DRY,2,MEDIUM,29.28,79.21,19.03,57.06,2,MIST_HIGH,-84.316,27.48,93.21,19.03,0
2,WARM,3,HUMID,0,VERY_DRY,2,MEDIUM,29.7,79.76,11.36,67.13,2,MIST_HIGH,-102.635,27.9,93.76,11.36,1
2,WARM,3,HUMID,0,VERY_DRY,2,MEDIUM,29.39,83.43,19.58,67.08,2,MIST_HIGH,-90.254,27.59,97.43,19.58,2
2,WARM,3,HUMID,0,VERY_DRY,2,MEDIUM,29.88,84.03,19.96,62.68,2,MIST_HIGH,-91.988,28.08,98.03,19.96,3
2,WARM,3,HUMID,0,VERY_DRY,2,MEDIUM,31.35,81.61,18.57,66.33,3,PUMP,4.868,31.55,81.61,34.57,0
2,WARM,3,HUMID,0,VERY_DRY,2,MEDIUM,28.85,82.75,15.94,61.08,3,PUMP,13.524,29.05,82.75,31.94,1
2,WARM,3,HUMID,0,VERY_DRY,2,MEDIUM,29.07,78.37,19.53,58.88,3,PUMP,27.363,29.27,78.37,35.53,2
2,WARM,3,HUMID,0,VERY_DRY,2,MEDIUM,30.48,85.06,17.97,66.62,3,PUMP,0.878,30.68,85.06,33.97,3
2,WARM,3,HUMID,0,VERY_DRY,2,MEDIUM,29.0,80.96,15.21,56.93,4,PUMP_MIST_LOW,-24.89,28.0,88.96,28.21,0
2,WARM,3,HUMID,0,VERY_DRY,2,MEDIUM,29.89,81.71,10.25,63.15,4,PUMP_MIST_LOW,-39.372,28.89,89.71,23.25,1
2,WARM,3,HUMID,0,VERY_DRY,2,MEDIUM,28.6,81.56,10.91,60.13,4,PUMP_MIST_LOW,-33.617,27.6,89.56,23.91,2
2,WARM,3,HUMID,0,VERY_DRY,2,MEDIUM,29.05,83.71,15.51,58.17,4,PUMP_MIST_LOW,-28.842,28.05,91.71,28.51,3
2,WARM,3,HUMID,0,VERY_DRY,2,MEDIUM,29.81,85.66,10.99,65.54,5,PUMP_MIST_HIGH,-43.962,27.81,99.66,26.99,0
2,WARM,3,HUMID,0,VERY_DRY,2,MEDIUM,30.63,79.37,13.53,66.92,5,PUMP_MIST_HIGH,-31.205,28.63,93.37,29.53,1
2,WARM,3,HUMID,0,VERY_DRY,2,MEDIUM,30.8,82.18,19.1,64.67,5,PUMP_MIST_HIGH,-24.537,28.8,96.18,35.1,2
2,WARM,3,HUMID,0,VERY_DRY,2,MEDIUM,30.52,82.52,14.34,65.27,5,PUMP_MIST_HIGH,-34.201,28.52,96.52,30.34,3
2,WARM,3,HUMID,0,VERY_DRY,3,BRIGHT,30.01,79.69,13.71,88.6,0,OFF,-69.034,31.01,75.69,10.71,0
2,WARM,3,HUMID,0,VERY_DRY,3,BRIGHT,28.83,82.71,13.13,91.0,0,OFF,-63.312,29.83,78.71,10.13,1
2,WARM,3,HUMID,0,VERY_DRY,3,BRIGHT,30.53,81.76,17.04,83.13,0,OFF,-67.043,31.53,77.76,14.04,2
2,WARM,3,HUMID,0,VERY_DRY,3,BRIGHT,30.16,78.36,10.5,93.91,0,OFF,-74.114,31.16,74.36,7.5,3
2,WARM,3,HUMID,0,VERY_DRY,3,BRIGHT,29.55,79.89,15.35,91.7,1,MIST_LOW,-88.914,29.35,84.89,13.35,0
2,WARM,3,HUMID,0,VERY_DRY,3,BRIGHT,30.29,79.73,15.47,86.51,1,MIST_LOW,-86.758,30.09,84.73,13.47,1
2,WARM,3,HUMID,0,VERY_DRY,3,BRIGHT,31.24,82.07,15.82,92.79,1,MIST_LOW,-92.815,31.04,87.07,13.82,2
2,WARM,3,HUMID,0,VERY_DRY,3,BRIGHT,30.85,80.21,19.61,85.73,1,MIST_LOW,-80.625,30.65,85.21,17.61,3
2,WARM,3,HUMID,0,VERY_DRY,3,BRIGHT,28.75,78.77,15.14,84.02,2,MIST_HIGH,-90.575,27.45,90.77,14.14,0
2,WARM,3,HUMID,0,VERY_DRY,3,BRIGHT,30.71,79.3,10.54,88.61,2,MIST_HIGH,-95.362,29.41,91.3,9.54,1
2,WARM,3,HUMID,0,VERY_DRY,3,BRIGHT,30.32,82.29,16.25,92.06,2,MIST_HIGH,-86.909,29.02,94.29,15.25,2
2,WARM,3,HUMID,0,VERY_DRY,3,BRIGHT,29.24,83.3,11.55,85.02,2,MIST_HIGH,-106.923,27.94,95.3,10.55,3
2,WARM,3,HUMID,0,VERY_DRY,3,BRIGHT,29.38,81.9,12.79,84.54,3,PUMP,-1.929,30.08,79.9,27.79,0
2,WARM,3,HUMID,0,VERY_DRY,3,BRIGHT,28.97,83.99,15.25,83.32,3,PUMP,9.192,29.67,81.99,30.25,1
2,WARM,3,HUMID,0,VERY_DRY,3,BRIGHT,29.78,85.63,13.6,89.23,3,PUMP,-7.483,30.48,83.63,28.6,2
2,WARM,3,HUMID,0,VERY_DRY,3,BRIGHT,29.15,78.08,11.27,89.53,3,PUMP,9.708,29.85,76.08,26.27,3
2,WARM,3,HUMID,0,VERY_DRY,3,BRIGHT,28.64,78.29,12.08,82.61,4,PUMP_MIST_LOW,-26.534,28.14,84.29,24.08,0
2,WARM,3,HUMID,0,VERY_DRY,3,BRIGHT,31.22,83.57,12.19,83.57,4,PUMP_MIST_LOW,-39.024,30.72,89.57,24.19,1
2,WARM,3,HUMID,0,VERY_DRY,3,BRIGHT,30.61,81.98,18.5,83.53,4,PUMP_MIST_LOW,-21.258,30.11,87.98,30.5,2
2,WARM,3,HUMID,0,VERY_DRY,3,BRIGHT,31.05,79.95,17.18,82.5,4,PUMP_MIST_LOW,-22.212,30.55,85.95,29.18,3
2,WARM,3,HUMID,0,VERY_DRY,3,BRIGHT,30.78,79.05,10.94,86.03,5,PUMP_MIST_HIGH,-25.088,29.28,91.05,25.94,0
2,WARM,3,HUMID,0,VERY_DRY,3,BRIGHT,28.73,80.03,11.97,90.19,5,PUMP_MIST_HIGH,-29.948,27.23,92.03,26.97,1
2,WARM,3,HUMID,0,VERY_DRY,3,BRIGHT,30.91,80.76,17.93,84.77,5,PUMP_MIST_HIGH,-13.566,29.41,92.76,32.93,2
2,WARM,3,HUMID,0,VERY_DRY,3,BRIGHT,30.92,81.66,13.56,92.84,5,PUMP_MIST_HIGH,-24.216,29.42,93.66,28.56,3
2,WARM,3,HUMID,1,DRY,0,DARK,28.87,82.3,31.32,9.85,0,OFF,13.516,28.37,83.3,31.32,0
2,WARM,3,HUMID,1,DRY,0,DARK,28.66,79.3,35.98,13.99,0,OFF,28.765,28.16,80.3,35.98,1
2,WARM,3,HUMID,1,DRY,0,DARK,31.07,83.49,37.42,14.64,0,OFF,9.374,30.57,84.49,37.42,2
2,WARM,3,HUMID,1,DRY,0,DARK,29.66,82.86,38.61,10.91,0,OFF,25.381,29.16,83.86,38.61,3
2,WARM,3,HUMID,1,DRY,0,DARK,30.7,82.25,31.19,18.42,1,MIST_LOW,-24.981,29.0,92.25,32.19,0
2,WARM,3,HUMID,1,DRY,0,DARK,29.34,84.74,37.42,18.85,1,MIST_LOW,-11.543,27.64,94.74,38.42,1
2,WARM,3,HUMID,1,DRY,0,DARK,28.79,81.1,31.62,15.81,1,MIST_LOW,-16.128,27.09,91.1,32.62,2
2,WARM,3,HUMID,1,DRY,0,DARK,30.84,79.62,31.19,14.84,1,MIST_LOW,-21.271,29.14,89.62,32.19,3
2,WARM,3,HUMID,1,DRY,0,DARK,30.0,80.94,35.57,13.42,2,MIST_HIGH,-27.045,27.2,97.94,37.57,0
2,WARM,3,HUMID,1,DRY,0,DARK,30.96,84.73,39.07,14.53,2,MIST_HIGH,-26.042,28.16,100.0,41.07,1
2,WARM,3,HUMID,1,DRY,0,DARK,30.71,85.13,33.83,17.41,2,MIST_HIGH,-36.262,27.91,100.0,35.83,2
2,WARM,3,HUMID,1,DRY,0,DARK,31.2,78.67,35.12,13.72,2,MIST_HIGH,-28.213,28.4,95.67,37.12,3
2,WARM,3,HUMID,1,DRY,0,DARK,29.61,80.43,32.87,18.16,3,PUMP,62.944,28.81,83.43,50.87,0
2,WARM,3,HUMID,1,DRY,0,DARK,29.31,83.25,34.41,14.18,3,PUMP,62.621,28.51,86.25,52.41,1
2,WARM,3,HUMID,1,DRY,0,DARK,31.34,83.48,36.05,11.26,3,PUMP,51.194,30.54,86.48,54.05,2
2,WARM,3,HUMID,1,DRY,0,DARK,29.23,81.33,30.09,16.77,3,PUMP,56.87,28.43,84.33,48.09,3
2,WARM,3,HUMID,1,DRY,0,DARK,29.66,81.63,31.29,11.03,4,PUMP_MIST_LOW,18.315,27.66,92.63,46.29,0
2,WARM,3,HUMID,1,DRY,0,DARK,28.98,85.06,31.17,12.55,4,PUMP_MIST_LOW,14.603,26.98,96.06,46.17,1
2,WARM,3,HUMID,1,DRY,0,DARK,29.01,79.73,34.11,10.65,4,PUMP_MIST_LOW,29.323,27.01,90.73,49.11,2
2,WARM,3,HUMID,1,DRY,0,DARK,30.92,80.75,36.55,17.35,4,PUMP_MIST_LOW,26.703,28.92,91.75,51.55,3
2,WARM,3,HUMID,1,DRY,0,DARK,29.35,79.21,36.79,19.2,5,PUMP_MIST_HIGH,20.434,26.35,96.21,54.79,0
2,WARM,3,HUMID,1,DRY,0,DARK,30.38,85.64,35.34,14.92,5,PUMP_MIST_HIGH,12.189,27.38,100.0,53.34,1
2,WARM,3,HUMID,1,DRY,0,DARK,31.36,85.6,36.18,17.88,5,PUMP_MIST_HIGH,10.814,28.36,100.0,54.18,2
2,WARM,3,HUMID,1,DRY,0,DARK,31.2,79.18,32.4,12.73,5,PUMP_MIST_HIGH,9.498,28.2,96.18,50.4,3
2,WARM,3,HUMID,1,DRY,1,LOW,30.9,78.68,36.01,42.19,0,OFF,14.66,30.9,78.68,36.01,0
2,WARM,3,HUMID,1,DRY,1,LOW,29.34,79.61,33.39,36.87,0,OFF,20.66,29.34,79.61,33.39,1
2,WARM,3,HUMID,1,DRY,1,LOW,28.98,85.73,39.89,45.37,0,OFF,25.694,28.98,85.73,39.89,2
2,WARM,3,HUMID,1,DRY,1,LOW,31.33,79.49,33.66,34.69,0,OFF,7.041,31.33,79.49,33.66,3
2,WARM,3,HUMID,1,DRY,1,LOW,30.09,79.8,32.61,36.43,1,MIST_LOW,-16.147,28.89,88.8,33.61,0
2,WARM,3,HUMID,1,DRY,1,LOW,30.88,84.47,32.41,34.94,1,MIST_LOW,-26.58,29.68,93.47,33.41,1
2,WARM,3,HUMID,1,DRY,1,LOW,30.94,84.79,35.29,38.87,1,MIST_LOW,-21.206,29.74,93.79,36.29,2
2,WARM,3,HUMID,1,DRY,1,LOW,29.65,83.75,33.7,39.6,1,MIST_LOW,-18.764,28.45,92.75,34.7,3
2,WARM,3,HUMID,1,DRY,1,LOW,30.64,85.33,35.64,37.22,2,MIST_HIGH,-23.843,28.34,100.0,37.64,0
2,WARM,3,HUMID,1,DRY,1,LOW,29.53,81.63,35.87,44.74,2,MIST_HIGH,-16.006,27.23,97.63,37.87,1
2,WARM,3,HUMID,1,DRY,1,LOW,30.83,80.15,37.72,44.82,2,MIST_HIGH,-13.925,28.53,96.15,39.72,2
2,WARM,3,HUMID,1,DRY,1,LOW,30.38,85.58,33.6,36.88,2,MIST_HIGH,-27.286,28.08,100.0,35.6,3
2,WARM,3,HUMID,1,DRY,1,LOW,29.64,81.78,38.57,38.72,3,PUMP,72.677,29.34,83.78,56.57,0
2,WARM,3,HUMID,1,DRY,1,LOW,31.21,82.76,35.03,45.55,3,PUMP,50.644,30.91,84.76,53.03,1
2,WARM,3,HUMID,1,DRY,1,LOW,28.78,79.67,32.8,34.95,3,PUMP,66.687,28.48,81.67,50.8,2
2,WARM,3,HUMID,1,DRY,1,LOW,29.56,80.96,35.35,44.9,3,PUMP,67.474,29.26,82.96,53.35,3
2,WARM,3,HUMID,1,DRY,1,LOW,30.2,85.4,39.37,45.0,4,PUMP_MIST_LOW,27.479,28.7,95.4,54.37,0
2,WARM,3,HUMID,1,DRY,1,LOW,29.46,78.7,33.42,43.13,4,PUMP_MIST_LOW,28.09,27.96,88.7,48.42,1
2,WARM,3,HUMID,1,DRY,1,LOW,30.27,80.58,39.4,40.91,4,PUMP_MIST_LOW,35.044,28.77,90.58,54.4,2
2,WARM,3,HUMID,1,DRY,1,LOW,29.71,84.75,31.82,44.24,4,PUMP_MIST_LOW,14.232,28.21,94.75,46.82,3
2,WARM,3,HUMID,1,DRY,1,LOW,29.27,81.63,39.81,35.64,5,PUMP_MIST_HIGH,35.863,26.77,97.63,57.81,0
2,WARM,3,HUMID,1,DRY,1,LOW,29.63,83.74,39.87,37.19,5,PUMP_MIST_HIGH,32.934,27.13,99.74,57.87,1
2,WARM,3,HUMID,1,DRY,1,LOW,29.68,85.47,32.86,45.97,5,PUMP_MIST_HIGH,17.636,27.18,100.0,50.86,2
2,WARM,3,HUMID,1,DRY,1,LOW,31.27,83.21,35.84,36.97,5,PUMP_MIST_HIGH,20.061,28.77,99.21,53.84,3
2,WARM,3,HUMID,1,DRY,2,MEDIUM,31.11,85.53,38.17,59.61,0,OFF,4.944,31.61,83.53,36.17,0
2,WARM,3,HUMID,1,DRY,2,MEDIUM,29.49,80.47,37.18,56.67,0,OFF,24.174,29.99,78.47,35.18,1
2,WARM,3,HUMID,1,DRY,2,MEDIUM,30.19,79.76,37.7,58.71,0,OFF,16.164,30.69,77.76,35.7,2
2,WARM,3,HUMID,1,DRY,2,MEDIUM,31.29,83.45,30.18,62.41,0,OFF,-9.064,31.79,81.45,28.18,3
2,WARM,3,HUMID,1,DRY,2,MEDIUM,30.52,78.98,39.4,65.86,1,MIST_LOW,-4.547,29.82,85.98,38.4,0
2,WARM,3,HUMID,1,DRY,2,MEDIUM,31.18,79.14,31.2,60.42,1,MIST_LOW,-32.115,30.48,86.14,30.2,1
2,WARM,3,HUMID,1,DRY,2,MEDIUM,30.14,78.74,39.33,59.37,1,MIST_LOW,-3.098,29.44,85.74,38.33,2
2,WARM,3,HUMID,1,DRY,2,MEDIUM,29.04,80.9,39.69,59.35,1,MIST_LOW,-2.266,28.34,87.9,38.69,3
2,WARM,3,HUMID,1,DRY,2,MEDIUM,31.11,81.46,39.06,65.57,2,MIST_HIGH,-16.709,29.31,95.46,39.06,0
2,WARM,3,HUMID,1,DRY,2,MEDIUM,29.33,84.75,36.5,64.14,2,MIST_HIGH,-21.632,27.53,98.75,36.5,1
2,WARM,3,HUMID,1,DRY,2,MEDIUM,28.74,81.98,36.43,57.96,2,MIST_HIGH,-15.87,26.94,95.98,36.43,2
2,WARM,3,HUMID,1,DRY,2,MEDIUM,30.41,84.53,30.25,62.35,2,MIST_HIGH,-37.879,28.61,98.53,30.25,3
2,WARM,3,HUMID,1,DRY,2,MEDIUM,30.83,85.0,38.2,58.67,3,PUMP,52.326,31.03,85.0,54.2,0
2,WARM,3,HUMID,1,DRY,2,MEDIUM,29.85,81.62,35.77,60.8,3,PUMP,55.781,30.05,81.62,51.77,1
2,WARM,3,HUMID,1,DRY,2,MEDIUM,29.51,79.51,34.68,57.34,3,PUMP,65.956,29.71,79.51,50.68,2
2,WARM,3,HUMID,1,DRY,2,MEDIUM,31.15,83.17,30.47,65.16,3,PUMP,37.992,31.35,83.17,46.47,3
2,WARM,3,HUMID,1,DRY,2,MEDIUM,30.56,84.52,38.14,67.19,4,PUMP_MIST_LOW,22.557,29.56,92.52,51.14,0
2,WARM,3,HUMID,1,DRY,2,MEDIUM,28.78,85.42,33.67,63.79,4,PUMP_MIST_LOW,17.461,27.78,93.42,46.67,1
2,WARM,3,HUMID,1,DRY,2,MEDIUM,30.44,78.37,30.25,57.82,4,PUMP_MIST_LOW,6.229,29.44,86.37,43.25,2
2,WARM,3,HUMID,1,DRY,2,MEDIUM,31.0,79.43,31.28,59.71,4,PUMP_MIST_LOW,4.915,30.0,87.43,44.28,3
2,WARM,3,HUMID,1,DRY,2,MEDIUM,29.5,83.3,39.45,57.44,5,PUMP_MIST_HIGH,30.586,27.5,97.3,55.45,0
2,WARM,3,HUMID,1,DRY,2,MEDIUM,28.67,80.41,39.68,64.31,5,PUMP_MIST_HIGH,36.224,26.67,94.41,55.68,1
2,WARM,3,HUMID,1,DRY,2,MEDIUM,28.95,85.35,37.63,62.35,5,PUMP_MIST_HIGH,24.894,26.95,99.35,53.63,2
2,WARM,3,HUMID,1,DRY,2,MEDIUM,30.36,78.69,39.93,66.9,5,PUMP_MIST_HIGH,36.208,28.36,92.69,55.93,3
2,WARM,3,HUMID,1,DRY,3,BRIGHT,29.16,79.58,36.22,86.21,0,OFF,16.137,30.16,75.58,33.22,0
2,WARM,3,HUMID,1,DRY,3,BRIGHT,29.03,84.2,31.76,90.65,0,OFF,-0.232,30.03,80.2,28.76,1
2,WARM,3,HUMID,1,DRY,3,BRIGHT,30.28,79.49,37.26,92.27,0,OFF,14.86,31.28,75.49,34.26,2
2,WARM,3,HUMID,1,DRY,3,BRIGHT,30.8,80.75,37.19,93.6,0,OFF,11.054,31.8,76.75,34.19,3
2,WARM,3,HUMID,1,DRY,3,BRIGHT,29.59,85.15,36.59,84.56,1,MIST_LOW,-17.825,29.39,90.15,34.59,0
2,WARM,3,HUMID,1,DRY,3,BRIGHT,29.26,79.35,36.4,91.25,1,MIST_LOW,-7.907,29.06,84.35,34.4,1
2,WARM,3,HUMID,1,DRY,3,BRIGHT,29.84,83.59,31.9,88.27,1,MIST_LOW,-26.006,29.64,88.59,29.9,2
2,WARM,3,HUMID,1,DRY,3,BRIGHT,30.3,78.01,33.64,87.68,1,MIST_LOW,-10.91,30.1,83.01,31.64,3
2,WARM,3,HUMID,1,DRY,3,BRIGHT,30.54,85.16,38.32,91.38,2,MIST_HIGH,-10.859,29.24,97.16,37.32,0
2,WARM,3,HUMID,1,DRY,3,BRIGHT,29.23,79.81,34.27,88.09,2,MIST_HIGH,-18.618,27.93,91.81,33.27,1
2,WARM,3,HUMID,1,DRY,3,BRIGHT,31.32,81.76,30.92,82.59,2,MIST_HIGH,-31.455,30.02,93.76,29.92,2
2,WARM,3,HUMID,1,DRY,3,BRIGHT,31.33,78.36,31.87,89.29,2,MIST_HIGH,-24.053,30.03,90.36,30.87,3
2,WARM,3,HUMID,1,DRY,3,BRIGHT,30.81,78.97,35.06,83.9,3,PUMP,54.953,31.51,76.97,50.06,0
2,WARM,3,HUMID,1,DRY,3,BRIGHT,30.99,81.05,30.99,87.9,3,PUMP,42.486,31.69,79.05,45.99,1
2,WARM,3,HUMID,1,DRY,3,BRIGHT,29.04,78.8,36.45,93.43,3,PUMP,71.806,29.74,76.8,51.45,2
2,WARM,3,HUMID,1,DRY,3,BRIGHT,31.35,79.78,39.63,90.13,3,PUMP,61.528,32.05,77.78,54.63,3
2,WARM,3,HUMID,1,DRY,3,BRIGHT,30.37,79.46,30.9,92.31,4,PUMP_MIST_LOW,17.558,29.87,85.46,42.9,0
2,WARM,3,HUMID,1,DRY,3,BRIGHT,30.47,84.73,34.35,90.49,4,PUMP_MIST_LOW,26.065,29.97,90.73,46.35,1
2,WARM,3,HUMID,1,DRY,3,BRIGHT,29.33,84.88,37.79,87.74,4,PUMP_MIST_LOW,24.696,28.83,90.88,49.79,2
2,WARM,3,HUMID,1,DRY,3,BRIGHT,29.51,84.03,31.31,84.52,4,PUMP_MIST_LOW,1.878,29.01,90.03,43.31,3
2,WARM,3,HUMID,1,DRY,3,BRIGHT,31.32,79.73,36.91,83.83,5,PUMP_MIST_HIGH,36.624,29.82,91.73,51.91,0
2,WARM,3,HUMID,1,DRY,3,BRIGHT,31.27,85.36,35.08,89.62,5,PUMP_MIST_HIGH,23.952,29.77,97.36,50.08,1
2,WARM,3,HUMID,1,DRY,3,BRIGHT,30.71,80.34,39.97,86.15,5,PUMP_MIST_HIGH,44.023,29.21,92.34,54.97,2
2,WARM,3,HUMID,1,DRY,3,BRIGHT,31.37,84.86,35.66,90.61,5,PUMP_MIST_HIGH,25.61,29.87,96.86,50.66,3
2,WARM,3,HUMID,2,OPTIMAL,0,DARK,30.46,83.48,61.6,11.14,0,OFF,64.984,29.96,84.48,61.6,0
2,WARM,3,HUMID,2,OPTIMAL,0,DARK,31.28,81.24,56.77,18.85,0,OFF,62.926,30.78,82.24,56.77,1
2,WARM,3,HUMID,2,OPTIMAL,0,DARK,30.33,85.94,55.11,16.87,0,OFF,62.965,29.83,86.94,55.11,2
2,WARM,3,HUMID,2,OPTIMAL,0,DARK,31.12,79.94,61.97,18.48,0,OFF,59.774,30.62,80.94,61.97,3
2,WARM,3,HUMID,2,OPTIMAL,0,DARK,29.94,84.39,53.67,16.77,1,MIST_LOW,31.206,28.24,94.39,54.67,0
2,WARM,3,HUMID,2,OPTIMAL,0,DARK,30.09,80.17,59.84,14.9,1,MIST_LOW,38.524,28.39,90.17,60.84,1
2,WARM,3,HUMID,2,OPTIMAL,0,DARK,28.89,79.89,57.86,12.78,1,MIST_LOW,46.962,27.19,89.89,58.86,2
2,WARM,3,HUMID,2,OPTIMAL,0,DARK,31.0,85.6,60.72,16.84,1,MIST_LOW,25.071,29.3,95.6,61.72,3
2,WARM,3,HUMID,2,OPTIMAL,0,DARK,29.51,78.11,59.6,11.64,2,MIST_HIGH,22.529,26.71,95.11,61.6,0
2,WARM,3,HUMID,2,OPTIMAL,0,DARK,29.68,81.21,53.57,18.41,2,MIST_HIGH,20.58,26.88,98.21,55.57,1
2,WARM,3,HUMID,2,OPTIMAL,0,DARK,30.46,79.83,61.28,14.68,2,MIST_HIGH,15.065,27.66,96.83,63.28,2
2,WARM,3,HUMID,2,OPTIMAL,0,DARK,29.62,78.51,60.3,18.49,2,MIST_HIGH,20.784,26.82,95.51,62.3,3
2,WARM,3,HUMID,2,OPTIMAL,0,DARK,28.73,80.55,58.69,18.59,3,PUMP,31.319,27.93,83.55,76.69,0
2,WARM,3,HUMID,2,OPTIMAL,0,DARK,31.22,83.28,56.68,14.14,3,PUMP,15.168,30.42,86.28,74.68,1
2,WARM,3,HUMID,2,OPTIMAL,0,DARK,30.62,78.58,58.66,20.02,3,PUMP,28.473,29.82,81.58,76.66,2
2,WARM,3,HUMID,2,OPTIMAL,0,DARK,29.56,81.43,53.17,20.2,3,PUMP,38.837,28.76,84.43,71.17,3
2,WARM,3,HUMID,2,OPTIMAL,0,DARK,28.86,83.77,58.92,11.54,4,PUMP_MIST_LOW,-2.33,26.86,94.77,73.92,0
2,WARM,3,HUMID,2,OPTIMAL,0,DARK,29.5,82.38,56.58,11.22,4,PUMP_MIST_LOW,3.688,27.5,93.38,71.58,1
2,WARM,3,HUMID,2,OPTIMAL,0,DARK,29.94,78.0,54.37,12.04,4,PUMP_MIST_LOW,23.919,27.94,89.0,69.37,2
2,WARM,3,HUMID,2,OPTIMAL,0,DARK,29.82,79.27,53.15,16.47,4,PUMP_MIST_LOW,24.847,27.82,90.27,68.15,3
2,WARM,3,HUMID,2,OPTIMAL,0,DARK,30.43,78.77,60.29,10.08,5,PUMP_MIST_HIGH,-24.0,27.43,95.77,78.29,0
2,WARM,3,HUMID,2,OPTIMAL,0,DARK,29.46,85.53,58.72,18.02,5,PUMP_MIST_HIGH,-27.828,26.46,100.0,76.72,1
2,WARM,3,HUMID,2,OPTIMAL,0,DARK,29.8,85.57,57.04,15.38,5,PUMP_MIST_HIGH,-23.201,26.8,100.0,75.04,2
2,WARM,3,HUMID,2,OPTIMAL,0,DARK,30.41,81.25,58.66,15.28,5,PUMP_MIST_HIGH,-24.51,27.41,98.25,76.66,3
2,WARM,3,HUMID,2,OPTIMAL,1,LOW,29.2,79.32,57.91,39.81,0,OFF,83.038,29.2,79.32,57.91,0
2,WARM,3,HUMID,2,OPTIMAL,1,LOW,28.82,82.82,60.7,35.58,0,OFF,73.179,28.82,82.82,60.7,1
2,WARM,3,HUMID,2,OPTIMAL,1,LOW,30.43,83.4,53.28,45.51,0,OFF,54.893,30.43,83.4,53.28,2
2,WARM,3,HUMID,2,OPTIMAL,1,LOW,30.55,85.71,58.35,39.7,0,OFF,59.982,30.55,85.71,58.35,3
2,WARM,3,HUMID,2,OPTIMAL,1,LOW,30.13,80.82,61.41,45.23,1,MIST_LOW,34.075,28.93,89.82,62.41,0
2,WARM,3,HUMID,2,OPTIMAL,1,LOW,31.23,83.48,62.0,42.38,1,MIST_LOW,17.022,30.03,92.48,63.0,1
2,WARM,3,HUMID,2,OPTIMAL,1,LOW,29.46,78.92,53.92,43.24,1,MIST_LOW,42.003,28.26,87.92,54.92,2
2,WARM,3,HUMID,2,OPTIMAL,1,LOW,29.52,79.51,62.54,42.07,1,MIST_LOW,35.733,28.32,88.51,63.54,3
2,WARM,3,HUMID,2,OPTIMAL,1,LOW,30.8,83.1,54.82,35.5,2,MIST_HIGH,27.363,28.5,99.1,56.82,0
2,WARM,3,HUMID,2,OPTIMAL,1,LOW,28.73,78.97,53.69,44.11,2,MIST_HIGH,34.574,26.43,94.97,55.69,1
2,WARM,3,HUMID,2,OPTIMAL,1,LOW,30.77,81.89,56.78,45.92,2,MIST_HIGH,30.234,28.47,97.89,58.78,2
2,WARM,3,HUMID,2,OPTIMAL,1,LOW,30.18,81.65,62.22,39.76,2,MIST_HIGH,21.102,27.88,97.65,64.22,3
2,WARM,3,HUMID,2,OPTIMAL,1,LOW,30.59,78.01,57.21,40.74,3,PUMP,24.516,30.29,80.01,75.21,0
2,WARM,3,HUMID,2,OPTIMAL,1,LOW,29.71,80.47,59.65,39.22,3,PUMP,26.264,29.41,82.47,77.65,1
2,WARM,3,HUMID,2,OPTIMAL,1,LOW,29.72,82.58,58.93,45.08,3,PUMP,24.366,29.42,84.58,76.93,2
2,WARM,3,HUMID,2,OPTIMAL,1,LOW,31.08,78.71,61.16,38.63,3,PUMP,13.532,30.78,80.71,79.16,3
2,WARM,3,HUMID,2,OPTIMAL,1,LOW,29.57,83.53,53.34,44.29,4,PUMP_MIST_LOW,18.417,28.07,93.53,68.34,0
2,WARM,3,HUMID,2,OPTIMAL,1,LOW,28.69,81.25,56.53,42.39,4,PUMP_MIST_LOW,8.165,27.19,91.25,71.53,1
2,WARM,3,HUMID,2,OPTIMAL,1,LOW,29.92,78.3,60.39,45.7,4,PUMP_MIST_LOW,0.863,28.42,88.3,75.39,2
2,WARM,3,HUMID,2,OPTIMAL,1,LOW,30.18,82.93,62.63,39.3,4,PUMP_MIST_LOW,-12.094,28.68,92.93,77.63,3
2,WARM,3,HUMID,2,OPTIMAL,1,LOW,28.91,83.08,59.5,35.65,5,PUMP_MIST_HIGH,-18.175,26.41,99.08,77.5,0
2,WARM,3,HUMID,2,OPTIMAL,1,LOW,30.55,79.78,55.06,42.34,5,PUMP_MIST_HIGH,-5.03,28.05,95.78,73.06,1
2,WARM,3,HUMID,2,OPTIMAL,1,LOW,30.26,83.75,54.79,38.2,5,PUMP_MIST_HIGH,-9.906,27.76,99.75,72.79,2
2,WARM,3,HUMID,2,OPTIMAL,1,LOW,29.05,79.29,57.14,36.48,5,PUMP_MIST_HIGH,-6.679,26.55,95.29,75.14,3
2,WARM,3,HUMID,2,OPTIMAL,2,MEDIUM,29.44,85.9,61.53,63.37,0,OFF,70.335,29.94,83.9,59.53,0
2,WARM,3,HUMID,2,OPTIMAL,2,MEDIUM,31.17,82.97,58.6,62.84,0,OFF,61.777,31.67,80.97,56.6,1
2,WARM,3,HUMID,2,OPTIMAL,2,MEDIUM,29.54,81.15,62.23,60.97,0,OFF,68.164,30.04,79.15,60.23,2
2,WARM,3,HUMID,2,OPTIMAL,2,MEDIUM,29.82,80.39,56.3,59.14,0,OFF,65.403,30.32,78.39,54.3,3
2,WARM,3,HUMID,2,OPTIMAL,2,MEDIUM,31.12,85.39,60.45,59.69,1,MIST_LOW,23.375,30.42,92.39,59.45,0
2,WARM,3,HUMID,2,OPTIMAL,2,MEDIUM,29.32,78.58,61.97,63.34,1,MIST_LOW,44.849,28.62,85.58,60.97,1
2,WARM,3,HUMID,2,OPTIMAL,2,MEDIUM,29.71,85.42,58.89,65.04,1,MIST_LOW,38.669,29.01,92.42,57.89,2
2,WARM,3,HUMID,2,OPTIMAL,2,MEDIUM,29.28,83.65,61.58,59.31,1,MIST_LOW,37.703,28.58,90.65,60.58,3
2,WARM,3,HUMID,2,OPTIMAL,2,MEDIUM,29.86,79.81,61.81,66.52,2,MIST_HIGH,31.703,28.06,93.81,61.81,0
2,WARM,3,HUMID,2,OPTIMAL,2,MEDIUM,29.34,82.21,59.76,63.89,2,MIST_HIGH,33.849,27.54,96.21,59.76,1
2,WARM,3,HUMID,2,OPTIMAL,2,MEDIUM,30.17,79.17,53.48,59.94,2,MIST_HIGH,30.243,28.37,93.17,53.48,2
2,WARM,3,HUMID,2,OPTIMAL,2,MEDIUM,29.78,82.84,57.77,67.22,2,MIST_HIGH,34.644,27.98,96.84,57.77,3
2,WARM,3,HUMID,2,OPTIMAL,2,MEDIUM,31.37,83.35,58.33,65.25,3,PUMP,16.925,31.57,83.35,74.33,0
2,WARM,3,HUMID,2,OPTIMAL,2,MEDIUM,30.06,84.87,55.7,58.99,3,PUMP,24.214,30.26,84.87,71.7,1
2,WARM,3,HUMID,2,OPTIMAL,2,MEDIUM,28.89,78.06,61.94,62.85,3,PUMP,33.731,29.09,78.06,77.94,2
2,WARM,3,HUMID,2,OPTIMAL,2,MEDIUM,28.96,83.53,54.15,61.74,3,PUMP,41.117,29.16,83.53,70.15,3
2,WARM,3,HUMID,2,OPTIMAL,2,MEDIUM,28.72,80.61,61.99,62.22,4,PUMP_MIST_LOW,3.424,27.72,88.61,74.99,0
2,WARM,3,HUMID,2,OPTIMAL,2,MEDIUM,29.14,83.04,60.84,60.45,4,PUMP_MIST_LOW,0.614,28.14,91.04,73.84,1
2,WARM,3,HUMID,2,OPTIMAL,2,MEDIUM,29.92,82.68,61.59,57.51,4,PUMP_MIST_LOW,-2.892,28.92,90.68,74.59,2
2,WARM,3,HUMID,2,OPTIMAL,2,MEDIUM,29.28,78.34,55.78,61.19,4,PUMP_MIST_LOW,28.3,28.28,86.34,68.78,3
2,WARM,3,HUMID,2,OPTIMAL,2,MEDIUM,29.45,85.43,54.48,63.33,5,PUMP_MIST_HIGH,-3.553,27.45,99.43,70.48,0
2,WARM,3,HUMID,2,OPTIMAL,2,MEDIUM,30.19,84.58,54.41,64.85,5,PUMP_MIST_HIGH,-4.401,28.19,98.58,70.41,1
2,WARM,3,HUMID,2,OPTIMAL,2,MEDIUM,29.6,79.09,54.15,64.81,5,PUMP_MIST_HIGH,6.836,27.6,93.09,70.15,2
2,WARM,3,HUMID,2,OPTIMAL,2,MEDIUM,29.89,84.87,61.64,62.35,5,PUMP_MIST_HIGH,-19.094,27.89,98.87,77.64,3
2,WARM,3,HUMID,2,OPTIMAL,3,BRIGHT,30.27,79.52,58.82,89.54,0,OFF,70.143,31.27,75.52,55.82,0
2,WARM,3,HUMID,2,OPTIMAL,3,BRIGHT,30.95,85.71,58.55,87.16,0,OFF,57.483,31.95,81.71,55.55,1
2,WARM,3,HUMID,2,OPTIMAL,3,BRIGHT,30.86,85.38,59.09,93.33,0,OFF,59.445,31.86,81.38,56.09,2
2,WARM,3,HUMID,2,OPTIMAL,3,BRIGHT,29.33,80.88,55.98,85.11,0,OFF,64.992,30.33,76.88,52.98,3
2,WARM,3,HUMID,2,OPTIMAL,3,BRIGHT,29.52,81.1,53.85,84.67,1,MIST_LOW,35.1,29.32,86.1,51.85,0
2,WARM,3,HUMID,2,OPTIMAL,3,BRIGHT,30.12,80.97,61.85,85.56,1,MIST_LOW,54.429,29.92,85.97,59.85,1
2,WARM,3,HUMID,2,OPTIMAL,3,BRIGHT,29.11,84.63,54.58,90.05,1,MIST_LOW,32.275,28.91,89.63,52.58,2
2,WARM,3,HUMID,2,OPTIMAL,3,BRIGHT,28.98,84.86,54.95,87.49,1,MIST_LOW,33.115,28.78,89.86,52.95,3
2,WARM,3,HUMID,2,OPTIMAL,3,BRIGHT,29.11,81.25,59.56,82.22,2,MIST_HIGH,40.219,27.81,93.25,58.56,0
2,WARM,3,HUMID,2,OPTIMAL,3,BRIGHT,29.25,81.61,58.79,88.05,2,MIST_HIGH,39.96,27.95,93.61,57.79,1
2,WARM,3,HUMID,2,OPTIMAL,3,BRIGHT,30.54,84.41,56.96,91.86,2,MIST_HIGH,39.498,29.24,96.41,55.96,2
2,WARM,3,HUMID,2,OPTIMAL,3,BRIGHT,30.93,78.26,60.91,93.86,2,MIST_HIGH,48.353,29.63,90.26,59.91,3
2,WARM,3,HUMID,2,OPTIMAL,3,BRIGHT,30.42,83.69,61.97,88.83,3,PUMP,15.467,31.12,81.69,76.97,0
2,WARM,3,HUMID,2,OPTIMAL,3,BRIGHT,29.39,84.03,62.59,83.84,3,PUMP,16.94,30.09,82.03,77.59,1
2,WARM,3,HUMID,2,OPTIMAL,3,BRIGHT,30.85,78.72,59.63,87.85,3,PUMP,26.966,31.55,76.72,74.63,2
2,WARM,3,HUMID,2,OPTIMAL,3,BRIGHT,31.09,78.52,55.63,93.92,3,PUMP,34.914,31.79,76.52,70.63,3
2,WARM,3,HUMID,2,OPTIMAL,3,BRIGHT,29.45,84.73,53.58,84.74,4,PUMP_MIST_LOW,25.875,28.95,90.73,65.58,0
2,WARM,3,HUMID,2,OPTIMAL,3,BRIGHT,30.82,84.68,62.47,83.96,4,PUMP_MIST_LOW,-3.11,30.32,90.68,74.47,1
2,WARM,3,HUMID,2,OPTIMAL,3,BRIGHT,30.88,82.88,55.8,86.69,4,PUMP_MIST_LOW,23.588,30.38,88.88,67.8,2
2,WARM,3,HUMID,2,OPTIMAL,3,BRIGHT,29.11,84.01,60.3,91.05,4,PUMP_MIST_LOW,4.01,28.61,90.01,72.3,3
2,WARM,3,HUMID,2,OPTIMAL,3,BRIGHT,30.72,79.59,54.33,93.93,5,PUMP_MIST_HIGH,27.732,29.22,91.59,69.33,0
2,WARM,3,HUMID,2,OPTIMAL,3,BRIGHT,30.35,79.87,54.36,83.61,5,PUMP_MIST_HIGH,28.438,28.85,91.87,69.36,1
2,WARM,3,HUMID,2,OPTIMAL,3,BRIGHT,29.72,85.93,55.16,92.53,5,PUMP_MIST_HIGH,-2.933,28.22,97.93,70.16,2
2,WARM,3,HUMID,2,OPTIMAL,3,BRIGHT,29.24,79.76,55.54,87.62,5,PUMP_MIST_HIGH,7.686,27.74,91.76,70.54,3
2,WARM,3,HUMID,3,WET,0,DARK,28.79,83.54,83.7,14.13,0,OFF,13.835,28.29,84.54,83.7,0
2,WARM,3,HUMID,3,WET,0,DARK,29.88,85.46,77.11,19.27,0,OFF,21.127,29.38,86.46,77.11,1
2,WARM,3,HUMID,3,WET,0,DARK,29.0,81.83,83.1,18.01,0,OFF,17.175,28.5,82.83,83.1,2
2,WARM,3,HUMID,3,WET,0,DARK,29.48,85.19,77.57,12.34,0,OFF,21.863,28.98,86.19,77.57,3
2,WARM,3,HUMID,3,WET,0,DARK,29.64,78.45,86.42,11.08,1,MIST_LOW,-23.087,27.94,88.45,87.42,0
2,WARM,3,HUMID,3,WET,0,DARK,29.25,82.65,84.7,18.79,1,MIST_LOW,-24.956,27.55,92.65,85.7,1
2,WARM,3,HUMID,3,WET,0,DARK,29.08,78.23,79.71,20.01,1,MIST_LOW,-6.868,27.38,88.23,80.71,2
2,WARM,3,HUMID,3,WET,0,DARK,30.82,78.37,82.4,14.5,1,MIST_LOW,-18.321,29.12,88.37,83.4,3
2,WARM,3,HUMID,3,WET,0,DARK,31.25,84.4,85.09,18.57,2,MIST_HIGH,-52.541,28.45,100.0,87.09,0
2,WARM,3,HUMID,3,WET,0,DARK,31.17,78.13,81.54,10.96,2,MIST_HIGH,-37.027,28.37,95.13,83.54,1
2,WARM,3,HUMID,3,WET,0,DARK,29.06,84.38,79.93,19.57,2,MIST_HIGH,-39.422,26.26,100.0,81.93,2
2,WARM,3,HUMID,3,WET,0,DARK,28.76,84.51,84.22,20.0,2,MIST_HIGH,-49.382,25.96,100.0,86.22,3
2,WARM,3,HUMID,3,WET,0,DARK,29.33,85.06,81.63,18.31,3,PUMP,-53.998,28.53,88.06,99.63,0
2,WARM,3,HUMID,3,WET,0,DARK,28.88,85.34,83.42,17.29,3,PUMP,-53.812,28.08,88.34,100.0,1
2,WARM,3,HUMID,3,WET,0,DARK,29.5,80.08,78.06,18.44,3,PUMP,-39.094,28.7,83.08,96.06,2
2,WARM,3,HUMID,3,WET,0,DARK,30.28,84.9,86.26,9.6,3,PUMP,-57.579,29.48,87.9,100.0,3
2,WARM,3,HUMID,3,WET,0,DARK,29.61,82.33,82.37,20.05,4,PUMP_MIST_LOW,-78.75,27.61,93.33,97.37,0
2,WARM,3,HUMID,3,WET,0,DARK,29.03,83.42,83.29,13.07,4,PUMP_MIST_LOW,-80.582,27.03,94.42,98.29,1
2,WARM,3,HUMID,3,WET,0,DARK,31.04,78.51,78.56,16.19,4,PUMP_MIST_LOW,-69.222,29.04,89.51,93.56,2
2,WARM,3,HUMID,3,WET,0,DARK,30.85,82.68,83.88,13.62,4,PUMP_MIST_LOW,-86.449,28.85,93.68,98.88,3
2,WARM,3,HUMID,3,WET,0,DARK,30.72,80.25,79.55,15.09,5,PUMP_MIST_HIGH,-95.769,27.72,97.25,97.55,0
2,WARM,3,HUMID,3,WET,0,DARK,30.67,85.58,81.85,16.53,5,PUMP_MIST_HIGH,-104.841,27.67,100.0,99.85,1
2,WARM,3,HUMID,3,WET,0,DARK,29.86,84.16,77.76,11.24,5,PUMP_MIST_HIGH,-94.538,26.86,100.0,95.76,2
2,WARM,3,HUMID,3,WET,0,DARK,28.96,78.69,77.47,15.37,5,PUMP_MIST_HIGH,-89.906,25.96,95.69,95.47,3
2,WARM,3,HUMID,3,WET,1,LOW,31.3,78.34,83.97,45.79,0,OFF,5.553,31.3,78.34,83.97,0
2,WARM,3,HUMID,3,WET,1,LOW,30.15,84.46,84.43,34.6,0,OFF,-1.505,30.15,84.46,84.43,1
2,WARM,3,HUMID,3,WET,1,LOW,31.17,85.81,77.74,44.26,0,OFF,7.124,31.17,85.81,77.74,2
2,WARM,3,HUMID,3,WET,1,LOW,31.02,81.88,83.94,43.58,0,OFF,0.878,31.02,81.88,83.94,3
2,WARM,3,HUMID,3,WET,1,LOW,31.21,82.79,80.53,41.05,1,MIST_LOW,-30.696,30.01,91.79,81.53,0
2,WARM,3,HUMID,3,WET,1,LOW,30.33,80.01,80.55,41.18,1,MIST_LOW,-15.507,29.13,89.01,81.55,1
2,WARM,3,HUMID,3,WET,1,LOW,30.66,85.18,78.09,35.22,1,MIST_LOW,-19.652,29.46,94.18,79.09,2
2,WARM,3,HUMID,3,WET,1,LOW,29.09,85.24,86.45,42.98,1,MIST_LOW,-32.293,27.89,94.24,87.45,3
2,WARM,3,HUMID,3,WET,1,LOW,29.3,82.46,78.82,34.26,2,MIST_HIGH,-22.256,27.0,98.46,80.82,0
2,WARM,3,HUMID,3,WET,1,LOW,31.0,79.2,78.13,36.11,2,MIST_HIGH,-21.028,28.7,95.2,80.13,1
2,WARM,3,HUMID,3,WET,1,LOW,30.5,83.48,79.61,44.55,2,MIST_HIGH,-29.388,28.2,99.48,81.61,2
2,WARM,3,HUMID,3,WET,1,LOW,29.67,85.66,86.09,42.88,2,MIST_HIGH,-41.171,27.37,100.0,88.09,3
2,WARM,3,HUMID,3,WET,1,LOW,28.6,82.32,78.96,45.71,3,PUMP,-41.686,28.3,84.32,96.96,0
2,WARM,3,HUMID,3,WET,1,LOW,29.42,81.54,86.05,34.22,3,PUMP,-49.466,29.12,83.54,100.0,1
2,WARM,3,HUMID,3,WET,1,LOW,30.01,82.15,82.09,40.96,3,PUMP,-52.297,29.71,84.15,100.0,2
2,WARM,3,HUMID,3,WET,1,LOW,29.53,80.17,77.21,35.99,3,PUMP,-37.527,29.23,82.17,95.21,3
2,WARM,3,HUMID,3,WET,1,LOW,31.01,82.91,80.78,40.09,4,PUMP_MIST_LOW,-80.812,29.51,92.91,95.78,0
2,WARM,3,HUMID,3,WET,1,LOW,29.58,82.9,85.75,36.27,4,PUMP_MIST_LOW,-85.085,28.08,92.9,100.0,1
2,WARM,3,HUMID,3,WET,1,LOW,30.51,81.97,83.24,44.85,4,PUMP_MIST_LOW,-82.891,29.01,91.97,98.24,2
2,WARM,3,HUMID,3,WET,1,LOW,29.71,83.08,79.09,45.37,4,PUMP_MIST_LOW,-73.396,28.21,93.08,94.09,3
2,WARM,3,HUMID,3,WET,1,LOW,30.27,80.53,79.33,36.22,5,PUMP_MIST_HIGH,-84.324,27.77,96.53,97.33,0
2,WARM,3,HUMID,3,WET,1,LOW,31.18,81.79,84.95,35.92,5,PUMP_MIST_HIGH,-94.844,28.68,97.79,100.0,1
2,WARM,3,HUMID,3,WET,1,LOW,29.6,79.23,81.18,44.63,5,PUMP_MIST_HIGH,-83.986,27.1,95.23,99.18,2
2,WARM,3,HUMID,3,WET,1,LOW,29.58,78.67,85.1,35.61,5,PUMP_MIST_HIGH,-84.721,27.08,94.67,100.0,3
2,WARM,3,HUMID,3,WET,2,MEDIUM,30.43,82.58,86.27,57.81,0,OFF,2.512,30.93,80.58,84.27,0
2,WARM,3,HUMID,3,WET,2,MEDIUM,29.4,78.57,86.24,67.46,0,OFF,20.301,29.9,76.57,84.24,1
2,WARM,3,HUMID,3,WET,2,MEDIUM,30.75,79.75,78.52,59.81,0,OFF,22.314,31.25,77.75,76.52,2
2,WARM,3,HUMID,3,WET,2,MEDIUM,30.72,83.61,81.02,61.23,0,OFF,10.972,31.22,81.61,79.02,3
2,WARM,3,HUMID,3,WET,2,MEDIUM,29.9,83.76,78.54,60.9,1,MIST_LOW,-10.087,29.2,90.76,77.54,0
2,WARM,3,HUMID,3,WET,2,MEDIUM,30.91,83.78,83.64,67.45,1,MIST_LOW,-32.083,30.21,90.78,82.64,1
2,WARM,3,HUMID,3,WET,2,MEDIUM,28.72,81.02,80.35,59.11,1,MIST_LOW,-5.728,28.02,88.02,79.35,2
2,WARM,3,HUMID,3,WET,2,MEDIUM,30.04,83.17,82.51,57.17,1,MIST_LOW,-17.937,29.34,90.17,81.51,3
2,WARM,3,HUMID,3,WET,2,MEDIUM,29.17,78.86,83.55,65.12,2,MIST_HIGH,-20.213,27.37,92.86,83.55,0
2,WARM,3,HUMID,3,WET,2,MEDIUM,28.71,80.18,82.34,66.21,2,MIST_HIGH,-18.89,26.91,94.18,82.34,1
2,WARM,3,HUMID,3,WET,2,MEDIUM,30.57,79.26,85.19,57.0,2,MIST_HIGH,-28.779,28.77,93.26,85.19,2
2,WARM,3,HUMID,3,WET,2,MEDIUM,30.98,78.75,85.29,65.39,2,MIST_HIGH,-29.494,29.18,92.75,85.29,3
2,WARM,3,HUMID,3,WET,2,MEDIUM,29.64,80.37,83.63,66.6,3,PUMP,-45.902,29.84,80.37,99.63,0
2,WARM,3,HUMID,3,WET,2,MEDIUM,30.59,82.31,85.7,62.52,3,PUMP,-60.823,30.79,82.31,100.0,1
2,WARM,3,HUMID,3,WET,2,MEDIUM,30.1,85.93,79.98,56.1,3,PUMP,-56.608,30.3,85.93,95.98,2
2,WARM,3,HUMID,3,WET,2,MEDIUM,30.74,78.88,80.27,62.68,3,PUMP,-47.967,30.94,78.88,96.27,3
2,WARM,3,HUMID,3,WET,2,MEDIUM,28.76,80.47,80.06,57.6,4,PUMP_MIST_LOW,-62.421,27.76,88.47,93.06,0
2,WARM,3,HUMID,3,WET,2,MEDIUM,30.94,78.01,84.95,58.13,4,PUMP_MIST_LOW,-75.717,29.94,86.01,97.95,1
2,WARM,3,HUMID,3,WET,2,MEDIUM,31.2,85.32,81.98,63.66,4,PUMP_MIST_LOW,-90.009,30.2,93.32,94.98,2
2,WARM,3,HUMID,3,WET,2,MEDIUM,29.95,84.66,82.21,65.31,4,PUMP_MIST_LOW,-77.41,28.95,92.66,95.21,3
2,WARM,3,HUMID,3,WET,2,MEDIUM,31.29,83.1,79.82,66.44,5,PUMP_MIST_HIGH,-86.901,29.29,97.1,95.82,0
2,WARM,3,HUMID,3,WET,2,MEDIUM,30.7,84.2,78.19,61.22,5,PUMP_MIST_HIGH,-83.345,28.7,98.2,94.19,1
2,WARM,3,HUMID,3,WET,2,MEDIUM,28.96,80.37,78.8,63.33,5,PUMP_MIST_HIGH,-73.199,26.96,94.37,94.8,2
2,WARM,3,HUMID,3,WET,2,MEDIUM,30.6,81.49,78.45,56.9,5,PUMP_MIST_HIGH,-79.249,28.6,95.49,94.45,3
2,WARM,3,HUMID,3,WET,3,BRIGHT,29.11,80.45,77.64,85.41,0,OFF,31.985,30.11,76.45,74.64,0
2,WARM,3,HUMID,3,WET,3,BRIGHT,30.31,82.26,84.96,83.35,0,OFF,9.878,31.31,78.26,81.96,1
2,WARM,3,HUMID,3,WET,3,BRIGHT,30.65,85.5,86.17,88.82,0,OFF,1.055,31.65,81.5,83.17,2
2,WARM,3,HUMID,3,WET,3,BRIGHT,31.01,84.93,77.9,92.35,0,OFF,18.184,32.01,80.93,74.9,3
2,WARM,3,HUMID,3,WET,3,BRIGHT,29.85,84.6,81.06,89.31,1,MIST_LOW,-12.877,29.65,89.6,79.06,0
2,WARM,3,HUMID,3,WET,3,BRIGHT,31.33,80.22,83.91,83.16,1,MIST_LOW,-12.59,31.13,85.22,81.91,1
2,WARM,3,HUMID,3,WET,3,BRIGHT,29.05,83.59,78.11,88.59,1,MIST_LOW,-2.489,28.85,88.59,76.11,2
2,WARM,3,HUMID,3,WET,3,BRIGHT,28.76,85.0,81.22,82.25,1,MIST_LOW,-10.36,28.56,90.0,79.22,3
2,WARM,3,HUMID,3,WET,3,BRIGHT,30.53,79.34,77.02,82.06,2,MIST_HIGH,4.078,29.23,91.34,76.02,0
2,WARM,3,HUMID,3,WET,3,BRIGHT,31.22,83.98,82.39,84.32,2,MIST_HIGH,-16.847,29.92,95.98,81.39,1
2,WARM,3,HUMID,3,WET,3,BRIGHT,29.71,84.98,77.04,89.58,2,MIST_HIGH,-14.363,28.41,96.98,76.04,2
2,WARM,3,HUMID,3,WET,3,BRIGHT,29.51,79.44,79.44,88.35,2,MIST_HIGH,-9.913,28.21,91.44,78.44,3
2,WARM,3,HUMID,3,WET,3,BRIGHT,29.26,83.68,86.35,88.64,3,PUMP,-49.15,29.96,81.68,100.0,0
2,WARM,3,HUMID,3,WET,3,BRIGHT,29.05,81.34,85.1,84.05,3,PUMP,-44.76,29.75,79.34,100.0,1
2,WARM,3,HUMID,3,WET,3,BRIGHT,30.78,84.14,77.62,87.41,3,PUMP,-47.267,31.48,82.14,92.62,2
2,WARM,3,HUMID,3,WET,3,BRIGHT,30.1,81.46,85.23,91.08,3,PUMP,-56.277,30.8,79.46,100.0,3
2,WARM,3,HUMID,3,WET,3,BRIGHT,31.21,84.86,78.77,88.67,4,PUMP_MIST_LOW,-66.888,30.71,90.86,90.77,0
2,WARM,3,HUMID,3,WET,3,BRIGHT,31.09,85.06,82.02,92.72,4,PUMP_MIST_LOW,-73.614,30.59,91.06,94.02,1
2,WARM,3,HUMID,3,WET,3,BRIGHT,30.48,85.06,79.04,91.77,4,PUMP_MIST_LOW,-57.432,29.98,91.06,91.04,2
2,WARM,3,HUMID,3,WET,3,BRIGHT,29.74,83.98,82.06,89.62,4,PUMP_MIST_LOW,-71.651,29.24,89.98,94.06,3
2,WARM,3,HUMID,3,WET,3,BRIGHT,31.07,85.71,86.13,91.0,5,PUMP_MIST_HIGH,-85.567,29.57,97.71,100.0,0
2,WARM,3,HUMID,3,WET,3,BRIGHT,30.75,79.42,81.55,84.97,5,PUMP_MIST_HIGH,-67.219,29.25,91.42,96.55,1
2,WARM,3,HUMID,3,WET,3,BRIGHT,30.15,85.72,78.09,93.68,5,PUMP_MIST_HIGH,-68.103,28.65,97.72,93.09,2
2,WARM,3,HUMID,3,WET,3,BRIGHT,29.13,83.31,84.91,84.41,5,PUMP_MIST_HIGH,-87.331,27.63,95.31,99.91,3
3,HOT,0,VERY_DRY,0,VERY_DRY,0,DARK,35.23,30.87,10.99,15.49,0,OFF,-152.067,34.73,29.87,8.99,0
3,HOT,0,VERY_DRY,0,VERY_DRY,0,DARK,36.02,33.77,13.49,11.24,0,OFF,-144.71,35.52,32.77,11.49,1
3,HOT,0,VERY_DRY,0,VERY_DRY,0,DARK,36.66,31.83,10.63,14.72,0,OFF,-155.873,36.16,30.83,8.63,2
3,HOT,0,VERY_DRY,0,VERY_DRY,0,DARK,36.58,32.11,19.41,9.24,0,OFF,-136.723,36.08,31.11,17.41,3
3,HOT,0,VERY_DRY,0,VERY_DRY,0,DARK,37.27,29.86,13.86,16.81,1,MIST_LOW,-95.844,35.57,37.86,12.86,0
3,HOT,0,VERY_DRY,0,VERY_DRY,0,DARK,35.78,31.03,13.7,15.98,1,MIST_LOW,-89.537,34.08,39.03,12.7,1
3,HOT,0,VERY_DRY,0,VERY_DRY,0,DARK,34.62,33.19,15.38,10.21,1,MIST_LOW,-78.828,32.92,41.19,14.38,2
3,HOT,0,VERY_DRY,0,VERY_DRY,0,DARK,36.43,28.13,17.7,16.45,1,MIST_LOW,-87.855,34.73,36.13,16.7,3
3,HOT,0,VERY_DRY,0,VERY_DRY,0,DARK,35.91,29.56,14.1,14.53,2,MIST_HIGH,-84.65,33.11,44.56,14.1,0
3,HOT,0,VERY_DRY,0,VERY_DRY,0,DARK,36.01,26.89,19.7,14.03,2,MIST_HIGH,-77.483,33.21,41.89,19.7,1
3,HOT,0,VERY_DRY,0,VERY_DRY,0,DARK,36.99,31.15,15.41,12.59,2,MIST_HIGH,-82.81,34.19,46.15,15.41,2
3,HOT,0,VERY_DRY,0,VERY_DRY,0,DARK,36.45,27.43,16.76,20.89,2,MIST_HIGH,-84.213,33.65,42.43,16.76,3
3,HOT,0,VERY_DRY,0,VERY_DRY,0,DARK,36.9,27.21,13.91,13.42,3,PUMP,-62.189,36.1,28.21,29.91,0
3,HOT,0,VERY_DRY,0,VERY_DRY,0,DARK,37.27,29.19,13.84,11.05,3,PUMP,-60.318,36.47,30.19,29.84,1
3,HOT,0,VERY_DRY,0,VERY_DRY,0,DARK,37.04,30.6,10.94,12.88,3,PUMP,-63.419,36.24,31.6,26.94,2
3,HOT,0,VERY_DRY,0,VERY_DRY,0,DARK,35.17,30.93,15.93,19.69,3,PUMP,-46.438,34.37,31.93,31.93,3
3,HOT,0,VERY_DRY,0,VERY_DRY,0,DARK,35.06,28.61,16.02,17.05,4,PUMP_MIST_LOW,-19.252,33.06,37.61,29.02,0
3,HOT,0,VERY_DRY,0,VERY_DRY,0,DARK,36.36,26.07,14.44,12.57,4,PUMP_MIST_LOW,-30.803,34.36,35.07,27.44,1
3,HOT,0,VERY_DRY,0,VERY_DRY,0,DARK,34.98,32.89,10.22,12.22,4,PUMP_MIST_LOW,-24.342,32.98,41.89,23.22,2
3,HOT,0,VERY_DRY,0,VERY_DRY,0,DARK,35.93,32.12,14.12,16.08,4,PUMP_MIST_LOW,-20.436,33.93,41.12,27.12,3
3,HOT,0,VERY_DRY,0,VERY_DRY,0,DARK,37.39,26.5,14.38,16.42,5,PUMP_MIST_HIGH,-24.452,34.39,41.5,30.38,0
3,HOT,0,VERY_DRY,0,VERY_DRY,0,DARK,35.96,30.5,15.53,16.14,5,PUMP_MIST_HIGH,-11.043,32.96,45.5,31.53,1
3,HOT,0,VERY_DRY,0,VERY_DRY,0,DARK,35.46,31.44,12.55,13.22,5,PUMP_MIST_HIGH,-14.217,32.46,46.44,28.55,2
3,HOT,0,VERY_DRY,0,VERY_DRY,0,DARK,36.33,30.57,14.06,9.9,5,PUMP_MIST_HIGH,-15.229,33.33,45.57,30.06,3
3,HOT,0,VERY_DRY,0,VERY_DRY,1,LOW,36.03,32.42,18.02,44.16,0,OFF,-140.565,36.03,30.42,16.02,0
3,HOT,0,VERY_DRY,0,VERY_DRY,1,LOW,34.92,29.7,12.89,39.5,0,OFF,-152.146,34.92,27.7,10.89,1
3,HOT,0,VERY_DRY,0,VERY_DRY,1,LOW,37.24,28.75,13.99,40.98,0,OFF,-158.809,37.24,26.75,11.99,2
3,HOT,0,VERY_DRY,0,VERY_DRY,1,LOW,36.86,26.85,13.81,43.32,0,OFF,-160.999,36.86,24.85,11.81,3
3,HOT,0,VERY_DRY,0,VERY_DRY,1,LOW,36.09,28.12,13.16,43.51,1,MIST_LOW,-99.53,34.89,35.12,12.16,0
3,HOT,0,VERY_DRY,0,VERY_DRY,1,LOW,35.07,31.12,18.06,44.51,1,MIST_LOW,-81.151,33.87,38.12,17.06,1
3,HOT,0,VERY_DRY,0,VERY_DRY,1,LOW,35.51,27.37,18.36,45.84,1,MIST_LOW,-87.97,34.31,34.37,17.36,2
3,HOT,0,VERY_DRY,0,VERY_DRY,1,LOW,35.06,27.12,14.59,38.76,1,MIST_LOW,-94.831,33.86,34.12,13.59,3
3,HOT,0,VERY_DRY,0,VERY_DRY,1,LOW,35.41,30.81,10.61,44.08,2,MIST_HIGH,-81.569,33.11,44.81,10.61,0
3,HOT,0,VERY_DRY,0,VERY_DRY,1,LOW,35.1,30.28,12.53,40.24,2,MIST_HIGH,-77.416,32.8,44.28,12.53,1
3,HOT,0,VERY_DRY,0,VERY_DRY,1,LOW,36.76,26.0,18.77,40.88,2,MIST_HIGH,-76.431,34.46,40.0,18.77,2
3,HOT,0,VERY_DRY,0,VERY_DRY,1,LOW,35.13,31.33,10.41,39.79,2,MIST_HIGH,-80.277,32.83,45.33,10.41,3
3,HOT,0,VERY_DRY,0,VERY_DRY,1,LOW,36.47,30.33,12.37,41.14,3,PUMP,-62.235,36.17,30.33,28.37,0
3,HOT,0,VERY_DRY,0,VERY_DRY,1,LOW,35.93,32.67,17.44,35.27,3,PUMP,-46.123,35.63,32.67,33.44,1
3,HOT,0,VERY_DRY,0,VERY_DRY,1,LOW,35.57,33.87,12.37,35.79,3,PUMP,-53.709,35.27,33.87,28.37,2
3,HOT,0,VERY_DRY,0,VERY_DRY,1,LOW,37.29,32.31,19.15,34.57,3,PUMP,-47.453,36.99,32.31,35.15,3
3,HOT,0,VERY_DRY,0,VERY_DRY,1,LOW,35.2,31.44,17.2,43.12,4,PUMP_MIST_LOW,-15.903,33.7,39.44,30.2,0
3,HOT,0,VERY_DRY,0,VERY_DRY,1,LOW,35.73,30.74,18.69,41.16,4,PUMP_MIST_LOW,-15.596,34.23,38.74,31.69,1
3,HOT,0,VERY_DRY,0,VERY_DRY,1,LOW,36.41,26.14,19.68,38.29,4,PUMP_MIST_LOW,-23.045,34.91,34.14,32.68,2
3,HOT,0,VERY_DRY,0,VERY_DRY,1,LOW,35.42,30.46,17.67,36.3,4,PUMP_MIST_LOW,-17.189,33.92,38.46,30.67,3
3,HOT,0,VERY_DRY,0,VERY_DRY,1,LOW,35.83,30.33,18.45,45.89,5,PUMP_MIST_HIGH,2.021,33.33,44.33,34.45,0
3,HOT,0,VERY_DRY,0,VERY_DRY,1,LOW,35.81,30.56,15.03,39.76,5,PUMP_MIST_HIGH,-4.746,33.31,44.56,31.03,1
3,HOT,0,VERY_DRY,0,VERY_DRY,1,LOW,36.62,26.16,11.18,39.67,5,PUMP_MIST_HIGH,-22.446,34.12,40.16,27.18,2
3,HOT,0,VERY_DRY,0,VERY_DRY,1,LOW,35.76,31.14,10.35,35.36,5,PUMP_MIST_HIGH,-13.473,33.26,45.14,26.35,3
3,HOT,0,VERY_DRY,0,VERY_DRY,2,MEDIUM,36.7,29.42,18.89,57.47,0,OFF,-154.707,37.2,25.42,14.89,0
3,HOT,0,VERY_DRY,0,VERY_DRY,2,MEDIUM,35.25,33.35,13.03,67.63,0,OFF,-156.063,35.75,29.35,9.03,1
3,HOT,0,VERY_DRY,0,VERY_DRY,2,MEDIUM,34.97,30.76,10.43,61.81,0,OFF,-164.77,35.47,26.76,6.43,2
3,HOT,0,VERY_DRY,0,VERY_DRY,2,MEDIUM,36.46,33.64,15.59,67.15,0,OFF,-154.13,36.96,29.64,11.59,3
3,HOT,0,VERY_DRY,0,VERY_DRY,2,MEDIUM,36.89,28.99,13.01,56.46,1,MIST_LOW,-110.005,36.19,33.99,10.01,0
3,HOT,0,VERY_DRY,0,VERY_DRY,2,MEDIUM,35.0,32.22,11.17,66.92,1,MIST_LOW,-102.637,34.3,37.22,8.17,1
3,HOT,0,VERY_DRY,0,VERY_DRY,2,MEDIUM,36.31,29.49,14.78,59.79,1,MIST_LOW,-103.642,35.61,34.49,11.78,2
3,HOT,0,VERY_DRY,0,VERY_DRY,2,MEDIUM,35.79,27.43,19.39,58.17,1,MIST_LOW,-95.593,35.09,32.43,16.39,3
3,HOT,0,VERY_DRY,0,VERY_DRY,2,MEDIUM,36.31,28.65,12.15,63.62,2,MIST_HIGH,-93.645,34.51,40.65,10.15,0
3,HOT,0,VERY_DRY,0,VERY_DRY,2,MEDIUM,36.45,29.52,10.29,61.99,2,MIST_HIGH,-96.629,34.65,41.52,8.29,1
3,HOT,0,VERY_DRY,0,VERY_DRY,2,MEDIUM,35.95,29.11,15.41,64.22,2,MIST_HIGH,-84.923,34.15,41.11,13.41,2
3,HOT,0,VERY_DRY,0,VERY_DRY,2,MEDIUM,35.51,30.78,16.01,59.92,2,MIST_HIGH,-79.616,33.71,42.78,14.01,3
3,HOT,0,VERY_DRY,0,VERY_DRY,2,MEDIUM,34.87,32.59,12.32,58.7,3,PUMP,-62.608,35.07,30.59,26.32,0
3,HOT,0,VERY_DRY,0,VERY_DRY,2,MEDIUM,34.62,32.64,19.69,59.45,3,PUMP,-46.227,34.82,30.64,33.69,1
3,HOT,0,VERY_DRY,0,VERY_DRY,2,MEDIUM,36.64,27.75,11.66,65.95,3,PUMP,-77.406,36.84,25.75,25.66,2
3,HOT,0,VERY_DRY,0,VERY_DRY,2,MEDIUM,37.12,26.45,17.41,60.73,3,PUMP,-68.936,37.32,24.45,31.41,3
3,HOT,0,VERY_DRY,0,VERY_DRY,2,MEDIUM,36.44,33.57,19.31,56.82,4,PUMP_MIST_LOW,-21.063,35.44,39.57,30.31,0
3,HOT,0,VERY_DRY,0,VERY_DRY,2,MEDIUM,36.61,29.78,19.23,63.68,4,PUMP_MIST_LOW,-27.814,35.61,35.78,30.23,1
3,HOT,0,VERY_DRY,0,VERY_DRY,2,MEDIUM,36.37,29.71,11.57,65.27,4,PUMP_MIST_LOW,-43.266,35.37,35.71,22.57,2
3,HOT,0,VERY_DRY,0,VERY_DRY,2,MEDIUM,36.1,30.36,12.46,60.16,4,PUMP_MIST_LOW,-39.466,35.1,36.36,23.46,3
3,HOT,0,VERY_DRY,0,VERY_DRY,2,MEDIUM,35.5,31.4,15.54,58.05,5,PUMP_MIST_HIGH,-10.318,33.5,43.4,29.54,0
3,HOT,0,VERY_DRY,0,VERY_DRY,2,MEDIUM,36.24,28.44,16.81,60.16,5,PUMP_MIST_HIGH,-14.743,34.24,40.44,30.81,1
3,HOT,0,VERY_DRY,0,VERY_DRY,2,MEDIUM,36.6,28.5,14.06,67.73,5,PUMP_MIST_HIGH,-21.577,34.6,40.5,28.06,2
3,HOT,0,VERY_DRY,0,VERY_DRY,2,MEDIUM,35.52,28.95,10.84,56.8,5,PUMP_MIST_HIGH,-24.178,33.52,40.95,24.84,3
3,HOT,0,VERY_DRY,0,VERY_DRY,3,BRIGHT,35.54,26.42,18.52,82.57,0,OFF,-163.477,36.54,20.42,13.52,0
3,HOT,0,VERY_DRY,0,VERY_DRY,3,BRIGHT,35.46,26.74,14.48,85.69,0,OFF,-171.184,36.46,20.74,9.48,1
3,HOT,0,VERY_DRY,0,VERY_DRY,3,BRIGHT,35.92,32.12,16.39,86.28,0,OFF,-160.047,36.92,26.12,11.39,2
3,HOT,0,VERY_DRY,0,VERY_DRY,3,BRIGHT,35.0,29.51,15.29,90.92,0,OFF,-163.566,36.0,23.51,10.29,3
3,HOT,0,VERY_DRY,0,VERY_DRY,3,BRIGHT,36.65,26.9,17.89,87.53,1,MIST_LOW,-97.227,36.45,29.9,13.89,0
3,HOT,0,VERY_DRY,0,VERY_DRY,3,BRIGHT,35.6,28.4,18.06,88.85,1,MIST_LOW,-91.108,35.4,31.4,14.06,1
3,HOT,0,VERY_DRY,0,VERY_DRY,3,BRIGHT,35.16,28.32,19.01,84.44,1,MIST_LOW,-87.836,34.96,31.32,15.01,2
3,HOT,0,VERY_DRY,0,VERY_DRY,3,BRIGHT,35.53,29.91,15.34,84.67,1,MIST_LOW,-94.196,35.33,32.91,11.34,3
3,HOT,0,VERY_DRY,0,VERY_DRY,3,BRIGHT,34.95,27.74,10.83,91.45,2,MIST_HIGH,-88.445,33.65,37.74,7.83,0
3,HOT,0,VERY_DRY,0,VERY_DRY,3,BRIGHT,36.53,27.92,16.44,93.02,2,MIST_HIGH,-81.43,35.23,37.92,13.44,1
3,HOT,0,VERY_DRY,0,VERY_DRY,3,BRIGHT,37.35,29.42,10.37,87.69,2,MIST_HIGH,-94.391,36.05,39.42,7.37,2
3,HOT,0,VERY_DRY,0,VERY_DRY,3,BRIGHT,36.1,27.4,19.14,82.82,2,MIST_HIGH,-75.226,34.8,37.4,16.14,3
3,HOT,0,VERY_DRY,0,VERY_DRY,3,BRIGHT,36.82,29.84,14.75,82.12,3,PUMP,-75.055,37.52,25.84,27.75,0
3,HOT,0,VERY_DRY,0,VERY_DRY,3,BRIGHT,36.92,29.48,13.16,82.75,3,PUMP,-79.271,37.62,25.48,26.16,1
3,HOT,0,VERY_DRY,0,VERY_DRY,3,BRIGHT,35.11,29.56,13.06,85.92,3,PUMP,-73.568,35.81,25.56,26.06,2
3,HOT,0,VERY_DRY,0,VERY_DRY,3,BRIGHT,36.45,33.41,17.29,87.79,3,PUMP,-62.814,37.15,29.41,30.29,3
3,HOT,0,VERY_DRY,0,VERY_DRY,3,BRIGHT,36.86,30.09,11.02,88.77,4,PUMP_MIST_LOW,-40.256,36.36,34.09,21.02,0
3,HOT,0,VERY_DRY,0,VERY_DRY,3,BRIGHT,34.9,29.4,14.78,85.51,4,PUMP_MIST_LOW,-27.198,34.4,33.4,24.78,1
3,HOT,0,VERY_DRY,0,VERY_DRY,3,BRIGHT,37.03,29.97,17.35,87.31,4,PUMP_MIST_LOW,-27.714,36.53,33.97,27.35,2
3,HOT,0,VERY_DRY,0,VERY_DRY,3,BRIGHT,35.66,27.3,18.09,89.07,4,PUMP_MIST_LOW,-26.043,35.16,31.3,28.09,3
3,HOT,0,VERY_DRY,0,VERY_DRY,3,BRIGHT,34.78,28.48,12.1,86.75,5,PUMP_MIST_HIGH,-14.824,33.28,38.48,25.1,0
3,HOT,0,VERY_DRY,0,VERY_DRY,3,BRIGHT,36.25,30.6,18.89,89.55,5,PUMP_MIST_HIGH,-1.856,34.75,40.6,31.89,1
3,HOT,0,VERY_DRY,0,VERY_DRY,3,BRIGHT,35.8,33.77,13.41,89.32,5,PUMP_MIST_HIGH,-6.865,34.3,43.77,26.41,2
3,HOT,0,VERY_DRY,0,VERY_DRY,3,BRIGHT,36.21,32.32,16.89,83.35,5,PUMP_MIST_HIGH,-3.178,34.71,42.32,29.89,3
3,HOT,0,VERY_DRY,1,DRY,0,DARK,36.09,30.43,34.8,15.93,0,OFF,-70.523,35.59,29.43,32.8,0
3,HOT,0,VERY_DRY,1,DRY,0,DARK,36.09,27.87,39.31,17.51,0,OFF,-65.132,35.59,26.87,37.31,1
3,HOT,0,VERY_DRY,1,DRY,0,DARK,35.06,31.63,35.4,13.92,0,OFF,-64.026,34.56,30.63,33.4,2
3,HOT,0,VERY_DRY,1,DRY,0,DARK,36.06,33.24,31.7,12.54,0,OFF,-72.445,35.56,32.24,29.7,3
3,HOT,0,VERY_DRY,1,DRY,0,DARK,35.38,33.5,37.76,12.57,1,MIST_LOW,1.25,33.68,41.5,36.76,0
3,HOT,0,VERY_DRY,1,DRY,0,DARK,36.7,33.21,36.7,17.69,1,MIST_LOW,-5.708,35.0,41.21,35.7,1
3,HOT,0,VERY_DRY,1,DRY,0,DARK,36.23,29.5,35.61,19.52,1,MIST_LOW,-12.413,34.53,37.5,34.61,2
3,HOT,0,VERY_DRY,1,DRY,0,DARK,36.91,33.12,33.29,17.52,1,MIST_LOW,-13.672,35.21,41.12,32.29,3
3,HOT,0,VERY_DRY,1,DRY,0,DARK,35.58,30.16,39.45,17.9,2,MIST_HIGH,5.626,32.78,45.16,39.45,0
3,HOT,0,VERY_DRY,1,DRY,0,DARK,36.96,26.41,31.43,14.29,2,MIST_HIGH,-21.64,34.16,41.41,31.43,1
3,HOT,0,VERY_DRY,1,DRY,0,DARK,36.23,31.85,36.09,19.77,2,MIST_HIGH,-0.839,33.43,46.85,36.09,2
3,HOT,0,VERY_DRY,1,DRY,0,DARK,36.97,32.71,38.2,12.59,2,MIST_HIGH,2.616,34.17,47.71,38.2,3
3,HOT,0,VERY_DRY,1,DRY,0,DARK,36.11,31.11,39.07,14.42,3,PUMP,9.434,35.31,32.11,55.07,0
3,HOT,0,VERY_DRY,1,DRY,0,DARK,34.83,26.12,33.28,15.97,3,PUMP,-6.619,34.03,27.12,49.28,1
3,HOT,0,VERY_DRY,1,DRY,0,DARK,35.44,33.72,39.25,18.73,3,PUMP,16.151,34.64,34.72,55.25,2
3,HOT,0,VERY_DRY,1,DRY,0,DARK,36.81,32.36,32.06,14.96,3,PUMP,-5.536,36.01,33.36,48.06,3
3,HOT,0,VERY_DRY,1,DRY,0,DARK,37.05,30.18,33.91,15.28,4,PUMP_MIST_LOW,24.461,35.05,39.18,46.91,0
3,HOT,0,VERY_DRY,1,DRY,0,DARK,34.83,31.81,36.38,11.52,4,PUMP_MIST_LOW,39.333,32.83,40.81,49.38,1
3,HOT,0,VERY_DRY,1,DRY,0,DARK,36.01,32.02,38.49,10.37,4,PUMP_MIST_LOW,40.328,34.01,41.02,51.49,2
3,HOT,0,VERY_DRY,1,DRY,0,DARK,34.83,27.97,39.86,14.9,4,PUMP_MIST_LOW,40.499,32.83,36.97,52.86,3
3,HOT,0,VERY_DRY,1,DRY,0,DARK,36.11,28.2,39.16,15.92,5,PUMP_MIST_HIGH,44.419,33.11,43.2,55.16,0
3,HOT,0,VERY_DRY,1,DRY,0,DARK,37.09,26.18,37.95,16.88,5,PUMP_MIST_HIGH,35.511,34.09,41.18,53.95,1
3,HOT,0,VERY_DRY,1,DRY,0,DARK,37.03,32.75,35.73,19.15,5,PUMP_MIST_HIGH,41.546,34.03,47.75,51.73,2
3,HOT,0,VERY_DRY,1,DRY,0,DARK,36.93,29.56,35.77,13.44,5,PUMP_MIST_HIGH,36.831,33.93,44.56,51.77,3
3,HOT,0,VERY_DRY,1,DRY,1,LOW,35.01,32.89,39.25,41.02,0,OFF,-57.001,35.01,30.89,37.25,0
3,HOT,0,VERY_DRY,1,DRY,1,LOW,35.22,32.31,30.89,43.95,0,OFF,-76.119,35.22,30.31,28.89,1
3,HOT,0,VERY_DRY,1,DRY,1,LOW,35.48,30.04,37.51,43.05,0,OFF,-66.698,35.48,28.04,35.51,2
3,HOT,0,VERY_DRY,1,DRY,1,LOW,35.9,31.99,37.69,42.03,0,OFF,-64.551,35.9,29.99,35.69,3
3,HOT,0,VERY_DRY,1,DRY,1,LOW,35.15,31.39,30.2,42.93,1,MIST_LOW,-20.49,33.95,38.39,29.2,0
3,HOT,0,VERY_DRY,1,DRY,1,LOW,34.94,27.93,35.84,34.13,1,MIST_LOW,-13.511,33.74,34.93,34.84,1
3,HOT,0,VERY_DRY,1,DRY,1,LOW,37.28,30.26,38.53,45.82,1,MIST_LOW,-11.641,36.08,37.26,37.53,2
3,HOT,0,VERY_DRY,1,DRY,1,LOW,35.46,31.17,33.15,35.46,1,MIST_LOW,-15.643,34.26,38.17,32.15,3
3,HOT,0,VERY_DRY,1,DRY,1,LOW,36.63,26.34,30.59,40.37,2,MIST_HIGH,-15.661,34.33,40.34,30.59,0
3,HOT,0,VERY_DRY,1,DRY,1,LOW,36.91,32.38,38.56,42.61,2,MIST_HIGH,9.812,34.61,46.38,38.56,1
3,HOT,0,VERY_DRY,1,DRY,1,LOW,34.72,28.62,38.79,37.59,2,MIST_HIGH,11.318,32.42,42.62,38.79,2
3,HOT,0,VERY_DRY,1,DRY,1,LOW,36.6,27.65,30.7,38.12,2,MIST_HIGH,-13.256,34.3,41.65,30.7,3
3,HOT,0,VERY_DRY,1,DRY,1,LOW,36.55,32.3,34.96,38.55,3,PUMP,-1.913,36.25,32.3,50.96,0
3,HOT,0,VERY_DRY,1,DRY,1,LOW,35.73,33.32,30.79,42.28,3,PUMP,-6.394,35.43,33.32,46.79,1
3,HOT,0,VERY_DRY,1,DRY,1,LOW,36.03,30.8,35.68,36.51,3,PUMP,-1.117,35.73,30.8,51.68,2
3,HOT,0,VERY_DRY,1,DRY,1,LOW,35.28,30.95,37.04,41.52,3,PUMP,4.381,34.98,30.95,53.04,3
3,HOT,0,VERY_DRY,1,DRY,1,LOW,36.12,33.8,39.77,44.1,4,PUMP_MIST_LOW,42.294,34.62,41.8,52.77,0
3,HOT,0,VERY_DRY,1,DRY,1,LOW,35.8,28.93,39.56,39.4,4,PUMP_MIST_LOW,35.088,34.3,36.93,52.56,1
3,HOT,0,VERY_DRY,1,DRY,1,LOW,35.29,31.21,38.61,43.84,4,PUMP_MIST_LOW,38.378,33.79,39.21,51.61,2
3,HOT,0,VERY_DRY,1,DRY,1,LOW,35.27,29.9,31.86,38.16,4,PUMP_MIST_LOW,12.178,33.77,37.9,44.86,3
3,HOT,0,VERY_DRY,1,DRY,1,LOW,37.06,26.81,32.9,38.71,5,PUMP_MIST_HIGH,32.81,34.56,40.81,48.9,0
3,HOT,0,VERY_DRY,1,DRY,1,LOW,36.5,26.34,31.34,40.1,5,PUMP_MIST_HIGH,30.557,34.0,40.34,47.34,1
3,HOT,0,VERY_DRY,1,DRY,1,LOW,35.27,29.89,34.57,44.26,5,PUMP_MIST_HIGH,46.948,32.77,43.89,50.57,2
3,HOT,0,VERY_DRY,1,DRY,1,LOW,36.13,29.37,37.66,38.54,5,PUMP_MIST_HIGH,49.879,33.63,43.37,53.66,3
3,HOT,0,VERY_DRY,1,DRY,2,MEDIUM,34.61,33.31,32.95,62.25,0,OFF,-77.267,35.11,29.31,28.95,0
3,HOT,0,VERY_DRY,1,DRY,2,MEDIUM,35.66,28.04,30.69,64.46,0,OFF,-93.799,36.16,24.04,26.69,1
3,HOT,0,VERY_DRY,1,DRY,2,MEDIUM,35.75,26.28,31.05,67.99,0,OFF,-96.164,36.25,22.28,27.05,2
3,HOT,0,VERY_DRY,1,DRY,2,MEDIUM,35.89,33.59,36.35,58.46,0,OFF,-73.787,36.39,29.59,32.35,3
3,HOT,0,VERY_DRY,1,DRY,2,MEDIUM,36.1,32.55,39.19,60.92,1,MIST_LOW,-11.805,35.4,37.55,36.19,0
3,HOT,0,VERY_DRY,1,DRY,2,MEDIUM,35.34,33.8,39.63,56.45,1,MIST_LOW,-6.446,34.64,38.8,36.63,1
3,HOT,0,VERY_DRY,1,DRY,2,MEDIUM,36.47,30.37,31.35,67.76,1,MIST_LOW,-32.934,35.77,35.37,28.35,2
3,HOT,0,VERY_DRY,1,DRY,2,MEDIUM,34.62,27.14,34.2,61.07,1,MIST_LOW,-26.214,33.92,32.14,31.2,3
3,HOT,0,VERY_DRY,1,DRY,2,MEDIUM,37.21,30.07,31.02,63.61,2,MIST_HIGH,-19.657,35.41,42.07,29.02,0
3,HOT,0,VERY_DRY,1,DRY,2,MEDIUM,36.49,29.63,35.29,62.95,2,MIST_HIGH,-9.113,34.69,41.63,33.29,1
3,HOT,0,VERY_DRY,1,DRY,2,MEDIUM,36.26,32.35,39.27,62.9,2,MIST_HIGH,4.36,34.46,44.35,37.27,2
3,HOT,0,VERY_DRY,1,DRY,2,MEDIUM,36.21,26.36,34.95,59.12,2,MIST_HIGH,-14.137,34.41,38.36,32.95,3
3,HOT,0,VERY_DRY,1,DRY,2,MEDIUM,36.72,33.34,38.6,63.52,3,PUMP,-2.126,36.92,31.34,52.6,0
3,HOT,0,VERY_DRY,1,DRY,2,MEDIUM,36.54,26.03,31.74,62.07,3,PUMP,-27.667,36.74,24.03,45.74,1
3,HOT,0,VERY_DRY,1,DRY,2,MEDIUM,36.74,28.23,36.14,61.45,3,PUMP,-15.553,36.94,26.23,50.14,2
3,HOT,0,VERY_DRY,1,DRY,2,MEDIUM,35.35,28.56,39.61,57.34,3,PUMP,-3.302,35.55,26.56,53.61,3
3,HOT,0,VERY_DRY,1,DRY,2,MEDIUM,36.58,32.65,37.67,62.45,4,PUMP_MIST_LOW,25.59,35.58,38.65,48.67,0
3,HOT,0,VERY_DRY,1,DRY,2,MEDIUM,37.1,27.09,34.91,61.44,4,PUMP_MIST_LOW,9.229,36.1,33.09,45.91,1
3,HOT,0,VERY_DRY,1,DRY,2,MEDIUM,37.09,26.17,39.68,65.67,4,PUMP_MIST_LOW,17.818,36.09,32.17,50.68,2
3,HOT,0,VERY_DRY,1,DRY,2,MEDIUM,37.29,33.88,37.89,65.09,4,PUMP_MIST_LOW,25.755,36.29,39.88,48.89,3
3,HOT,0,VERY_DRY,1,DRY,2,MEDIUM,36.95,32.57,37.76,65.19,5,PUMP_MIST_HIGH,43.556,34.95,44.57,51.76,0
3,HOT,0,VERY_DRY,1,DRY,2,MEDIUM,34.7,28.44,32.08,62.05,5,PUMP_MIST_HIGH,32.244,32.7,40.44,46.08,1
3,HOT,0,VERY_DRY,1,DRY,2,MEDIUM,36.06,26.52,34.93,62.58,5,PUMP_MIST_HIGH,30.79,34.06,38.52,48.93,2
3,HOT,0,VERY_DRY,1,DRY,2,MEDIUM,35.84,31.98,39.62,58.67,5,PUMP_MIST_HIGH,50.074,33.84,43.98,53.62,3
3,HOT,0,VERY_DRY,1,DRY,3,BRIGHT,35.26,29.24,37.61,87.39,0,OFF,-82.956,36.26,23.24,32.61,0
3,HOT,0,VERY_DRY,1,DRY,3,BRIGHT,36.92,26.75,37.17,89.26,0,OFF,-93.178,37.92,20.75,32.17,1
3,HOT,0,VERY_DRY,1,DRY,3,BRIGHT,36.34,26.9,39.52,84.32,0,OFF,-86.175,37.34,20.9,34.52,2
3,HOT,0,VERY_DRY,1,DRY,3,BRIGHT,36.91,32.99,39.69,84.24,0,OFF,-77.885,37.91,26.99,34.69,3
3,HOT,0,VERY_DRY,1,DRY,3,BRIGHT,34.96,27.07,32.65,84.0,1,MIST_LOW,-25.564,34.76,30.07,28.65,0
3,HOT,0,VERY_DRY,1,DRY,3,BRIGHT,34.71,28.1,36.55,84.04,1,MIST_LOW,-14.922,34.51,31.1,32.55,1
3,HOT,0,VERY_DRY,1,DRY,3,BRIGHT,37.04,33.16,36.11,90.69,1,MIST_LOW,-15.19,36.84,36.16,32.11,2
3,HOT,0,VERY_DRY,1,DRY,3,BRIGHT,35.6,29.69,30.07,91.1,1,MIST_LOW,-28.806,35.4,32.69,26.07,3
3,HOT,0,VERY_DRY,1,DRY,3,BRIGHT,34.79,26.45,36.9,90.27,2,MIST_HIGH,-0.237,33.49,36.45,33.9,0
3,HOT,0,VERY_DRY,1,DRY,3,BRIGHT,36.95,28.18,35.65,83.91,2,MIST_HIGH,-7.028,35.65,38.18,32.65,1
3,HOT,0,VERY_DRY,1,DRY,3,BRIGHT,35.64,32.25,38.4,89.72,2,MIST_HIGH,9.452,34.34,42.25,35.4,2
3,HOT,0,VERY_DRY,1,DRY,3,BRIGHT,34.77,29.86,36.16,83.19,2,MIST_HIGH,3.724,33.47,39.86,33.16,3
3,HOT,0,VERY_DRY,1,DRY,3,BRIGHT,36.38,27.16,37.51,88.53,3,PUMP,-20.131,37.08,23.16,50.51,0
3,HOT,0,VERY_DRY,1,DRY,3,BRIGHT,35.9,30.7,37.35,87.7,3,PUMP,-13.27,36.6,26.7,50.35,1
3,HOT,0,VERY_DRY,1,DRY,3,BRIGHT,36.68,33.86,38.66,88.89,3,PUMP,-7.971,37.38,29.86,51.66,2
3,HOT,0,VERY_DRY,1,DRY,3,BRIGHT,35.17,27.42,30.78,87.95,3,PUMP,-39.982,35.87,23.42,43.78,3
3,HOT,0,VERY_DRY,1,DRY,3,BRIGHT,35.44,27.15,32.9,85.18,4,PUMP_MIST_LOW,5.532,34.94,31.15,42.9,0
3,HOT,0,VERY_DRY,1,DRY,3,BRIGHT,37.09,31.17,32.14,87.03,4,PUMP_MIST_LOW,5.063,36.59,35.17,42.14,1
3,HOT,0,VERY_DRY,1,DRY,3,BRIGHT,34.9,32.63,30.52,84.31,4,PUMP_MIST_LOW,11.001,34.4,36.63,40.52,2
3,HOT,0,VERY_DRY,1,DRY,3,BRIGHT,35.67,29.45,36.88,84.58,4,PUMP_MIST_LOW,26.815,35.17,33.45,46.88,3
3,HOT,0,VERY_DRY,1,DRY,3,BRIGHT,35.93,27.19,33.99,90.33,5,PUMP_MIST_HIGH,35.423,34.43,37.19,46.99,0
3,HOT,0,VERY_DRY,1,DRY,3,BRIGHT,35.08,33.47,31.51,82.42,5,PUMP_MIST_HIGH,32.997,33.58,43.47,44.51,1
3,HOT,0,VERY_DRY,1,DRY,3,BRIGHT,36.26,32.24,32.36,92.72,5,PUMP_MIST_HIGH,38.995,34.76,42.24,45.36,2
3,HOT,0,VERY_DRY,1,DRY,3,BRIGHT,35.76,27.08,35.71,84.36,5,PUMP_MIST_HIGH,39.401,34.26,37.08,48.71,3
3,HOT,0,VERY_DRY,2,OPTIMAL,0,DARK,37.28,30.67,53.1,14.58,0,OFF,-25.531,36.78,29.67,51.1,0
3,HOT,0,VERY_DRY,2,OPTIMAL,0,DARK,36.29,26.24,53.96,11.92,0,OFF,-27.644,35.79,25.24,51.96,1
3,HOT,0,VERY_DRY,2,OPTIMAL,0,DARK,35.53,32.38,62.66,9.31,0,OFF,-8.274,35.03,31.38,60.66,2
3,HOT,0,VERY_DRY,2,OPTIMAL,0,DARK,35.89,30.92,53.89,18.03,0,OFF,-18.999,35.39,29.92,51.89,3
3,HOT,0,VERY_DRY,2,OPTIMAL,0,DARK,34.7,29.61,54.6,10.31,1,MIST_LOW,42.554,33.0,37.61,53.6,0
3,HOT,0,VERY_DRY,2,OPTIMAL,0,DARK,36.11,29.05,53.41,15.11,1,MIST_LOW,34.616,34.41,37.05,52.41,1
3,HOT,0,VERY_DRY,2,OPTIMAL,0,DARK,37.08,31.24,57.96,11.23,1,MIST_LOW,44.587,35.38,39.24,56.96,2
3,HOT,0,VERY_DRY,2,OPTIMAL,0,DARK,34.67,32.59,56.16,20.06,1,MIST_LOW,50.679,32.97,40.59,55.16,3
3,HOT,0,VERY_DRY,2,OPTIMAL,0,DARK,36.77,31.95,60.92,20.99,2,MIST_HIGH,47.487,33.97,46.95,60.92,0
3,HOT,0,VERY_DRY,2,OPTIMAL,0,DARK,34.91,27.34,61.08,20.57,2,MIST_HIGH,45.723,32.11,42.34,61.08,1
3,HOT,0,VERY_DRY,2,OPTIMAL,0,DARK,35.93,26.05,55.57,11.94,2,MIST_HIGH,41.767,33.13,41.05,55.57,2
3,HOT,0,VERY_DRY,2,OPTIMAL,0,DARK,34.75,33.83,61.25,18.11,2,MIST_HIGH,56.255,31.95,48.83,61.25,3
3,HOT,0,VERY_DRY,2,OPTIMAL,0,DARK,35.42,32.29,62.02,11.2,3,PUMP,-32.369,34.62,33.29,78.02,0
3,HOT,0,VERY_DRY,2,OPTIMAL,0,DARK,35.0,31.18,53.15,13.11,3,PUMP,-4.182,34.2,32.18,69.15,1
3,HOT,0,VERY_DRY,2,OPTIMAL,0,DARK,35.2,30.7,60.55,10.7,3,PUMP,-31.123,34.4,31.7,76.55,2
3,HOT,0,VERY_DRY,2,OPTIMAL,0,DARK,36.65,33.49,60.3,16.0,3,PUMP,-30.775,35.85,34.49,76.3,3
3,HOT,0,VERY_DRY,2,OPTIMAL,0,DARK,35.45,32.59,60.98,14.69,4,PUMP_MIST_LOW,13.13,33.45,41.59,73.98,0
3,HOT,0,VERY_DRY,2,OPTIMAL,0,DARK,35.1,30.94,55.08,11.19,4,PUMP_MIST_LOW,33.989,33.1,39.94,68.08,1
3,HOT,0,VERY_DRY,2,OPTIMAL,0,DARK,36.4,28.82,53.94,20.08,4,PUMP_MIST_LOW,28.87,34.4,37.82,66.94,2
3,HOT,0,VERY_DRY,2,OPTIMAL,0,DARK,35.92,26.63,57.66,18.82,4,PUMP_MIST_LOW,9.098,33.92,35.63,70.66,3
3,HOT,0,VERY_DRY,2,OPTIMAL,0,DARK,36.62,26.19,62.71,10.61,5,PUMP_MIST_HIGH,-7.949,33.62,41.19,78.71,0
3,HOT,0,VERY_DRY,2,OPTIMAL,0,DARK,37.25,32.62,56.59,15.48,5,PUMP_MIST_HIGH,13.133,34.25,47.62,72.59,1
3,HOT,0,VERY_DRY,2,OPTIMAL,0,DARK,34.91,26.3,54.06,15.9,5,PUMP_MIST_HIGH,15.83,31.91,41.3,70.06,2
3,HOT,0,VERY_DRY,2,OPTIMAL,0,DARK,34.91,33.64,58.37,20.07,5,PUMP_MIST_HIGH,18.538,31.91,48.64,74.37,3
3,HOT,0,VERY_DRY,2,OPTIMAL,1,LOW,34.85,32.44,58.4,38.86,0,OFF,-6.975,34.85,30.44,56.4,0
3,HOT,0,VERY_DRY,2,OPTIMAL,1,LOW,36.72,28.28,59.07,40.43,0,OFF,-18.212,36.72,26.28,57.07,1
3,HOT,0,VERY_DRY,2,OPTIMAL,1,LOW,35.76,29.83,57.28,44.55,0,OFF,-16.408,35.76,27.83,55.28,2
3,HOT,0,VERY_DRY,2,OPTIMAL,1,LOW,37.35,31.4,54.27,39.56,0,OFF,-25.309,37.35,29.4,52.27,3
3,HOT,0,VERY_DRY,2,OPTIMAL,1,LOW,37.4,33.26,58.0,37.23,1,MIST_LOW,43.693,36.2,40.26,57.0,0
3,HOT,0,VERY_DRY,2,OPTIMAL,1,LOW,35.88,26.19,60.49,39.26,1,MIST_LOW,36.202,34.68,33.19,59.49,1
3,HOT,0,VERY_DRY,2,OPTIMAL,1,LOW,36.44,33.81,62.77,35.31,1,MIST_LOW,41.817,35.24,40.81,61.77,2
3,HOT,0,VERY_DRY,2,OPTIMAL,1,LOW,34.69,28.33,61.46,35.57,1,MIST_LOW,41.387,33.49,35.33,60.46,3
3,HOT,0,VERY_DRY,2,OPTIMAL,1,LOW,35.82,26.35,57.04,42.84,2,MIST_HIGH,52.458,33.52,40.35,57.04,0
3,HOT,0,VERY_DRY,2,OPTIMAL,1,LOW,36.74,33.47,60.69,45.31,2,MIST_HIGH,57.301,34.44,47.47,60.69,1
3,HOT,0,VERY_DRY,2,OPTIMAL,1,LOW,35.16,30.86,60.3,35.53,2,MIST_HIGH,58.978,32.86,44.86,60.3,2
3,HOT,0,VERY_DRY,2,OPTIMAL,1,LOW,35.15,28.61,55.3,40.48,2,MIST_HIGH,54.584,32.85,42.61,55.3,3
3,HOT,0,VERY_DRY,2,OPTIMAL,1,LOW,36.03,28.16,62.45,34.47,3,PUMP,-45.003,35.73,28.16,78.45,0
3,HOT,0,VERY_DRY,2,OPTIMAL,1,LOW,35.04,27.79,62.65,38.92,3,PUMP,-42.881,34.74,27.79,78.65,1
3,HOT,0,VERY_DRY,2,OPTIMAL,1,LOW,35.37,27.5,60.14,34.12,3,PUMP,-39.121,35.07,27.5,76.14,2
3,HOT,0,VERY_DRY,2,OPTIMAL,1,LOW,34.78,27.33,60.43,39.9,3,PUMP,-38.133,34.48,27.33,76.43,3
3,HOT,0,VERY_DRY,2,OPTIMAL,1,LOW,37.23,27.19,53.15,44.83,4,PUMP_MIST_LOW,22.062,35.73,35.19,66.15,0
3,HOT,0,VERY_DRY,2,OPTIMAL,1,LOW,34.6,27.67,55.18,34.73,4,PUMP_MIST_LOW,26.957,33.1,35.67,68.18,1
3,HOT,0,VERY_DRY,2,OPTIMAL,1,LOW,34.65,30.15,55.49,37.5,4,PUMP_MIST_LOW,30.138,33.15,38.15,68.49,2
3,HOT,0,VERY_DRY,2,OPTIMAL,1,LOW,36.6,29.23,55.39,35.33,4,PUMP_MIST_LOW,22.617,35.1,37.23,68.39,3
3,HOT,0,VERY_DRY,2,OPTIMAL,1,LOW,34.61,30.13,58.72,43.34,5,PUMP_MIST_HIGH,19.937,32.11,44.13,74.72,0
3,HOT,0,VERY_DRY,2,OPTIMAL,1,LOW,37.4,26.97,54.19,43.58,5,PUMP_MIST_HIGH,15.478,34.9,40.97,70.19,1
3,HOT,0,VERY_DRY,2,OPTIMAL,1,LOW,34.66,33.64,61.5,38.61,5,PUMP_MIST_HIGH,19.538,32.16,47.64,77.5,2
3,HOT,0,VERY_DRY,2,OPTIMAL,1,LOW,36.71,31.02,61.2,35.67,5,PUMP_MIST_HIGH,9.441,34.21,45.02,77.2,3
3,HOT,0,VERY_DRY,2,OPTIMAL,2,MEDIUM,35.98,33.47,60.42,62.98,0,OFF,-13.712,36.48,29.47,56.42,0
3,HOT,0,VERY_DRY,2,OPTIMAL,2,MEDIUM,36.09,32.19,60.27,64.88,0,OFF,-16.426,36.59,28.19,56.27,1
3,HOT,0,VERY_DRY,2,OPTIMAL,2,MEDIUM,36.33,29.11,58.42,64.8,0,OFF,-26.009,36.83,25.11,54.42,2
3,HOT,0,VERY_DRY,2,OPTIMAL,2,MEDIUM,35.44,33.91,62.51,67.31,0,OFF,-9.021,35.94,29.91,58.51,3
3,HOT,0,VERY_DRY,2,OPTIMAL,2,MEDIUM,37.03,30.38,57.8,59.1,1,MIST_LOW,30.845,36.33,35.38,54.8,0
3,HOT,0,VERY_DRY,2,OPTIMAL,2,MEDIUM,35.29,26.41,62.21,65.79,1,MIST_LOW,34.225,34.59,31.41,59.21,1
3,HOT,0,VERY_DRY,2,OPTIMAL,2,MEDIUM,37.32,30.12,59.84,58.99,1,MIST_LOW,33.77,36.62,35.12,56.84,2
3,HOT,0,VERY_DRY,2,OPTIMAL,2,MEDIUM,34.93,26.77,61.35,67.44,1,MIST_LOW,37.759,34.23,31.77,58.35,3
3,HOT,0,VERY_DRY,2,OPTIMAL,2,MEDIUM,34.83,26.77,61.82,59.82,2,MIST_HIGH,49.701,33.03,38.77,59.82,0
3,HOT,0,VERY_DRY,2,OPTIMAL,2,MEDIUM,36.45,30.44,56.69,59.11,2,MIST_HIGH,47.272,34.65,42.44,54.69,1
3,HOT,0,VERY_DRY,2,OPTIMAL,2,MEDIUM,36.0,32.07,62.63,59.71,2,MIST_HIGH,52.747,34.2,44.07,60.63,2
3,HOT,0,VERY_DRY,2,OPTIMAL,2,MEDIUM,37.32,27.51,55.6,66.17,2,MIST_HIGH,37.5,35.52,39.51,53.6,3
3,HOT,0,VERY_DRY,2,OPTIMAL,2,MEDIUM,34.63,28.9,56.24,58.87,3,PUMP,-26.924,34.83,26.9,70.24,0
3,HOT,0,VERY_DRY,2,OPTIMAL,2,MEDIUM,35.76,26.24,56.22,67.32,3,PUMP,-34.73,35.96,24.24,70.22,1
3,HOT,0,VERY_DRY,2,OPTIMAL,2,MEDIUM,36.3,28.0,58.82,64.45,3,PUMP,-39.118,36.5,26.0,72.82,2
3,HOT,0,VERY_DRY,2,OPTIMAL,2,MEDIUM,37.02,29.46,54.48,56.64,3,PUMP,-19.979,37.22,27.46,68.48,3
3,HOT,0,VERY_DRY,2,OPTIMAL,2,MEDIUM,34.76,27.1,61.81,64.65,4,PUMP_MIST_LOW,1.015,33.76,33.1,72.81,0
3,HOT,0,VERY_DRY,2,OPTIMAL,2,MEDIUM,36.87,31.65,58.39,57.1,4,PUMP_MIST_LOW,18.742,35.87,37.65,69.39,1
3,HOT,0,VERY_DRY,2,OPTIMAL,2,MEDIUM,36.02,33.37,59.53,62.16,4,PUMP_MIST_LOW,11.817,35.02,39.37,70.53,2
3,HOT,0,VERY_DRY,2,OPTIMAL,2,MEDIUM,36.27,32.14,62.68,57.79,4,PUMP_MIST_LOW,2.423,35.27,38.14,73.68,3
3,HOT,0,VERY_DRY,2,OPTIMAL,2,MEDIUM,37.09,27.13,58.31,62.01,5,PUMP_MIST_HIGH,7.452,35.09,39.13,72.31,0
3,HOT,0,VERY_DRY,2,OPTIMAL,2,MEDIUM,34.8,28.1,56.25,57.63,5,PUMP_MIST_HIGH,20.687,32.8,40.1,70.25,1
3,HOT,0,VERY_DRY,2,OPTIMAL,2,MEDIUM,35.24,33.3,59.37,58.31,5,PUMP_MIST_HIGH,21.045,33.24,45.3,73.37,2
3,HOT,0,VERY_DRY,2,OPTIMAL,2,MEDIUM,35.47,33.61,55.22,67.95,5,PUMP_MIST_HIGH,39.494,33.47,45.61,69.22,3
3,HOT,0,VERY_DRY,2,OPTIMAL,3,BRIGHT,34.65,28.36,54.59,83.14,0,OFF,-36.755,35.65,22.36,49.59,0
3,HOT,0,VERY_DRY,2,OPTIMAL,3,BRIGHT,36.76,33.6,58.52,85.98,0,OFF,-26.883,37.76,27.6,53.52,1
3,HOT,0,VERY_DRY,2,OPTIMAL,3,BRIGHT,36.14,31.49,62.38,89.54,0,OFF,-20.146,37.14,25.49,57.38,2
3,HOT,0,VERY_DRY,2,OPTIMAL,3,BRIGHT,36.8,33.8,56.46,82.21,0,OFF,-31.026,37.8,27.8,51.46,3
3,HOT,0,VERY_DRY,2,OPTIMAL,3,BRIGHT,36.46,33.14,54.14,82.38,1,MIST_LOW,34.48,36.26,36.14,50.14,0
3,HOT,0,VERY_DRY,2,OPTIMAL,3,BRIGHT,35.9,27.38,53.55,87.12,1,MIST_LOW,25.833,35.7,30.38,49.55,1
3,HOT,0,VERY_DRY,2,OPTIMAL,3,BRIGHT,34.67,26.68,58.62,88.27,1,MIST_LOW,39.293,34.47,29.68,54.62,2
3,HOT,0,VERY_DRY,2,OPTIMAL,3,BRIGHT,35.88,26.24,60.23,90.95,1,MIST_LOW,38.085,35.68,29.24,56.23,3
3,HOT,0,VERY_DRY,2,OPTIMAL,3,BRIGHT,35.09,33.87,54.27,90.82,2,MIST_HIGH,57.125,33.79,43.87,51.27,0
3,HOT,0,VERY_DRY,2,OPTIMAL,3,BRIGHT,37.19,29.42,56.51,83.5,2,MIST_HIGH,47.986,35.89,39.42,53.51,1
3,HOT,0,VERY_DRY,2,OPTIMAL,3,BRIGHT,36.43,28.12,58.32,86.49,2,MIST_HIGH,52.137,35.13,38.12,55.32,2
3,HOT,0,VERY_DRY,2,OPTIMAL,3,BRIGHT,35.99,29.44,60.51,84.69,2,MIST_HIGH,60.256,34.69,39.44,57.51,3
3,HOT,0,VERY_DRY,2,OPTIMAL,3,BRIGHT,36.88,33.13,62.13,91.05,3,PUMP,-42.436,37.58,29.13,75.13,0
3,HOT,0,VERY_DRY,2,OPTIMAL,3,BRIGHT,35.47,31.8,62.71,85.67,3,PUMP,-41.254,36.17,27.8,75.71,1
3,HOT,0,VERY_DRY,2,OPTIMAL,3,BRIGHT,35.1,27.15,57.4,93.85,3,PUMP,-36.341,35.8,23.15,70.4,2
3,HOT,0,VERY_DRY,2,OPTIMAL,3,BRIGHT,36.99,28.4,61.25,82.3,3,PUMP,-48.487,37.69,24.4,74.25,3
3,HOT,0,VERY_DRY,2,OPTIMAL,3,BRIGHT,36.34,28.66,53.07,87.99,4,PUMP_MIST_LOW,36.124,35.84,32.66,63.07,0
3,HOT,0,VERY_DRY,2,OPTIMAL,3,BRIGHT,36.68,31.01,55.05,90.78,4,PUMP_MIST_LOW,34.626,36.18,35.01,65.05,1
3,HOT,0,VERY_DRY,2,OPTIMAL,3,BRIGHT,35.98,27.19,55.35,88.7,4,PUMP_MIST_LOW,30.147,35.48,31.19,65.35,2
3,HOT,0,VERY_DRY,2,OPTIMAL,3,BRIGHT,35.78,29.93,57.1,84.03,4,PUMP_MIST_LOW,31.481,35.28,33.93,67.1,3
3,HOT,0,VERY_DRY,2,OPTIMAL,3,BRIGHT,37.23,32.05,60.49,83.51,5,PUMP_MIST_HIGH,19.605,35.73,42.05,73.49,0
3,HOT,0,VERY_DRY,2,OPTIMAL,3,BRIGHT,35.88,33.62,56.94,93.84,5,PUMP_MIST_HIGH,43.884,34.38,43.62,69.94,1
3,HOT,0,VERY_DRY,2,OPTIMAL,3,BRIGHT,36.03,32.78,60.04,86.65,5,PUMP_MIST_HIGH,25.586,34.53,42.78,73.04,2
3,HOT,0,VERY_DRY,2,OPTIMAL,3,BRIGHT,35.58,31.59,57.0,83.83,5,PUMP_MIST_HIGH,31.475,34.08,41.59,70.0,3
3,HOT,0,VERY_DRY,3,WET,0,DARK,34.96,33.87,86.56,16.46,0,OFF,-64.28,34.46,32.87,84.56,0
3,HOT,0,VERY_DRY,3,WET,0,DARK,35.84,33.98,85.52,14.3,0,OFF,-64.706,35.34,32.98,83.52,1
3,HOT,0,VERY_DRY,3,WET,0,DARK,37.0,28.16,83.24,14.68,0,OFF,-72.936,36.5,27.16,81.24,2
3,HOT,0,VERY_DRY,3,WET,0,DARK,36.92,31.3,82.78,16.67,0,OFF,-66.719,36.42,30.3,80.78,3
3,HOT,0,VERY_DRY,3,WET,0,DARK,35.61,26.29,86.75,10.31,1,MIST_LOW,-24.727,33.91,34.29,85.75,0
3,HOT,0,VERY_DRY,3,WET,0,DARK,36.03,30.0,81.83,12.62,1,MIST_LOW,-9.795,34.33,38.0,80.83,1
3,HOT,0,VERY_DRY,3,WET,0,DARK,35.01,27.88,85.64,18.74,1,MIST_LOW,-17.919,33.31,35.88,84.64,2
3,HOT,0,VERY_DRY,3,WET,0,DARK,35.46,28.46,81.19,17.87,1,MIST_LOW,-9.108,33.76,36.46,80.19,3
3,HOT,0,VERY_DRY,3,WET,0,DARK,35.66,27.22,78.1,10.04,2,MIST_HIGH,-2.62,32.86,42.22,78.1,0
3,HOT,0,VERY_DRY,3,WET,0,DARK,36.81,29.46,79.53,17.86,2,MIST_HIGH,-5.712,34.01,44.46,79.53,1
3,HOT,0,VERY_DRY,3,WET,0,DARK,35.6,28.86,82.75,11.06,2,MIST_HIGH,-9.555,32.8,43.86,82.75,2
3,HOT,0,VERY_DRY,3,WET,0,DARK,37.32,31.28,79.76,12.4,2,MIST_HIGH,-4.908,34.52,46.28,79.76,3
3,HOT,0,VERY_DRY,3,WET,0,DARK,36.89,32.13,78.01,17.52,3,PUMP,-98.905,36.09,33.13,94.01,0
3,HOT,0,VERY_DRY,3,WET,0,DARK,35.98,27.56,82.5,15.37,3,PUMP,-112.734,35.18,28.56,98.5,1
3,HOT,0,VERY_DRY,3,WET,0,DARK,35.9,26.02,83.69,11.8,3,PUMP,-117.424,35.1,27.02,99.69,2
3,HOT,0,VERY_DRY,3,WET,0,DARK,35.23,31.42,84.89,15.01,3,PUMP,-107.311,34.43,32.42,100.0,3
3,HOT,0,VERY_DRY,3,WET,0,DARK,37.02,32.45,84.24,15.34,4,PUMP_MIST_LOW,-68.945,35.02,41.45,97.24,0
3,HOT,0,VERY_DRY,3,WET,0,DARK,35.38,32.41,82.37,20.92,4,PUMP_MIST_LOW,-59.82,33.38,41.41,95.37,1
3,HOT,0,VERY_DRY,3,WET,0,DARK,35.73,32.93,77.18,19.16,4,PUMP_MIST_LOW,-49.247,33.73,41.93,90.18,2
3,HOT,0,VERY_DRY,3,WET,0,DARK,36.89,33.94,78.82,10.93,4,PUMP_MIST_LOW,-54.743,34.89,42.94,91.82,3
3,HOT,0,VERY_DRY,3,WET,0,DARK,37.06,28.49,83.57,12.35,5,PUMP_MIST_HIGH,-77.494,34.06,43.49,99.57,0
3,HOT,0,VERY_DRY,3,WET,0,DARK,36.85,27.49,85.63,10.42,5,PUMP_MIST_HIGH,-79.32,33.85,42.49,100.0,1
3,HOT,0,VERY_DRY,3,WET,0,DARK,35.72,28.49,84.44,15.33,5,PUMP_MIST_HIGH,-74.137,32.72,43.49,100.0,2
3,HOT,0,VERY_DRY,3,WET,0,DARK,34.61,33.57,81.97,10.21,5,PUMP_MIST_HIGH,-58.179,31.61,48.57,97.97,3
3,HOT,0,VERY_DRY,3,WET,1,LOW,36.64,32.98,80.85,45.85,0,OFF,-62.281,36.64,30.98,78.85,0
3,HOT,0,VERY_DRY,3,WET,1,LOW,35.17,26.5,83.99,35.26,0,OFF,-74.512,35.17,24.5,81.99,1
3,HOT,0,VERY_DRY,3,WET,1,LOW,35.85,32.62,83.23,44.95,0,OFF,-65.304,35.85,30.62,81.23,2
3,HOT,0,VERY_DRY,3,WET,1,LOW,34.74,26.72,79.76,45.26,0,OFF,-63.915,34.74,24.72,77.76,3
3,HOT,0,VERY_DRY,3,WET,1,LOW,35.19,33.35,81.75,35.4,1,MIST_LOW,-4.769,33.99,40.35,80.75,0
3,HOT,0,VERY_DRY,3,WET,1,LOW,34.9,31.52,84.48,41.08,1,MIST_LOW,-12.506,33.7,38.52,83.48,1
3,HOT,0,VERY_DRY,3,WET,1,LOW,35.91,31.22,81.15,43.37,1,MIST_LOW,-9.226,34.71,38.22,80.15,2
3,HOT,0,VERY_DRY,3,WET,1,LOW,34.89,31.04,80.88,45.13,1,MIST_LOW,-5.699,33.69,38.04,79.88,3
3,HOT,0,VERY_DRY,3,WET,1,LOW,36.73,33.52,83.84,41.4,2,MIST_HIGH,-1.202,34.43,47.52,83.84,0
3,HOT,0,VERY_DRY,3,WET,1,LOW,36.7,26.41,82.07,35.18,2,MIST_HIGH,-8.793,34.4,40.41,82.07,1
3,HOT,0,VERY_DRY,3,WET,1,LOW,36.41,32.76,83.36,43.86,2,MIST_HIGH,-0.404,34.11,46.76,83.36,2
3,HOT,0,VERY_DRY,3,WET,1,LOW,35.52,28.92,77.09,35.45,2,MIST_HIGH,9.465,33.22,42.92,77.09,3
3,HOT,0,VERY_DRY,3,WET,1,LOW,35.18,29.5,79.23,40.36,3,PUMP,-103.398,34.88,29.5,95.23,0
3,HOT,0,VERY_DRY,3,WET,1,LOW,36.58,26.18,86.23,40.7,3,PUMP,-123.198,36.28,26.18,100.0,1
3,HOT,0,VERY_DRY,3,WET,1,LOW,36.49,32.7,82.23,34.04,3,PUMP,-108.776,36.19,32.7,98.23,2
3,HOT,0,VERY_DRY,3,WET,1,LOW,34.99,29.74,84.6,42.58,3,PUMP,-112.403,34.69,29.74,100.0,3
3,HOT,0,VERY_DRY,3,WET,1,LOW,35.91,33.56,78.06,34.33,4,PUMP_MIST_LOW,-53.832,34.41,41.56,91.06,0
3,HOT,0,VERY_DRY,3,WET,1,LOW,36.53,26.89,83.16,45.71,4,PUMP_MIST_LOW,-77.21,35.03,34.89,96.16,1
3,HOT,0,VERY_DRY,3,WET,1,LOW,35.03,33.15,83.77,44.55,4,PUMP_MIST_LOW,-63.679,33.53,41.15,96.77,2
3,HOT,0,VERY_DRY,3,WET,1,LOW,36.25,33.9,79.51,39.88,4,PUMP_MIST_LOW,-57.422,34.75,41.9,92.51,3
3,HOT,0,VERY_DRY,3,WET,1,LOW,34.94,27.58,80.39,36.72,5,PUMP_MIST_HIGH,-58.683,32.44,41.58,96.39,0
3,HOT,0,VERY_DRY,3,WET,1,LOW,35.85,29.35,85.63,44.8,5,PUMP_MIST_HIGH,-66.363,33.35,43.35,100.0,1
3,HOT,0,VERY_DRY,3,WET,1,LOW,34.62,32.39,82.47,42.08,5,PUMP_MIST_HIGH,-54.352,32.12,46.39,98.47,2
3,HOT,0,VERY_DRY,3,WET,1,LOW,36.61,28.93,80.52,44.41,5,PUMP_MIST_HIGH,-62.139,34.11,42.93,96.52,3
3,HOT,0,VERY_DRY,3,WET,2,MEDIUM,36.0,26.12,83.51,64.03,0,OFF,-77.394,36.5,22.12,79.51,0
3,HOT,0,VERY_DRY,3,WET,2,MEDIUM,35.42,32.39,78.35,66.52,0,OFF,-54.661,35.92,28.39,74.35,1
3,HOT,0,VERY_DRY,3,WET,2,MEDIUM,37.3,27.3,85.24,60.69,0,OFF,-83.29,37.8,23.3,81.24,2
3,HOT,0,VERY_DRY,3,WET,2,MEDIUM,34.71,33.95,83.02,65.16,0,OFF,-59.698,35.21,29.95,79.02,3
3,HOT,0,VERY_DRY,3,WET,2,MEDIUM,36.14,32.78,79.6,64.0,1,MIST_LOW,-4.832,35.44,37.78,76.6,0
3,HOT,0,VERY_DRY,3,WET,2,MEDIUM,34.66,32.41,83.82,60.28,1,MIST_LOW,-9.535,33.96,37.41,80.82,1
3,HOT,0,VERY_DRY,3,WET,2,MEDIUM,35.82,31.52,79.46,66.2,1,MIST_LOW,-5.526,35.12,36.52,76.46,2
3,HOT,0,VERY_DRY,3,WET,2,MEDIUM,37.16,28.92,84.49,66.53,1,MIST_LOW,-24.525,36.46,33.92,81.49,3
3,HOT,0,VERY_DRY,3,WET,2,MEDIUM,35.0,28.57,84.36,66.06,2,MIST_HIGH,-5.265,33.2,40.57,82.36,0
3,HOT,0,VERY_DRY,3,WET,2,MEDIUM,37.11,32.59,80.88,56.05,2,MIST_HIGH,1.708,35.31,44.59,78.88,1
3,HOT,0,VERY_DRY,3,WET,2,MEDIUM,37.2,27.74,80.64,67.75,2,MIST_HIGH,-5.831,35.4,39.74,78.64,2
3,HOT,0,VERY_DRY,3,WET,2,MEDIUM,37.27,31.19,84.67,66.71,2,MIST_HIGH,-9.016,35.47,43.19,82.67,3
3,HOT,0,VERY_DRY,3,WET,2,MEDIUM,35.04,32.79,84.03,64.34,3,PUMP,-108.361,35.24,30.79,98.03,0
3,HOT,0,VERY_DRY,3,WET,2,MEDIUM,36.34,32.93,82.78,59.46,3,PUMP,-109.67,36.54,30.93,96.78,1
3,HOT,0,VERY_DRY,3,WET,2,MEDIUM,36.99,30.03,79.2,56.12,3,PUMP,-108.908,37.19,28.03,93.2,2
3,HOT,0,VERY_DRY,3,WET,2,MEDIUM,37.16,31.91,83.01,65.71,3,PUMP,-114.4,37.36,29.91,97.01,3
3,HOT,0,VERY_DRY,3,WET,2,MEDIUM,36.88,28.53,79.29,57.77,4,PUMP_MIST_LOW,-68.165,35.88,34.53,90.29,0
3,HOT,0,VERY_DRY,3,WET,2,MEDIUM,35.63,26.57,81.76,60.38,4,PUMP_MIST_LOW,-72.509,34.63,32.57,92.76,1
3,HOT,0,VERY_DRY,3,WET,2,MEDIUM,36.86,30.4,80.88,59.49,4,PUMP_MIST_LOW,-68.466,35.86,36.4,91.88,2
3,HOT,0,VERY_DRY,3,WET,2,MEDIUM,36.6,27.96,83.68,67.23,4,PUMP_MIST_LOW,-77.394,35.6,33.96,94.68,3
3,HOT,0,VERY_DRY,3,WET,2,MEDIUM,37.02,27.86,82.5,57.12,5,PUMP_MIST_HIGH,-69.919,35.02,39.86,96.5,0
3,HOT,0,VERY_DRY,3,WET,2,MEDIUM,35.51,32.56,85.8,59.31,5,PUMP_MIST_HIGH,-64.531,33.51,44.56,99.8,1
3,HOT,0,VERY_DRY,3,WET,2,MEDIUM,36.0,28.08,86.94,61.89,5,PUMP_MIST_HIGH,-73.665,34.0,40.08,100.0,2
3,HOT,0,VERY_DRY,3,WET,2,MEDIUM,36.9,30.68,81.24,67.51,5,PUMP_MIST_HIGH,-62.393,34.9,42.68,95.24,3
3,HOT,0,VERY_DRY,3,WET,3,BRIGHT,35.5,27.97,80.37,90.93,0,OFF,-68.905,36.5,21.97,75.37,0
3,HOT,0,VERY_DRY,3,WET,3,BRIGHT,37.16,26.89,82.46,82.92,0,OFF,-80.356,38.16,20.89,77.46,1
3,HOT,0,VERY_DRY,3,WET,3,BRIGHT,35.86,29.94,85.07,83.61,0,OFF,-76.788,36.86,23.94,80.07,2
3,HOT,0,VERY_DRY,3,WET,3,BRIGHT,36.26,32.12,81.98,83.18,0,OFF,-68.087,37.26,26.12,76.98,3
3,HOT,0,VERY_DRY,3,WET,3,BRIGHT,35.61,27.24,85.54,89.67,1,MIST_LOW,-15.181,35.41,30.24,81.54,0
3,HOT,0,VERY_DRY,3,WET,3,BRIGHT,36.73,32.5,81.62,84.72,1,MIST_LOW,-2.116,36.53,35.5,77.62,1
3,HOT,0,VERY_DRY,3,WET,3,BRIGHT,35.67,27.23,84.87,87.22,1,MIST_LOW,-13.972,35.47,30.23,80.87,2
3,HOT,0,VERY_DRY,3,WET,3,BRIGHT,36.67,33.93,84.72,87.07,1,MIST_LOW,-6.118,36.47,36.93,80.72,3
3,HOT,0,VERY_DRY,3,WET,3,BRIGHT,35.9,27.13,80.58,87.3,2,MIST_HIGH,6.784,34.6,37.13,77.58,0
3,HOT,0,VERY_DRY,3,WET,3,BRIGHT,34.68,27.63,85.27,87.57,2,MIST_HIGH,1.636,33.38,37.63,82.27,1
3,HOT,0,VERY_DRY,3,WET,3,BRIGHT,35.61,32.44,84.55,87.77,2,MIST_HIGH,7.861,34.31,42.44,81.55,2
3,HOT,0,VERY_DRY,3,WET,3,BRIGHT,37.39,32.02,81.81,90.67,2,MIST_HIGH,7.255,36.09,42.02,78.81,3
3,HOT,0,VERY_DRY,3,WET,3,BRIGHT,35.21,29.89,80.07,84.74,3,PUMP,-107.915,35.91,25.89,93.07,0
3,HOT,0,VERY_DRY,3,WET,3,BRIGHT,34.64,27.49,81.42,91.86,3,PUMP,-112.814,35.34,23.49,94.42,1
3,HOT,0,VERY_DRY,3,WET,3,BRIGHT,36.95,30.03,80.24,87.51,3,PUMP,-113.66,37.65,26.03,93.24,2
3,HOT,0,VERY_DRY,3,WET,3,BRIGHT,35.11,26.4,82.63,85.99,3,PUMP,-118.56,35.81,22.4,95.63,3
3,HOT,0,VERY_DRY,3,WET,3,BRIGHT,36.76,29.16,82.28,93.78,4,PUMP_MIST_LOW,-63.765,36.26,33.16,92.28,0
3,HOT,0,VERY_DRY,3,WET,3,BRIGHT,37.1,27.49,82.16,85.6,4,PUMP_MIST_LOW,-67.286,36.6,31.49,92.16,1
3,HOT,0,VERY_DRY,3,WET,3,BRIGHT,34.73,29.33,79.51,82.12,4,PUMP_MIST_LOW,-51.161,34.23,33.33,89.51,2
3,HOT,0,VERY_DRY,3,WET,3,BRIGHT,36.43,29.02,79.07,87.74,4,PUMP_MIST_LOW,-56.184,35.93,33.02,89.07,3
3,HOT,0,VERY_DRY,3,WET,3,BRIGHT,34.79,32.68,79.07,86.06,5,PUMP_MIST_HIGH,-38.577,33.29,42.68,92.07,0
3,HOT,0,VERY_DRY,3,WET,3,BRIGHT,36.63,33.74,81.01,87.01,5,PUMP_MIST_HIGH,-46.873,35.13,43.74,94.01,1
3,HOT,0,VERY_DRY,3,WET,3,BRIGHT,34.99,30.83,79.18,88.35,5,PUMP_MIST_HIGH,-42.407,33.49,40.83,92.18,2
3,HOT,0,VERY_DRY,3,WET,3,BRIGHT,36.62,32.69,83.07,86.88,5,PUMP_MIST_HIGH,-52.845,35.12,42.69,96.07,3
3,HOT,1,DRY,0,VERY_DRY,0,DARK,36.48,44.24,12.63,20.02,0,OFF,-113.225,35.98,43.24,10.63,0
3,HOT,1,DRY,0,VERY_DRY,0,DARK,36.07,47.15,16.79,11.12,0,OFF,-98.506,35.57,46.15,14.79,1
3,HOT,1,DRY,0,VERY_DRY,0,DARK,36.54,50.24,17.77,12.12,0,OFF,-93.025,36.04,49.24,15.77,2
3,HOT,1,DRY,0,VERY_DRY,0,DARK,35.57,44.2,15.25,19.01,0,OFF,-104.881,35.07,43.2,13.25,3
3,HOT,1,DRY,0,VERY_DRY,0,DARK,36.76,47.79,15.78,17.91,1,MIST_LOW,-53.495,35.06,55.79,14.78,0
3,HOT,1,DRY,0,VERY_DRY,0,DARK,37.28,46.62,18.54,14.15,1,MIST_LOW,-59.235,35.58,54.62,17.54,1
3,HOT,1,DRY,0,VERY_DRY,0,DARK,35.32,44.07,11.92,16.87,1,MIST_LOW,-70.944,33.62,52.07,10.92,2
3,HOT,1,DRY,0,VERY_DRY,0,DARK,35.5,47.6,17.37,15.0,1,MIST_LOW,-46.428,33.8,55.6,16.37,3
3,HOT,1,DRY,0,VERY_DRY,0,DARK,37.07,48.0,13.39,12.06,2,MIST_HIGH,-55.54,34.27,63.0,13.39,0
3,HOT,1,DRY,0,VERY_DRY,0,DARK,35.82,44.62,17.04,9.33,2,MIST_HIGH,-46.091,33.02,59.62,17.04,1
3,HOT,1,DRY,0,VERY_DRY,0,DARK,36.93,48.22,11.47,11.17,2,MIST_HIGH,-59.462,34.13,63.22,11.47,2
3,HOT,1,DRY,0,VERY_DRY,0,DARK,35.19,47.22,18.37,14.47,2,MIST_HIGH,-37.81,32.39,62.22,18.37,3
3,HOT,1,DRY,0,VERY_DRY,0,DARK,35.18,44.48,11.76,20.32,3,PUMP,-33.547,34.38,45.48,27.76,0
3,HOT,1,DRY,0,VERY_DRY,0,DARK,35.01,44.83,17.62,19.03,3,PUMP,-20.164,34.21,45.83,33.62,1
3,HOT,1,DRY,0,VERY_DRY,0,DARK,36.92,49.21,14.9,16.28,3,PUMP,-24.97,36.12,50.21,30.9,2
3,HOT,1,DRY,0,VERY_DRY,0,DARK,37.31,44.85,11.64,18.35,3,PUMP,-40.023,36.51,45.85,27.64,3
3,HOT,1,DRY,0,VERY_DRY,0,DARK,35.04,51.06,13.72,12.47,4,PUMP_MIST_LOW,19.882,33.04,60.06,26.72,0
3,HOT,1,DRY,0,VERY_DRY,0,DARK,36.94,47.23,15.53,9.39,4,PUMP_MIST_LOW,11.475,34.94,56.23,28.53,1
3,HOT,1,DRY,0,VERY_DRY,0,DARK,35.09,44.83,14.25,15.94,4,PUMP_MIST_LOW,2.853,33.09,53.83,27.25,2
3,HOT,1,DRY,0,VERY_DRY,0,DARK,35.18,50.85,11.79,9.36,4,PUMP_MIST_LOW,15.048,33.18,59.85,24.79,3
3,HOT,1,DRY,0,VERY_DRY,0,DARK,35.1,47.31,19.61,15.82,5,PUMP_MIST_HIGH,34.159,32.1,62.31,35.61,0
3,HOT,1,DRY,0,VERY_DRY,0,DARK,36.14,44.77,19.79,12.19,5,PUMP_MIST_HIGH,28.145,33.14,59.77,35.79,1
3,HOT,1,DRY,0,VERY_DRY,0,DARK,36.5,46.15,18.29,9.73,5,PUMP_MIST_HIGH,26.044,33.5,61.15,34.29,2
3,HOT,1,DRY,0,VERY_DRY,0,DARK,36.13,50.95,14.51,19.6,5,PUMP_MIST_HIGH,14.332,33.13,65.95,30.51,3
3,HOT,1,DRY,0,VERY_DRY,1,LOW,36.73,51.37,18.06,34.96,0,OFF,-94.398,36.73,49.37,16.06,0
3,HOT,1,DRY,0,VERY_DRY,1,LOW,37.19,47.57,17.79,44.66,0,OFF,-102.544,37.19,45.57,15.79,1
3,HOT,1,DRY,0,VERY_DRY,1,LOW,36.52,51.53,12.91,36.38,0,OFF,-104.295,36.52,49.53,10.91,2
3,HOT,1,DRY,0,VERY_DRY,1,LOW,35.12,50.68,11.84,45.0,0,OFF,-103.431,35.12,48.68,9.84,3
3,HOT,1,DRY,0,VERY_DRY,1,LOW,35.65,45.79,11.13,43.7,1,MIST_LOW,-74.114,34.45,52.79,10.13,0
3,HOT,1,DRY,0,VERY_DRY,1,LOW,35.05,46.23,14.44,45.75,1,MIST_LOW,-64.531,33.85,53.23,13.44,1
3,HOT,1,DRY,0,VERY_DRY,1,LOW,37.16,44.04,12.22,40.75,1,MIST_LOW,-79.45,35.96,51.04,11.22,2
3,HOT,1,DRY,0,VERY_DRY,1,LOW,36.68,50.05,13.25,34.73,1,MIST_LOW,-58.116,35.48,57.05,12.25,3
3,HOT,1,DRY,0,VERY_DRY,1,LOW,37.07,48.93,16.13,45.84,2,MIST_HIGH,-41.268,34.77,62.93,16.13,0
3,HOT,1,DRY,0,VERY_DRY,1,LOW,35.51,49.59,12.19,41.26,2,MIST_HIGH,-45.619,33.21,63.59,12.19,1
3,HOT,1,DRY,0,VERY_DRY,1,LOW,34.96,49.61,19.91,39.92,2,MIST_HIGH,-27.652,32.66,63.61,19.91,2
3,HOT,1,DRY,0,VERY_DRY,1,LOW,36.11,44.7,18.95,35.41,2,MIST_HIGH,-36.102,33.81,58.7,18.95,3
3,HOT,1,DRY,0,VERY_DRY,1,LOW,35.69,46.78,10.48,45.7,3,PUMP,-37.375,35.39,46.78,26.48,0
3,HOT,1,DRY,0,VERY_DRY,1,LOW,36.18,47.43,11.25,39.17,3,PUMP,-36.278,35.88,47.43,27.25,1
3,HOT,1,DRY,0,VERY_DRY,1,LOW,35.78,47.16,13.31,36.06,3,PUMP,-31.11,35.48,47.16,29.31,2
3,HOT,1,DRY,0,VERY_DRY,1,LOW,37.02,48.42,13.04,45.73,3,PUMP,-33.636,36.72,48.42,29.04,3
3,HOT,1,DRY,0,VERY_DRY,1,LOW,36.25,46.12,17.49,41.04,4,PUMP_MIST_LOW,4.827,34.75,54.12,30.49,0
3,HOT,1,DRY,0,VERY_DRY,1,LOW,34.67,49.78,15.06,40.55,4,PUMP_MIST_LOW,18.641,33.17,57.78,28.06,1
3,HOT,1,DRY,0,VERY_DRY,1,LOW,35.44,44.02,17.48,45.92,4,PUMP_MIST_LOW,4.027,33.94,52.02,30.48,2
3,HOT,1,DRY,0,VERY_DRY,1,LOW,36.71,50.77,10.22,34.54,4,PUMP_MIST_LOW,3.519,35.21,58.77,23.22,3
3,HOT,1,DRY,0,VERY_DRY,1,LOW,34.63,49.72,11.03,45.52,5,PUMP_MIST_HIGH,23.807,32.13,63.72,27.03,0
3,HOT,1,DRY,0,VERY_DRY,1,LOW,36.96,48.76,11.66,43.26,5,PUMP_MIST_HIGH,19.181,34.46,62.76,27.66,1
3,HOT,1,DRY,0,VERY_DRY,1,LOW,37.13,50.21,19.44,44.59,5,PUMP_MIST_HIGH,32.673,34.63,64.21,35.44,2
3,HOT,1,DRY,0,VERY_DRY,1,LOW,35.27,44.26,12.59,40.87,5,PUMP_MIST_HIGH,21.803,32.77,58.26,28.59,3
3,HOT,1,DRY,0,VERY_DRY,2,MEDIUM,34.7,45.8,18.99,60.18,0,OFF,-103.874,35.2,41.8,14.99,0
3,HOT,1,DRY,0,VERY_DRY,2,MEDIUM,35.14,45.65,10.07,58.01,0,OFF,-124.266,35.64,41.65,6.07,1
3,HOT,1,DRY,0,VERY_DRY,2,MEDIUM,35.6,44.33,18.1,66.87,0,OFF,-111.001,36.1,40.33,14.1,2
3,HOT,1,DRY,0,VERY_DRY,2,MEDIUM,36.86,46.75,19.73,57.36,0,OFF,-107.69,37.36,42.75,15.73,3
3,HOT,1,DRY,0,VERY_DRY,2,MEDIUM,37.08,45.81,13.38,59.94,1,MIST_LOW,-82.921,36.38,50.81,10.38,0
3,HOT,1,DRY,0,VERY_DRY,2,MEDIUM,36.61,51.18,12.26,60.86,1,MIST_LOW,-67.178,35.91,56.18,9.26,1
3,HOT,1,DRY,0,VERY_DRY,2,MEDIUM,36.01,48.44,15.6,64.34,1,MIST_LOW,-70.637,35.31,53.44,12.6,2
3,HOT,1,DRY,0,VERY_DRY,2,MEDIUM,35.18,45.55,17.76,58.31,1,MIST_LOW,-68.075,34.48,50.55,14.76,3
3,HOT,1,DRY,0,VERY_DRY,2,MEDIUM,35.05,50.8,13.94,57.96,2,MIST_HIGH,-45.014,33.25,62.8,11.94,0
3,HOT,1,DRY,0,VERY_DRY,2,MEDIUM,35.79,44.06,15.37,60.16,2,MIST_HIGH,-52.606,33.99,56.06,13.37,1
3,HOT,1,DRY,0,VERY_DRY,2,MEDIUM,36.69,48.31,16.45,57.47,2,MIST_HIGH,-46.411,34.89,60.31,14.45,2
3,HOT,1,DRY,0,VERY_DRY,2,MEDIUM,36.93,50.31,17.53,57.09,2,MIST_HIGH,-42.701,35.13,62.31,15.53,3
3,HOT,1,DRY,0,VERY_DRY,2,MEDIUM,37.06,44.46,17.8,65.02,3,PUMP,-39.124,37.26,42.46,31.8,0
3,HOT,1,DRY,0,VERY_DRY,2,MEDIUM,35.7,51.26,16.12,63.38,3,PUMP,-27.415,35.9,49.26,30.12,1
3,HOT,1,DRY,0,VERY_DRY,2,MEDIUM,37.26,44.94,12.43,61.96,3,PUMP,-50.278,37.46,42.94,26.43,2
3,HOT,1,DRY,0,VERY_DRY,2,MEDIUM,35.15,47.85,13.09,60.46,3,PUMP,-37.488,35.35,45.85,27.09,3
3,HOT,1,DRY,0,VERY_DRY,2,MEDIUM,35.05,51.25,13.84,63.14,4,PUMP_MIST_LOW,8.211,34.05,57.25,24.84,0
3,HOT,1,DRY,0,VERY_DRY,2,MEDIUM,37.03,49.13,15.66,66.82,4,PUMP_MIST_LOW,2.309,36.03,55.13,26.66,1
3,HOT,1,DRY,0,VERY_DRY,2,MEDIUM,35.56,51.89,10.98,57.59,4,PUMP_MIST_LOW,1.591,34.56,57.89,21.98,2
3,HOT,1,DRY,0,VERY_DRY,2,MEDIUM,35.71,44.61,12.29,61.78,4,PUMP_MIST_LOW,-15.78,34.71,50.61,23.29,3
3,HOT,1,DRY,0,VERY_DRY,2,MEDIUM,35.25,47.21,19.44,66.26,5,PUMP_MIST_HIGH,31.957,33.25,59.21,33.44,0
3,HOT,1,DRY,0,VERY_DRY,2,MEDIUM,35.37,46.55,16.68,62.1,5,PUMP_MIST_HIGH,24.725,33.37,58.55,30.68,1
3,HOT,1,DRY,0,VERY_DRY,2,MEDIUM,37.17,46.01,11.03,66.87,5,PUMP_MIST_HIGH,6.241,35.17,58.01,25.03,2
3,HOT,1,DRY,0,VERY_DRY,2,MEDIUM,36.56,51.12,14.26,61.38,5,PUMP_MIST_HIGH,19.541,34.56,63.12,28.26,3
3,HOT,1,DRY,0,VERY_DRY,3,BRIGHT,36.75,44.21,15.71,83.9,0,OFF,-126.756,37.75,38.21,10.71,0
3,HOT,1,DRY,0,VERY_DRY,3,BRIGHT,36.68,48.26,12.69,92.49,0,OFF,-126.404,37.68,42.26,7.69,1
3,HOT,1,DRY,0,VERY_DRY,3,BRIGHT,35.36,45.53,17.05,82.75,0,OFF,-117.39,36.36,39.53,12.05,2
3,HOT,1,DRY,0,VERY_DRY,3,BRIGHT,36.54,50.88,13.55,85.81,0,OFF,-119.956,37.54,44.88,8.55,3
3,HOT,1,DRY,0,VERY_DRY,3,BRIGHT,35.36,49.76,11.4,88.98,1,MIST_LOW,-70.163,35.16,52.76,7.4,0
3,HOT,1,DRY,0,VERY_DRY,3,BRIGHT,34.89,45.9,18.41,88.21,1,MIST_LOW,-60.11,34.69,48.9,14.41,1
3,HOT,1,DRY,0,VERY_DRY,3,BRIGHT,35.84,51.34,14.61,83.68,1,MIST_LOW,-62.414,35.64,54.34,10.61,2
3,HOT,1,DRY,0,VERY_DRY,3,BRIGHT,35.91,51.79,13.74,90.89,1,MIST_LOW,-63.73,35.71,54.79,9.74,3
3,HOT,1,DRY,0,VERY_DRY,3,BRIGHT,37.01,45.23,10.93,88.54,2,MIST_HIGH,-58.841,35.71,55.23,7.93,0
3,HOT,1,DRY,0,VERY_DRY,3,BRIGHT,36.58,46.03,17.98,85.86,2,MIST_HIGH,-41.394,35.28,56.03,14.98,1
3,HOT,1,DRY,0,VERY_DRY,3,BRIGHT,37.21,50.33,15.91,90.83,2,MIST_HIGH,-40.876,35.91,60.33,12.91,2
3,HOT,1,DRY,0,VERY_DRY,3,BRIGHT,37.31,46.42,15.43,87.91,2,MIST_HIGH,-48.474,36.01,56.42,12.43,3
3,HOT,1,DRY,0,VERY_DRY,3,BRIGHT,35.81,49.07,18.3,84.38,3,PUMP,-33.59,36.51,45.07,31.3,0
3,HOT,1,DRY,0,VERY_DRY,3,BRIGHT,35.19,45.88,11.7,89.07,3,PUMP,-50.558,35.89,41.88,24.7,1
3,HOT,1,DRY,0,VERY_DRY,3,BRIGHT,36.16,46.83,13.58,89.41,3,PUMP,-48.209,36.86,42.83,26.58,2
3,HOT,1,DRY,0,VERY_DRY,3,BRIGHT,34.76,46.72,17.16,89.99,3,PUMP,-36.372,35.46,42.72,30.16,3
3,HOT,1,DRY,0,VERY_DRY,3,BRIGHT,37.29,46.2,18.83,86.0,4,PUMP_MIST_LOW,0.549,36.79,50.2,28.83,0
3,HOT,1,DRY,0,VERY_DRY,3,BRIGHT,36.01,50.28,17.35,88.36,4,PUMP_MIST_LOW,8.049,35.51,54.28,27.35,1
3,HOT,1,DRY,0,VERY_DRY,3,BRIGHT,36.92,48.33,19.73,85.85,4,PUMP_MIST_LOW,7.004,36.42,52.33,29.73,2
3,HOT,1,DRY,0,VERY_DRY,3,BRIGHT,35.82,50.35,11.35,91.46,4,PUMP_MIST_LOW,-3.843,35.32,54.35,21.35,3
3,HOT,1,DRY,0,VERY_DRY,3,BRIGHT,34.65,48.06,13.98,83.5,5,PUMP_MIST_HIGH,28.876,33.15,58.06,26.98,0
3,HOT,1,DRY,0,VERY_DRY,3,BRIGHT,36.24,45.35,13.05,84.6,5,PUMP_MIST_HIGH,17.505,34.74,55.35,26.05,1
3,HOT,1,DRY,0,VERY_DRY,3,BRIGHT,36.78,51.0,17.37,82.96,5,PUMP_MIST_HIGH,33.868,35.28,61.0,30.37,2
3,HOT,1,DRY,0,VERY_DRY,3,BRIGHT,36.24,45.35,11.59,84.2,5,PUMP_MIST_HIGH,14.433,34.74,55.35,24.59,3
3,HOT,1,DRY,1,DRY,0,DARK,35.58,50.04,35.33,13.23,0,OFF,-18.397,35.08,49.04,33.33,0
3,HOT,1,DRY,1,DRY,0,DARK,36.83,51.47,34.06,18.08,0,OFF,-22.777,36.33,50.47,32.06,1
3,HOT,1,DRY,1,DRY,0,DARK,37.37,47.58,35.52,11.26,0,OFF,-27.654,36.87,46.58,33.52,2
3,HOT,1,DRY,1,DRY,0,DARK,36.73,51.05,36.46,10.09,0,OFF,-18.091,36.23,50.05,34.46,3
3,HOT,1,DRY,1,DRY,0,DARK,37.25,50.34,32.46,12.28,1,MIST_LOW,19.055,35.55,58.34,31.46,0
3,HOT,1,DRY,1,DRY,0,DARK,35.4,48.59,35.94,18.46,1,MIST_LOW,29.458,33.7,56.59,34.94,1
3,HOT,1,DRY,1,DRY,0,DARK,36.3,49.24,33.94,18.98,1,MIST_LOW,23.463,34.6,57.24,32.94,2
3,HOT,1,DRY,1,DRY,0,DARK,35.84,45.08,33.99,12.15,1,MIST_LOW,10.336,34.14,53.08,32.99,3
3,HOT,1,DRY,1,DRY,0,DARK,36.93,46.74,38.39,20.55,2,MIST_HIGH,33.602,34.13,61.74,38.39,0
3,HOT,1,DRY,1,DRY,0,DARK,35.61,45.55,30.67,19.03,2,MIST_HIGH,19.69,32.81,60.55,30.67,1
3,HOT,1,DRY,1,DRY,0,DARK,36.41,44.15,32.32,9.9,2,MIST_HIGH,18.346,33.61,59.15,32.32,2
3,HOT,1,DRY,1,DRY,0,DARK,36.66,44.68,32.2,13.45,2,MIST_HIGH,18.126,33.86,59.68,32.2,3
3,HOT,1,DRY,1,DRY,0,DARK,35.16,48.95,31.34,12.57,3,PUMP,24.79,34.36,49.95,47.34,0
3,HOT,1,DRY,1,DRY,0,DARK,35.9,44.69,35.92,13.59,3,PUMP,25.227,35.1,45.69,51.92,1
3,HOT,1,DRY,1,DRY,0,DARK,34.62,44.37,39.65,20.18,3,PUMP,36.654,33.82,45.37,55.65,2
3,HOT,1,DRY,1,DRY,0,DARK,35.0,47.89,30.37,13.8,3,PUMP,21.555,34.2,48.89,46.37,3
3,HOT,1,DRY,1,DRY,0,DARK,35.72,51.39,37.48,18.97,4,PUMP_MIST_LOW,78.13,33.72,60.39,50.48,0
3,HOT,1,DRY,1,DRY,0,DARK,34.75,51.8,38.7,13.69,4,PUMP_MIST_LOW,84.453,32.75,60.8,51.7,1
3,HOT,1,DRY,1,DRY,0,DARK,35.21,48.21,39.39,9.12,4,PUMP_MIST_LOW,78.68,33.21,57.21,52.39,2
3,HOT,1,DRY,1,DRY,0,DARK,36.2,45.83,31.73,12.26,4,PUMP_MIST_LOW,37.616,34.2,54.83,44.73,3
3,HOT,1,DRY,1,DRY,0,DARK,34.85,50.61,36.59,19.29,5,PUMP_MIST_HIGH,75.337,31.85,65.61,52.59,0
3,HOT,1,DRY,1,DRY,0,DARK,36.49,45.64,38.67,11.38,5,PUMP_MIST_HIGH,78.093,33.49,60.64,54.67,1
3,HOT,1,DRY,1,DRY,0,DARK,35.75,44.1,39.37,16.41,5,PUMP_MIST_HIGH,79.436,32.75,59.1,55.37,2
3,HOT,1,DRY,1,DRY,0,DARK,35.39,44.75,34.35,10.65,5,PUMP_MIST_HIGH,71.076,32.39,59.75,50.35,3
3,HOT,1,DRY,1,DRY,1,LOW,35.16,44.79,33.49,44.8,0,OFF,-32.515,35.16,42.79,31.49,0
3,HOT,1,DRY,1,DRY,1,LOW,35.41,51.32,31.97,36.14,0,OFF,-26.052,35.41,49.32,29.97,1
3,HOT,1,DRY,1,DRY,1,LOW,35.92,51.16,35.23,39.72,0,OFF,-21.087,35.92,49.16,33.23,2
3,HOT,1,DRY,1,DRY,1,LOW,35.78,51.35,30.32,44.3,0,OFF,-30.663,35.78,49.35,28.32,3
3,HOT,1,DRY,1,DRY,1,LOW,35.18,46.01,32.92,41.48,1,MIST_LOW,8.504,33.98,53.01,31.92,0
3,HOT,1,DRY,1,DRY,1,LOW,34.73,46.22,34.29,34.83,1,MIST_LOW,13.168,33.53,53.22,33.29,1
3,HOT,1,DRY,1,DRY,1,LOW,35.52,46.72,35.12,39.3,1,MIST_LOW,13.181,34.32,53.72,34.12,2
3,HOT,1,DRY,1,DRY,1,LOW,37.39,50.69,34.94,41.39,1,MIST_LOW,21.16,36.19,57.69,33.94,3
3,HOT,1,DRY,1,DRY,1,LOW,35.13,46.4,31.83,44.59,2,MIST_HIGH,31.823,32.83,60.4,31.83,0
3,HOT,1,DRY,1,DRY,1,LOW,35.4,45.75,33.08,43.26,2,MIST_HIGH,32.535,33.1,59.75,33.08,1
3,HOT,1,DRY,1,DRY,1,LOW,34.82,47.97,32.19,38.14,2,MIST_HIGH,36.094,32.52,61.97,32.19,2
3,HOT,1,DRY,1,DRY,1,LOW,36.79,50.37,35.01,38.66,2,MIST_HIGH,31.973,34.49,64.37,35.01,3
3,HOT,1,DRY,1,DRY,1,LOW,35.32,48.56,39.97,35.99,3,PUMP,38.596,35.02,48.56,55.97,0
3,HOT,1,DRY,1,DRY,1,LOW,37.05,50.18,33.7,36.7,3,PUMP,22.463,36.75,50.18,49.7,1
3,HOT,1,DRY,1,DRY,1,LOW,36.96,45.09,35.59,34.5,3,PUMP,18.594,36.66,45.09,51.59,2
3,HOT,1,DRY,1,DRY,1,LOW,36.53,45.38,35.16,42.81,3,PUMP,19.518,36.23,45.38,51.16,3
3,HOT,1,DRY,1,DRY,1,LOW,35.35,49.22,39.79,34.04,4,PUMP_MIST_LOW,77.515,33.85,57.22,52.79,0
3,HOT,1,DRY,1,DRY,1,LOW,35.55,48.01,33.37,44.63,4,PUMP_MIST_LOW,61.436,34.05,56.01,46.37,1
3,HOT,1,DRY,1,DRY,1,LOW,35.95,51.55,31.74,38.69,4,PUMP_MIST_LOW,52.404,34.45,59.55,44.74,2
3,HOT,1,DRY,1,DRY,1,LOW,35.38,46.57,35.9,34.19,4,PUMP_MIST_LOW,56.986,33.88,54.57,48.9,3
3,HOT,1,DRY,1,DRY,1,LOW,36.83,48.65,32.2,40.4,5,PUMP_MIST_HIGH,72.913,34.33,62.65,48.2,0
3,HOT,1,DRY,1,DRY,1,LOW,35.33,47.42,33.05,44.16,5,PUMP_MIST_HIGH,79.603,32.83,61.42,49.05,1
3,HOT,1,DRY,1,DRY,1,LOW,36.38,49.9,32.94,39.47,5,PUMP_MIST_HIGH,73.921,33.88,63.9,48.94,2
3,HOT,1,DRY,1,DRY,1,LOW,37.28,48.18,32.76,39.48,5,PUMP_MIST_HIGH,73.416,34.78,62.18,48.76,3
3,HOT,1,DRY,1,DRY,2,MEDIUM,35.71,47.0,35.42,61.42,0,OFF,-35.681,36.21,43.0,31.42,0
3,HOT,1,DRY,1,DRY,2,MEDIUM,36.43,50.85,38.78,59.08,0,OFF,-24.754,36.93,46.85,34.78,1
3,HOT,1,DRY,1,DRY,2,MEDIUM,35.76,47.74,36.79,60.65,0,OFF,-31.78,36.26,43.74,32.79,2
3,HOT,1,DRY,1,DRY,2,MEDIUM,35.25,48.43,38.09,67.58,0,OFF,-26.339,35.75,44.43,34.09,3
3,HOT,1,DRY,1,DRY,2,MEDIUM,34.79,49.27,38.82,57.05,1,MIST_LOW,18.383,34.09,54.27,35.82,0
3,HOT,1,DRY,1,DRY,2,MEDIUM,35.64,48.14,36.09,56.4,1,MIST_LOW,8.092,34.94,53.14,33.09,1
3,HOT,1,DRY,1,DRY,2,MEDIUM,34.77,47.62,39.25,58.0,1,MIST_LOW,16.695,34.07,52.62,36.25,2
3,HOT,1,DRY,1,DRY,2,MEDIUM,36.96,44.09,35.17,60.01,1,MIST_LOW,-4.535,36.26,49.09,32.17,3
3,HOT,1,DRY,1,DRY,2,MEDIUM,36.55,49.2,38.38,60.62,2,MIST_HIGH,36.498,34.75,61.2,36.38,0
3,HOT,1,DRY,1,DRY,2,MEDIUM,35.41,45.89,34.12,66.59,2,MIST_HIGH,25.914,33.61,57.89,32.12,1
3,HOT,1,DRY,1,DRY,2,MEDIUM,34.69,51.2,32.28,58.98,2,MIST_HIGH,29.015,32.89,63.2,30.28,2
3,HOT,1,DRY,1,DRY,2,MEDIUM,35.35,47.4,35.09,58.54,2,MIST_HIGH,30.578,33.55,59.4,33.09,3
3,HOT,1,DRY,1,DRY,2,MEDIUM,35.71,49.16,36.66,56.27,3,PUMP,22.323,35.91,47.16,50.66,0
3,HOT,1,DRY,1,DRY,2,MEDIUM,35.73,49.61,38.88,57.44,3,PUMP,27.627,35.93,47.61,52.88,1
3,HOT,1,DRY,1,DRY,2,MEDIUM,37.21,45.46,31.83,60.92,3,PUMP,1.475,37.41,43.46,45.83,2
3,HOT,1,DRY,1,DRY,2,MEDIUM,37.0,51.29,36.42,65.31,3,PUMP,21.109,37.2,49.29,50.42,3
3,HOT,1,DRY,1,DRY,2,MEDIUM,36.32,50.17,34.52,63.76,4,PUMP_MIST_LOW,55.84,35.32,56.17,45.52,0
3,HOT,1,DRY,1,DRY,2,MEDIUM,35.81,45.74,37.6,64.12,4,PUMP_MIST_LOW,48.868,34.81,51.74,48.6,1
3,HOT,1,DRY,1,DRY,2,MEDIUM,36.86,44.37,34.71,58.46,4,PUMP_MIST_LOW,37.22,35.86,50.37,45.71,2
3,HOT,1,DRY,1,DRY,2,MEDIUM,35.76,46.44,38.13,64.36,4,PUMP_MIST_LOW,51.241,34.76,52.44,49.13,3
3,HOT,1,DRY,1,DRY,2,MEDIUM,36.54,50.95,35.04,61.78,5,PUMP_MIST_HIGH,73.527,34.54,62.95,49.04,0
3,HOT,1,DRY,1,DRY,2,MEDIUM,35.72,49.94,33.15,67.93,5,PUMP_MIST_HIGH,73.607,33.72,61.94,47.15,1
3,HOT,1,DRY,1,DRY,2,MEDIUM,35.5,44.18,36.71,59.63,5,PUMP_MIST_HIGH,72.555,33.5,56.18,50.71,2
3,HOT,1,DRY,1,DRY,2,MEDIUM,34.99,50.63,36.94,56.7,5,PUMP_MIST_HIGH,83.023,32.99,62.63,50.94,3
3,HOT,1,DRY,1,DRY,3,BRIGHT,36.41,48.49,37.65,91.18,0,OFF,-37.779,37.41,42.49,32.65,0
3,HOT,1,DRY,1,DRY,3,BRIGHT,36.13,47.21,37.23,82.36,0,OFF,-39.776,37.13,41.21,32.23,1
3,HOT,1,DRY,1,DRY,3,BRIGHT,35.69,45.49,30.61,82.84,0,OFF,-55.045,36.69,39.49,25.61,2
3,HOT,1,DRY,1,DRY,3,BRIGHT,36.74,48.62,39.62,92.76,0,OFF,-34.454,37.74,42.62,34.62,3
3,HOT,1,DRY,1,DRY,3,BRIGHT,34.64,45.53,38.1,88.98,1,MIST_LOW,16.442,34.44,48.53,34.1,0
3,HOT,1,DRY,1,DRY,3,BRIGHT,36.75,48.07,36.16,90.07,1,MIST_LOW,9.695,36.55,51.07,32.16,1
3,HOT,1,DRY,1,DRY,3,BRIGHT,36.19,48.29,31.6,83.44,1,MIST_LOW,2.265,35.99,51.29,27.6,2
3,HOT,1,DRY,1,DRY,3,BRIGHT,35.03,49.62,39.66,91.23,1,MIST_LOW,25.013,34.83,52.62,35.66,3
3,HOT,1,DRY,1,DRY,3,BRIGHT,36.76,45.87,30.9,90.85,2,MIST_HIGH,19.904,35.46,55.87,27.9,0
3,HOT,1,DRY,1,DRY,3,BRIGHT,37.18,48.27,38.22,85.7,2,MIST_HIGH,37.782,35.88,58.27,35.22,1
3,HOT,1,DRY,1,DRY,3,BRIGHT,35.33,47.24,32.92,82.36,2,MIST_HIGH,30.906,34.03,57.24,29.92,2
3,HOT,1,DRY,1,DRY,3,BRIGHT,36.61,48.73,36.87,89.98,2,MIST_HIGH,37.503,35.31,58.73,33.87,3
3,HOT,1,DRY,1,DRY,3,BRIGHT,37.32,44.7,37.71,93.49,3,PUMP,5.334,38.02,40.7,50.71,0
3,HOT,1,DRY,1,DRY,3,BRIGHT,35.45,51.92,36.02,82.23,3,PUMP,19.328,36.15,47.92,49.02,1
3,HOT,1,DRY,1,DRY,3,BRIGHT,35.39,50.2,36.1,87.02,3,PUMP,16.952,36.09,46.2,49.1,2
3,HOT,1,DRY,1,DRY,3,BRIGHT,34.67,47.04,31.8,89.4,3,PUMP,-4.859,35.37,43.04,44.8,3
3,HOT,1,DRY,1,DRY,3,BRIGHT,36.89,47.51,30.02,85.1,4,PUMP_MIST_LOW,27.4,36.39,51.51,40.02,0
3,HOT,1,DRY,1,DRY,3,BRIGHT,36.3,45.3,39.99,84.78,4,PUMP_MIST_LOW,56.704,35.8,49.3,49.99,1
3,HOT,1,DRY,1,DRY,3,BRIGHT,37.15,49.94,32.78,91.44,4,PUMP_MIST_LOW,36.245,36.65,53.94,42.78,2
3,HOT,1,DRY,1,DRY,3,BRIGHT,36.87,49.58,37.83,90.32,4,PUMP_MIST_LOW,57.172,36.37,53.58,47.83,3
3,HOT,1,DRY,1,DRY,3,BRIGHT,36.9,44.6,37.25,83.34,5,PUMP_MIST_HIGH,66.997,35.4,54.6,50.25,0
3,HOT,1,DRY,1,DRY,3,BRIGHT,35.92,50.88,30.06,89.61,5,PUMP_MIST_HIGH,63.081,34.42,60.88,43.06,1
3,HOT,1,DRY,1,DRY,3,BRIGHT,37.27,46.17,32.22,83.37,5,PUMP_MIST_HIGH,65.761,35.77,56.17,45.22,2
3,HOT,1,DRY,1,DRY,3,BRIGHT,37.07,48.22,38.64,91.1,5,PUMP_MIST_HIGH,83.16,35.57,58.22,51.64,3
3,HOT,1,DRY,2,OPTIMAL,0,DARK,37.18,44.82,59.5,12.03,0,OFF,28.905,36.68,43.82,57.5,0
3,HOT,1,DRY,2,OPTIMAL,0,DARK,36.76,51.37,59.58,19.82,0,OFF,40.87,36.26,50.37,57.58,1
3,HOT,1,DRY,2,OPTIMAL,0,DARK,36.43,44.75,53.01,20.27,0,OFF,17.543,35.93,43.75,51.01,2
3,HOT,1,DRY,2,OPTIMAL,0,DARK,36.77,44.92,53.54,16.19,0,OFF,17.846,36.27,43.92,51.54,3
3,HOT,1,DRY,2,OPTIMAL,0,DARK,35.04,49.05,53.43,19.56,1,MIST_LOW,78.089,33.34,57.05,52.43,0
3,HOT,1,DRY,2,OPTIMAL,0,DARK,35.17,48.11,58.39,15.21,1,MIST_LOW,86.592,33.47,56.11,57.39,1
3,HOT,1,DRY,2,OPTIMAL,0,DARK,37.12,51.69,53.66,10.91,1,MIST_LOW,76.149,35.42,59.69,52.66,2
3,HOT,1,DRY,2,OPTIMAL,0,DARK,35.02,45.32,62.46,15.6,1,MIST_LOW,68.63,33.32,53.32,61.46,3
3,HOT,1,DRY,2,OPTIMAL,0,DARK,36.42,50.16,61.33,19.11,2,MIST_HIGH,74.752,33.62,65.16,61.33,0
3,HOT,1,DRY,2,OPTIMAL,0,DARK,35.51,51.57,59.61,9.23,2,MIST_HIGH,79.03,32.71,66.57,59.61,1
3,HOT,1,DRY,2,OPTIMAL,0,DARK,35.01,48.06,58.79,13.07,2,MIST_HIGH,87.954,32.21,63.06,58.79,2
3,HOT,1,DRY,2,OPTIMAL,0,DARK,36.18,49.13,57.67,12.31,2,MIST_HIGH,83.471,33.38,64.13,57.67,3
3,HOT,1,DRY,2,OPTIMAL,0,DARK,34.81,48.32,57.23,16.11,3,PUMP,5.293,34.01,49.32,73.23,0
3,HOT,1,DRY,2,OPTIMAL,0,DARK,34.91,48.8,61.94,19.3,3,PUMP,-4.17,34.11,49.8,77.94,1
3,HOT,1,DRY,2,OPTIMAL,0,DARK,35.08,47.78,56.92,9.19,3,PUMP,4.218,34.28,48.78,72.92,2
3,HOT,1,DRY,2,OPTIMAL,0,DARK,34.69,45.07,53.17,16.5,3,PUMP,19.0,33.89,46.07,69.17,3
3,HOT,1,DRY,2,OPTIMAL,0,DARK,35.88,49.08,61.04,20.93,4,PUMP_MIST_LOW,46.034,33.88,58.08,74.04,0
3,HOT,1,DRY,2,OPTIMAL,0,DARK,35.78,49.38,61.82,12.37,4,PUMP_MIST_LOW,45.184,33.78,58.38,74.82,1
3,HOT,1,DRY,2,OPTIMAL,0,DARK,35.21,50.42,56.81,16.81,4,PUMP_MIST_LOW,69.192,33.21,59.42,69.81,2
3,HOT,1,DRY,2,OPTIMAL,0,DARK,36.4,46.67,58.22,18.86,4,PUMP_MIST_LOW,46.443,34.4,55.67,71.22,3
3,HOT,1,DRY,2,OPTIMAL,0,DARK,35.96,44.05,54.79,17.83,5,PUMP_MIST_HIGH,47.362,32.96,59.05,70.79,0
3,HOT,1,DRY,2,OPTIMAL,0,DARK,35.43,49.3,59.58,12.58,5,PUMP_MIST_HIGH,40.049,32.43,64.3,75.58,1
3,HOT,1,DRY,2,OPTIMAL,0,DARK,36.44,46.99,57.08,9.22,5,PUMP_MIST_HIGH,45.71,33.44,61.99,73.08,2
3,HOT,1,DRY,2,OPTIMAL,0,DARK,34.85,51.41,62.57,14.5,5,PUMP_MIST_HIGH,32.227,31.85,66.41,78.57,3
3,HOT,1,DRY,2,OPTIMAL,1,LOW,35.3,45.46,62.09,40.84,0,OFF,29.391,35.3,43.46,60.09,0
3,HOT,1,DRY,2,OPTIMAL,1,LOW,35.73,50.53,60.04,37.0,0,OFF,40.411,35.73,48.53,58.04,1
3,HOT,1,DRY,2,OPTIMAL,1,LOW,35.65,50.09,53.01,45.02,0,OFF,25.362,35.65,48.09,51.01,2
3,HOT,1,DRY,2,OPTIMAL,1,LOW,35.42,47.0,54.33,43.18,0,OFF,23.947,35.42,45.0,52.33,3
3,HOT,1,DRY,2,OPTIMAL,1,LOW,36.53,44.34,56.55,42.38,1,MIST_LOW,61.13,35.33,51.34,55.55,0
3,HOT,1,DRY,2,OPTIMAL,1,LOW,35.79,48.01,53.79,40.39,1,MIST_LOW,71.591,34.59,55.01,52.79,1
3,HOT,1,DRY,2,OPTIMAL,1,LOW,35.83,46.94,62.42,42.16,1,MIST_LOW,65.507,34.63,53.94,61.42,2
3,HOT,1,DRY,2,OPTIMAL,1,LOW,37.32,50.99,61.27,37.26,1,MIST_LOW,77.636,36.12,57.99,60.27,3
3,HOT,1,DRY,2,OPTIMAL,1,LOW,37.06,48.08,54.47,38.23,2,MIST_HIGH,85.636,34.76,62.08,54.47,0
3,HOT,1,DRY,2,OPTIMAL,1,LOW,36.61,47.61,57.98,40.21,2,MIST_HIGH,93.966,34.31,61.61,57.98,1
3,HOT,1,DRY,2,OPTIMAL,1,LOW,35.37,49.7,57.11,45.99,2,MIST_HIGH,93.979,33.07,63.7,57.11,2
3,HOT,1,DRY,2,OPTIMAL,1,LOW,37.29,45.85,53.38,38.84,2,MIST_HIGH,79.294,34.99,59.85,53.38,3
3,HOT,1,DRY,2,OPTIMAL,1,LOW,35.9,50.2,62.7,38.89,3,PUMP,-9.861,35.6,50.2,78.7,0
3,HOT,1,DRY,2,OPTIMAL,1,LOW,36.24,45.03,58.81,40.8,3,PUMP,-11.06,35.94,45.03,74.81,1
3,HOT,1,DRY,2,OPTIMAL,1,LOW,35.96,51.29,61.87,44.86,3,PUMP,-6.573,35.66,51.29,77.87,2
3,HOT,1,DRY,2,OPTIMAL,1,LOW,34.98,44.4,55.57,41.26,3,PUMP,-1.21,34.68,44.4,71.57,3
3,HOT,1,DRY,2,OPTIMAL,1,LOW,35.68,45.33,57.11,41.44,4,PUMP_MIST_LOW,37.71,34.18,53.33,70.11,0
3,HOT,1,DRY,2,OPTIMAL,1,LOW,34.63,47.34,53.73,39.44,4,PUMP_MIST_LOW,69.392,33.13,55.34,66.73,1
3,HOT,1,DRY,2,OPTIMAL,1,LOW,37.21,48.67,54.77,44.71,4,PUMP_MIST_LOW,61.087,35.71,56.67,67.77,2
3,HOT,1,DRY,2,OPTIMAL,1,LOW,35.66,51.88,62.09,45.38,4,PUMP_MIST_LOW,45.832,34.16,59.88,75.09,3
3,HOT,1,DRY,2,OPTIMAL,1,LOW,36.44,45.23,62.15,41.24,5,PUMP_MIST_HIGH,39.055,33.94,59.23,78.15,0
3,HOT,1,DRY,2,OPTIMAL,1,LOW,37.26,48.39,55.15,43.02,5,PUMP_MIST_HIGH,54.917,34.76,62.39,71.15,1
3,HOT,1,DRY,2,OPTIMAL,1,LOW,36.66,50.92,57.0,40.18,5,PUMP_MIST_HIGH,48.926,34.16,64.92,73.0,2
3,HOT,1,DRY,2,OPTIMAL,1,LOW,36.59,47.61,54.87,45.0,5,PUMP_MIST_HIGH,57.656,34.09,61.61,70.87,3
3,HOT,1,DRY,2,OPTIMAL,2,MEDIUM,35.81,46.41,55.47,62.3,0,OFF,15.135,36.31,42.41,51.47,0
3,HOT,1,DRY,2,OPTIMAL,2,MEDIUM,34.74,51.58,61.07,66.74,0,OFF,38.628,35.24,47.58,57.07,1
3,HOT,1,DRY,2,OPTIMAL,2,MEDIUM,36.88,44.77,55.0,62.33,0,OFF,8.122,37.38,40.77,51.0,2
3,HOT,1,DRY,2,OPTIMAL,2,MEDIUM,35.13,50.12,53.85,67.89,0,OFF,19.843,35.63,46.12,49.85,3
3,HOT,1,DRY,2,OPTIMAL,2,MEDIUM,35.73,44.23,61.97,59.48,1,MIST_LOW,61.857,35.03,49.23,58.97,0
3,HOT,1,DRY,2,OPTIMAL,2,MEDIUM,34.74,51.83,59.98,67.16,1,MIST_LOW,85.071,34.04,56.83,56.98,1
3,HOT,1,DRY,2,OPTIMAL,2,MEDIUM,35.01,48.94,60.47,56.81,1,MIST_LOW,72.588,34.31,53.94,57.47,2
3,HOT,1,DRY,2,OPTIMAL,2,MEDIUM,36.82,49.93,59.61,66.23,1,MIST_LOW,66.595,36.12,54.93,56.61,3
3,HOT,1,DRY,2,OPTIMAL,2,MEDIUM,37.04,49.85,58.64,58.61,2,MIST_HIGH,88.541,35.24,61.85,56.64,0
3,HOT,1,DRY,2,OPTIMAL,2,MEDIUM,34.93,45.63,61.12,61.95,2,MIST_HIGH,89.052,33.13,57.63,59.12,1
3,HOT,1,DRY,2,OPTIMAL,2,MEDIUM,35.03,49.08,58.44,57.59,2,MIST_HIGH,93.325,33.23,61.08,56.44,2
3,HOT,1,DRY,2,OPTIMAL,2,MEDIUM,36.26,48.32,59.44,65.99,2,MIST_HIGH,90.288,34.46,60.32,57.44,3
3,HOT,1,DRY,2,OPTIMAL,2,MEDIUM,35.67,45.28,60.86,67.28,3,PUMP,-13.757,35.87,43.28,74.86,0
3,HOT,1,DRY,2,OPTIMAL,2,MEDIUM,34.98,51.27,56.3,67.64,3,PUMP,7.637,35.18,49.27,70.3,1
3,HOT,1,DRY,2,OPTIMAL,2,MEDIUM,36.42,44.44,54.83,60.04,3,PUMP,5.201,36.62,42.44,68.83,2
3,HOT,1,DRY,2,OPTIMAL,2,MEDIUM,35.25,48.56,57.84,61.12,3,PUMP,-0.815,35.45,46.56,71.84,3
3,HOT,1,DRY,2,OPTIMAL,2,MEDIUM,36.3,50.4,59.22,59.13,4,PUMP_MIST_LOW,46.802,35.3,56.4,70.22,0
3,HOT,1,DRY,2,OPTIMAL,2,MEDIUM,37.14,47.21,62.15,62.82,4,PUMP_MIST_LOW,24.87,36.14,53.21,73.15,1
3,HOT,1,DRY,2,OPTIMAL,2,MEDIUM,37.33,50.21,62.21,67.75,4,PUMP_MIST_LOW,36.926,36.33,56.21,73.21,2
3,HOT,1,DRY,2,OPTIMAL,2,MEDIUM,34.7,51.9,56.7,62.41,4,PUMP_MIST_LOW,69.648,33.7,57.9,67.7,3
3,HOT,1,DRY,2,OPTIMAL,2,MEDIUM,37.06,44.68,59.59,58.95,5,PUMP_MIST_HIGH,40.955,35.06,56.68,73.59,0
3,HOT,1,DRY,2,OPTIMAL,2,MEDIUM,37.22,47.59,57.08,57.21,5,PUMP_MIST_HIGH,50.364,35.22,59.59,71.08,1
3,HOT,1,DRY,2,OPTIMAL,2,MEDIUM,36.07,48.57,62.78,57.84,5,PUMP_MIST_HIGH,43.644,34.07,60.57,76.78,2
3,HOT,1,DRY,2,OPTIMAL,2,MEDIUM,36.74,51.32,59.42,65.25,5,PUMP_MIST_HIGH,48.733,34.74,63.32,73.42,3
3,HOT,1,DRY,2,OPTIMAL,3,BRIGHT,36.98,44.05,55.48,93.27,0,OFF,0.76,37.98,38.05,50.48,0
3,HOT,1,DRY,2,OPTIMAL,3,BRIGHT,35.97,44.96,54.63,84.71,0,OFF,3.656,36.97,38.96,49.63,1
3,HOT,1,DRY,2,OPTIMAL,3,BRIGHT,34.8,45.55,59.6,85.79,0,OFF,18.785,35.8,39.55,54.6,2
3,HOT,1,DRY,2,OPTIMAL,3,BRIGHT,35.73,44.1,57.96,87.95,0,OFF,10.037,36.73,38.1,52.96,3
3,HOT,1,DRY,2,OPTIMAL,3,BRIGHT,36.4,44.59,62.91,86.2,1,MIST_LOW,67.6,36.2,47.59,58.91,0
3,HOT,1,DRY,2,OPTIMAL,3,BRIGHT,35.23,44.69,58.76,89.96,1,MIST_LOW,66.588,35.03,47.69,54.76,1
3,HOT,1,DRY,2,OPTIMAL,3,BRIGHT,37.3,45.17,56.34,89.46,1,MIST_LOW,55.645,37.1,48.17,52.34,2
3,HOT,1,DRY,2,OPTIMAL,3,BRIGHT,36.94,48.78,53.71,84.38,1,MIST_LOW,57.071,36.74,51.78,49.71,3
3,HOT,1,DRY,2,OPTIMAL,3,BRIGHT,35.96,45.68,53.4,85.58,2,MIST_HIGH,79.435,34.66,55.68,50.4,0
3,HOT,1,DRY,2,OPTIMAL,3,BRIGHT,35.11,46.35,62.96,85.3,2,MIST_HIGH,95.032,33.81,56.35,59.96,1
3,HOT,1,DRY,2,OPTIMAL,3,BRIGHT,35.86,48.4,53.0,85.25,2,MIST_HIGH,83.262,34.56,58.4,50.0,2
3,HOT,1,DRY,2,OPTIMAL,3,BRIGHT,35.81,47.55,62.59,86.99,2,MIST_HIGH,95.524,34.51,57.55,59.59,3
3,HOT,1,DRY,2,OPTIMAL,3,BRIGHT,34.96,45.8,62.86,93.08,3,PUMP,-17.542,35.66,41.8,75.86,0
3,HOT,1,DRY,2,OPTIMAL,3,BRIGHT,37.08,49.53,57.7,85.86,3,PUMP,-7.512,37.78,45.53,70.7,1
3,HOT,1,DRY,2,OPTIMAL,3,BRIGHT,36.78,48.87,60.86,89.56,3,PUMP,-14.254,37.48,44.87,73.86,2
3,HOT,1,DRY,2,OPTIMAL,3,BRIGHT,37.34,49.5,61.53,93.7,3,PUMP,-16.431,38.04,45.5,74.53,3
3,HOT,1,DRY,2,OPTIMAL,3,BRIGHT,34.85,49.56,62.61,84.0,4,PUMP_MIST_LOW,44.291,34.35,53.56,72.61,0
3,HOT,1,DRY,2,OPTIMAL,3,BRIGHT,36.11,46.78,55.68,86.6,4,PUMP_MIST_LOW,60.373,35.61,50.78,65.68,1
3,HOT,1,DRY,2,OPTIMAL,3,BRIGHT,37.32,44.3,61.14,88.7,4,PUMP_MIST_LOW,31.056,36.82,48.3,71.14,2
3,HOT,1,DRY,2,OPTIMAL,3,BRIGHT,35.59,44.01,56.46,90.9,4,PUMP_MIST_LOW,55.954,35.09,48.01,66.46,3
3,HOT,1,DRY,2,OPTIMAL,3,BRIGHT,36.64,50.46,56.21,92.02,5,PUMP_MIST_HIGH,77.948,35.14,60.46,69.21,0
3,HOT,1,DRY,2,OPTIMAL,3,BRIGHT,35.33,49.75,59.19,90.03,5,PUMP_MIST_HIGH,64.737,33.83,59.75,72.19,1
3,HOT,1,DRY,2,OPTIMAL,3,BRIGHT,35.3,49.33,62.22,82.56,5,PUMP_MIST_HIGH,57.822,33.8,59.33,75.22,2
3,HOT,1,DRY,2,OPTIMAL,3,BRIGHT,35.98,47.78,53.51,82.14,5,PUMP_MIST_HIGH,81.462,34.48,57.78,66.51,3
3,HOT,1,DRY,3,WET,0,DARK,35.29,50.63,77.13,12.74,0,OFF,-0.678,34.79,49.63,75.13,0
3,HOT,1,DRY,3,WET,0,DARK,37.1,44.94,79.76,9.22,0,OFF,-21.121,36.6,43.94,77.76,1
3,HOT,1,DRY,3,WET,0,DARK,36.73,48.83,84.88,15.55,0,OFF,-24.464,36.23,47.83,82.88,2
3,HOT,1,DRY,3,WET,0,DARK,35.1,50.43,77.24,11.51,0,OFF,-0.629,34.6,49.43,75.24,3
3,HOT,1,DRY,3,WET,0,DARK,35.67,50.15,84.67,17.86,1,MIST_LOW,25.623,33.97,58.15,83.67,0
3,HOT,1,DRY,3,WET,0,DARK,34.71,48.11,86.15,15.53,1,MIST_LOW,22.316,33.01,56.11,85.15,1
3,HOT,1,DRY,3,WET,0,DARK,35.72,51.59,83.28,17.32,1,MIST_LOW,30.688,34.02,59.59,82.28,2
3,HOT,1,DRY,3,WET,0,DARK,34.66,47.56,82.4,10.82,1,MIST_LOW,29.475,32.96,55.56,81.4,3
3,HOT,1,DRY,3,WET,0,DARK,35.5,48.86,80.38,20.65,2,MIST_HIGH,29.777,32.7,63.86,80.38,0
3,HOT,1,DRY,3,WET,0,DARK,35.67,49.54,84.09,11.48,2,MIST_HIGH,20.363,32.87,64.54,84.09,1
3,HOT,1,DRY,3,WET,0,DARK,35.17,45.89,84.21,10.59,2,MIST_HIGH,24.007,32.37,60.89,84.21,2
3,HOT,1,DRY,3,WET,0,DARK,34.76,45.52,86.85,12.6,2,MIST_HIGH,19.179,31.96,60.52,86.85,3
3,HOT,1,DRY,3,WET,0,DARK,36.98,48.03,82.07,9.64,3,PUMP,-82.288,36.18,49.03,98.07,0
3,HOT,1,DRY,3,WET,0,DARK,36.75,47.46,77.43,17.64,3,PUMP,-72.711,35.95,48.46,93.43,1
3,HOT,1,DRY,3,WET,0,DARK,36.29,47.86,86.69,16.16,3,PUMP,-84.4,35.49,48.86,100.0,2
3,HOT,1,DRY,3,WET,0,DARK,34.71,49.44,78.17,17.39,3,PUMP,-64.597,33.91,50.44,94.17,3
3,HOT,1,DRY,3,WET,0,DARK,34.86,50.71,85.22,16.55,4,PUMP_MIST_LOW,-26.879,32.86,59.71,98.22,0
3,HOT,1,DRY,3,WET,0,DARK,37.34,50.93,77.79,11.4,4,PUMP_MIST_LOW,-18.868,35.34,59.93,90.79,1
3,HOT,1,DRY,3,WET,0,DARK,37.0,45.16,80.9,10.2,4,PUMP_MIST_LOW,-41.518,35.0,54.16,93.9,2
3,HOT,1,DRY,3,WET,0,DARK,35.54,46.21,80.39,9.56,4,PUMP_MIST_LOW,-26.104,33.54,55.21,93.39,3
3,HOT,1,DRY,3,WET,0,DARK,35.06,47.19,78.86,10.43,5,PUMP_MIST_HIGH,-23.908,32.06,62.19,94.86,0
3,HOT,1,DRY,3,WET,0,DARK,36.26,47.23,79.95,14.46,5,PUMP_MIST_HIGH,-30.105,33.26,62.23,95.95,1
3,HOT,1,DRY,3,WET,0,DARK,36.51,51.9,78.47,12.76,5,PUMP_MIST_HIGH,-35.272,33.51,66.9,94.47,2
3,HOT,1,DRY,3,WET,0,DARK,36.28,47.76,77.07,14.73,5,PUMP_MIST_HIGH,-24.97,33.28,62.76,93.07,3
3,HOT,1,DRY,3,WET,1,LOW,35.36,49.69,79.96,42.72,0,OFF,-11.581,35.36,47.69,77.96,0
3,HOT,1,DRY,3,WET,1,LOW,37.28,44.45,82.32,44.7,0,OFF,-31.051,37.28,42.45,80.32,1
3,HOT,1,DRY,3,WET,1,LOW,36.76,51.35,85.95,34.96,0,OFF,-25.988,36.76,49.35,83.95,2
3,HOT,1,DRY,3,WET,1,LOW,36.7,46.31,84.46,43.87,0,OFF,-30.708,36.7,44.31,82.46,3
3,HOT,1,DRY,3,WET,1,LOW,36.2,49.83,82.77,39.05,1,MIST_LOW,24.218,35.0,56.83,81.77,0
3,HOT,1,DRY,3,WET,1,LOW,36.82,50.43,86.98,35.59,1,MIST_LOW,14.354,35.62,57.43,85.98,1
3,HOT,1,DRY,3,WET,1,LOW,35.74,45.99,84.03,40.91,1,MIST_LOW,8.881,34.54,52.99,83.03,2
3,HOT,1,DRY,3,WET,1,LOW,37.18,46.91,86.76,35.65,1,MIST_LOW,0.001,35.98,53.91,85.76,3
3,HOT,1,DRY,3,WET,1,LOW,35.68,49.92,80.01,35.56,2,MIST_HIGH,38.3,33.38,63.92,80.01,0
3,HOT,1,DRY,3,WET,1,LOW,35.96,48.44,81.48,36.59,2,MIST_HIGH,36.656,33.66,62.44,81.48,1
3,HOT,1,DRY,3,WET,1,LOW,35.69,47.21,80.31,43.75,2,MIST_HIGH,39.454,33.39,61.21,80.31,2
3,HOT,1,DRY,3,WET,1,LOW,35.7,44.33,80.96,39.21,2,MIST_HIGH,33.435,33.4,58.33,80.96,3
3,HOT,1,DRY,3,WET,1,LOW,34.62,44.35,84.31,44.65,3,PUMP,-87.872,34.32,44.35,100.0,0
3,HOT,1,DRY,3,WET,1,LOW,34.85,49.07,79.66,34.1,3,PUMP,-71.926,34.55,49.07,95.66,1
3,HOT,1,DRY,3,WET,1,LOW,36.13,44.97,85.6,41.04,3,PUMP,-91.699,35.83,44.97,100.0,2
3,HOT,1,DRY,3,WET,1,LOW,36.26,51.91,77.59,42.89,3,PUMP,-67.548,35.96,51.91,93.59,3
3,HOT,1,DRY,3,WET,1,LOW,36.39,45.15,78.35,41.3,4,PUMP_MIST_LOW,-37.454,34.89,53.15,91.35,0
3,HOT,1,DRY,3,WET,1,LOW,35.55,49.51,84.67,39.52,4,PUMP_MIST_LOW,-33.059,34.05,57.51,97.67,1
3,HOT,1,DRY,3,WET,1,LOW,35.64,47.74,82.97,36.78,4,PUMP_MIST_LOW,-32.607,34.14,55.74,95.97,2
3,HOT,1,DRY,3,WET,1,LOW,34.91,49.19,78.87,38.71,4,PUMP_MIST_LOW,-19.334,33.41,57.19,91.87,3
3,HOT,1,DRY,3,WET,1,LOW,34.74,49.73,81.3,35.6,5,PUMP_MIST_HIGH,-22.074,32.24,63.73,97.3,0
3,HOT,1,DRY,3,WET,1,LOW,37.31,46.79,85.15,39.92,5,PUMP_MIST_HIGH,-35.12,34.81,60.79,100.0,1
3,HOT,1,DRY,3,WET,1,LOW,35.43,46.57,85.11,45.78,5,PUMP_MIST_HIGH,-29.448,32.93,60.57,100.0,2
3,HOT,1,DRY,3,WET,1,LOW,36.25,45.1,80.19,42.97,5,PUMP_MIST_HIGH,-26.456,33.75,59.1,96.19,3
3,HOT,1,DRY,3,WET,2,MEDIUM,37.3,46.25,79.85,59.95,0,OFF,-23.633,37.8,42.25,75.85,0
3,HOT,1,DRY,3,WET,2,MEDIUM,36.04,44.99,77.16,62.73,0,OFF,-15.974,36.54,40.99,73.16,1
3,HOT,1,DRY,3,WET,2,MEDIUM,36.61,48.76,80.48,60.2,0,OFF,-18.743,37.11,44.76,76.48,2
3,HOT,1,DRY,3,WET,2,MEDIUM,35.19,51.09,85.45,65.15,0,OFF,-20.92,35.69,47.09,81.45,3
3,HOT,1,DRY,3,WET,2,MEDIUM,35.71,47.25,85.67,63.17,1,MIST_LOW,6.945,35.01,52.25,82.67,0
3,HOT,1,DRY,3,WET,2,MEDIUM,36.52,45.2,81.93,61.94,1,MIST_LOW,8.928,35.82,50.2,78.93,1
3,HOT,1,DRY,3,WET,2,MEDIUM,35.48,47.26,77.12,67.63,1,MIST_LOW,25.66,34.78,52.26,74.12,2
3,HOT,1,DRY,3,WET,2,MEDIUM,35.74,50.49,85.4,59.72,1,MIST_LOW,20.592,35.04,55.49,82.4,3
3,HOT,1,DRY,3,WET,2,MEDIUM,35.78,47.58,79.96,66.36,2,MIST_HIGH,39.856,33.98,59.58,77.96,0
3,HOT,1,DRY,3,WET,2,MEDIUM,35.03,47.37,86.22,56.19,2,MIST_HIGH,28.803,33.23,59.37,84.22,1
3,HOT,1,DRY,3,WET,2,MEDIUM,35.15,50.4,77.63,62.05,2,MIST_HIGH,50.019,33.35,62.4,75.63,2
3,HOT,1,DRY,3,WET,2,MEDIUM,34.68,47.0,78.99,56.05,2,MIST_HIGH,44.51,32.88,59.0,76.99,3
3,HOT,1,DRY,3,WET,2,MEDIUM,35.84,49.44,83.35,57.08,3,PUMP,-82.848,36.04,47.44,97.35,0
3,HOT,1,DRY,3,WET,2,MEDIUM,35.99,44.75,81.23,60.16,3,PUMP,-86.4,36.19,42.75,95.23,1
3,HOT,1,DRY,3,WET,2,MEDIUM,35.83,44.49,78.29,59.07,3,PUMP,-80.119,36.03,42.49,92.29,2
3,HOT,1,DRY,3,WET,2,MEDIUM,34.81,45.96,80.26,61.31,3,PUMP,-78.647,35.01,43.96,94.26,3
3,HOT,1,DRY,3,WET,2,MEDIUM,35.34,49.68,86.69,64.78,4,PUMP_MIST_LOW,-36.955,34.34,55.68,97.69,0
3,HOT,1,DRY,3,WET,2,MEDIUM,35.62,44.78,85.12,64.33,4,PUMP_MIST_LOW,-50.396,34.62,50.78,96.12,1
3,HOT,1,DRY,3,WET,2,MEDIUM,37.37,47.74,77.54,64.67,4,PUMP_MIST_LOW,-35.326,36.37,53.74,88.54,2
3,HOT,1,DRY,3,WET,2,MEDIUM,34.94,51.47,77.8,63.72,4,PUMP_MIST_LOW,-14.152,33.94,57.47,88.8,3
3,HOT,1,DRY,3,WET,2,MEDIUM,36.07,48.6,80.98,67.57,5,PUMP_MIST_HIGH,-22.509,34.07,60.6,94.98,0
3,HOT,1,DRY,3,WET,2,MEDIUM,37.22,50.78,81.05,58.58,5,PUMP_MIST_HIGH,-25.359,35.22,62.78,95.05,1
3,HOT,1,DRY,3,WET,2,MEDIUM,35.52,51.08,82.54,58.34,5,PUMP_MIST_HIGH,-23.536,33.52,63.08,96.54,2
3,HOT,1,DRY,3,WET,2,MEDIUM,35.5,48.86,79.64,64.05,5,PUMP_MIST_HIGH,-17.475,33.5,60.86,93.64,3
3,HOT,1,DRY,3,WET,3,BRIGHT,35.89,48.38,77.07,90.24,0,OFF,-12.586,36.89,42.38,72.07,0
3,HOT,1,DRY,3,WET,3,BRIGHT,34.74,45.49,79.43,90.95,0,OFF,-18.484,35.74,39.49,74.43,1
3,HOT,1,DRY,3,WET,3,BRIGHT,35.94,47.79,84.31,88.5,0,OFF,-28.889,36.94,41.79,79.31,2
3,HOT,1,DRY,3,WET,3,BRIGHT,35.28,44.05,83.42,88.76,0,OFF,-30.923,36.28,38.05,78.42,3
3,HOT,1,DRY,3,WET,3,BRIGHT,35.06,48.83,81.32,84.9,1,MIST_LOW,29.993,34.86,51.83,77.32,0
3,HOT,1,DRY,3,WET,3,BRIGHT,35.13,50.54,83.9,89.24,1,MIST_LOW,27.089,34.93,53.54,79.9,1
3,HOT,1,DRY,3,WET,3,BRIGHT,35.94,50.29,78.33,88.79,1,MIST_LOW,35.792,35.74,53.29,74.33,2
3,HOT,1,DRY,3,WET,3,BRIGHT,37.01,46.31,77.4,92.42,1,MIST_LOW,27.971,36.81,49.31,73.4,3
3,HOT,1,DRY,3,WET,3,BRIGHT,37.18,46.58,84.63,91.79,2,MIST_HIGH,33.282,35.88,56.58,81.63,0
3,HOT,1,DRY,3,WET,3,BRIGHT,37.22,51.17,81.6,89.41,2,MIST_HIGH,46.866,35.92,61.17,78.6,1
3,HOT,1,DRY,3,WET,3,BRIGHT,36.26,45.49,78.65,87.68,2,MIST_HIGH,47.039,34.96,55.49,75.65,2
3,HOT,1,DRY,3,WET,3,BRIGHT,35.26,51.46,78.59,90.65,2,MIST_HIGH,59.913,33.96,61.46,75.59,3
3,HOT,1,DRY,3,WET,3,BRIGHT,37.03,49.21,77.47,84.86,3,PUMP,-77.372,37.73,45.21,90.47,0
3,HOT,1,DRY,3,WET,3,BRIGHT,35.11,48.6,79.51,93.9,3,PUMP,-76.51,35.81,44.6,92.51,1
3,HOT,1,DRY,3,WET,3,BRIGHT,34.78,48.93,79.28,91.58,3,PUMP,-74.436,35.48,44.93,92.28,2
3,HOT,1,DRY,3,WET,3,BRIGHT,36.05,46.35,79.12,85.56,3,PUMP,-82.292,36.75,42.35,92.12,3
3,HOT,1,DRY,3,WET,3,BRIGHT,36.45,48.84,82.25,92.67,4,PUMP_MIST_LOW,-31.223,35.95,52.84,92.25,0
3,HOT,1,DRY,3,WET,3,BRIGHT,34.63,49.38,80.31,85.85,4,PUMP_MIST_LOW,-20.451,34.13,53.38,90.31,1
3,HOT,1,DRY,3,WET,3,BRIGHT,34.84,50.74,83.9,83.52,4,PUMP_MIST_LOW,-26.477,34.34,54.74,93.9,2
3,HOT,1,DRY,3,WET,3,BRIGHT,35.69,51.32,81.43,87.24,4,PUMP_MIST_LOW,-15.089,35.19,55.32,91.43,3
3,HOT,1,DRY,3,WET,3,BRIGHT,36.53,48.98,79.02,93.51,5,PUMP_MIST_HIGH,-9.971,35.03,58.98,92.02,0
3,HOT,1,DRY,3,WET,3,BRIGHT,34.95,44.03,85.32,91.46,5,PUMP_MIST_HIGH,-34.065,33.45,54.03,98.32,1
3,HOT,1,DRY,3,WET,3,BRIGHT,37.36,45.71,78.55,91.28,5,PUMP_MIST_HIGH,-16.86,35.86,55.71,91.55,2
3,HOT,1,DRY,3,WET,3,BRIGHT,35.81,49.0,84.79,92.96,5,PUMP_MIST_HIGH,-19.751,34.31,59.0,97.79,3
3,HOT,2,OPTIMAL,0,VERY_DRY,0,DARK,35.98,61.74,12.18,20.27,0,OFF,-76.567,35.48,60.74,10.18,0
3,HOT,2,OPTIMAL,0,VERY_DRY,0,DARK,35.76,63.81,17.0,9.41,0,OFF,-65.027,35.26,62.81,15.0,1
3,HOT,2,OPTIMAL,0,VERY_DRY,0,DARK,35.72,65.43,17.3,9.34,0,OFF,-66.843,35.22,64.43,15.3,2
3,HOT,2,OPTIMAL,0,VERY_DRY,0,DARK,36.85,58.03,15.59,9.63,0,OFF,-78.139,36.35,57.03,13.59,3
3,HOT,2,OPTIMAL,0,VERY_DRY,0,DARK,35.66,58.28,16.14,11.03,1,MIST_LOW,-46.112,33.96,66.28,15.14,0
3,HOT,2,OPTIMAL,0,VERY_DRY,0,DARK,36.01,60.43,16.3,10.02,1,MIST_LOW,-50.351,34.31,68.43,15.3,1
3,HOT,2,OPTIMAL,0,VERY_DRY,0,DARK,36.91,63.12,17.91,12.57,1,MIST_LOW,-62.147,35.21,71.12,16.91,2
3,HOT,2,OPTIMAL,0,VERY_DRY,0,DARK,34.75,65.18,12.7,17.1,1,MIST_LOW,-69.477,33.05,73.18,11.7,3
3,HOT,2,OPTIMAL,0,VERY_DRY,0,DARK,37.03,61.79,17.59,15.08,2,MIST_HIGH,-76.669,34.23,76.79,17.59,0
3,HOT,2,OPTIMAL,0,VERY_DRY,0,DARK,35.8,61.36,13.71,20.11,2,MIST_HIGH,-80.178,33.0,76.36,13.71,1
3,HOT,2,OPTIMAL,0,VERY_DRY,0,DARK,36.96,61.44,11.6,19.11,2,MIST_HIGH,-88.445,34.16,76.44,11.6,2
3,HOT,2,OPTIMAL,0,VERY_DRY,0,DARK,35.29,61.24,18.05,16.95,2,MIST_HIGH,-69.236,32.49,76.24,18.05,3
3,HOT,2,OPTIMAL,0,VERY_DRY,0,DARK,35.6,64.78,18.1,13.84,3,PUMP,6.803,34.8,65.78,34.1,0
3,HOT,2,OPTIMAL,0,VERY_DRY,0,DARK,37.27,60.1,14.12,9.85,3,PUMP,-2.316,36.47,61.1,30.12,1
3,HOT,2,OPTIMAL,0,VERY_DRY,0,DARK,36.21,60.14,15.95,16.75,3,PUMP,5.016,35.41,61.14,31.95,2
3,HOT,2,OPTIMAL,0,VERY_DRY,0,DARK,35.18,62.18,12.18,16.04,3,PUMP,-0.153,34.38,63.18,28.18,3
3,HOT,2,OPTIMAL,0,VERY_DRY,0,DARK,36.76,63.44,17.49,19.06,4,PUMP_MIST_LOW,0.704,34.76,72.44,30.49,0
3,HOT,2,OPTIMAL,0,VERY_DRY,0,DARK,36.58,64.74,15.98,9.93,4,PUMP_MIST_LOW,-3.982,34.58,73.74,28.98,1
3,HOT,2,OPTIMAL,0,VERY_DRY,0,DARK,36.28,63.65,14.27,16.07,4,PUMP_MIST_LOW,-4.85,34.28,72.65,27.27,2
3,HOT,2,OPTIMAL,0,VERY_DRY,0,DARK,36.34,60.52,13.14,19.4,4,PUMP_MIST_LOW,5.576,34.34,69.52,26.14,3
3,HOT,2,OPTIMAL,0,VERY_DRY,0,DARK,36.27,64.4,12.08,18.88,5,PUMP_MIST_HIGH,-20.758,33.27,79.4,28.08,0
3,HOT,2,OPTIMAL,0,VERY_DRY,0,DARK,36.77,61.49,12.16,10.58,5,PUMP_MIST_HIGH,-17.506,33.77,76.49,28.16,1
3,HOT,2,OPTIMAL,0,VERY_DRY,0,DARK,35.22,62.72,18.93,10.22,5,PUMP_MIST_HIGH,-0.314,32.22,77.72,34.93,2
3,HOT,2,OPTIMAL,0,VERY_DRY,0,DARK,34.88,63.75,15.86,20.21,5,PUMP_MIST_HIGH,-7.321,31.88,78.75,31.86,3
3,HOT,2,OPTIMAL,0,VERY_DRY,1,LOW,36.09,63.21,16.61,44.92,0,OFF,-68.499,36.09,61.21,14.61,0
3,HOT,2,OPTIMAL,0,VERY_DRY,1,LOW,35.52,60.31,19.33,36.74,0,OFF,-65.594,35.52,58.31,17.33,1
3,HOT,2,OPTIMAL,0,VERY_DRY,1,LOW,34.65,63.6,11.82,39.41,0,OFF,-73.277,34.65,61.6,9.82,2
3,HOT,2,OPTIMAL,0,VERY_DRY,1,LOW,36.68,65.9,18.76,35.65,0,OFF,-67.616,36.68,63.9,16.76,3
3,HOT,2,OPTIMAL,0,VERY_DRY,1,LOW,35.14,62.73,15.31,44.99,1,MIST_LOW,-53.33,33.94,69.73,14.31,0
3,HOT,2,OPTIMAL,0,VERY_DRY,1,LOW,37.23,60.4,18.27,45.15,1,MIST_LOW,-50.075,36.03,67.4,17.27,1
3,HOT,2,OPTIMAL,0,VERY_DRY,1,LOW,35.05,61.18,14.61,40.05,1,MIST_LOW,-52.036,33.85,68.18,13.61,2
3,HOT,2,OPTIMAL,0,VERY_DRY,1,LOW,35.98,64.78,17.74,40.32,1,MIST_LOW,-62.169,34.78,71.78,16.74,3
3,HOT,2,OPTIMAL,0,VERY_DRY,1,LOW,37.15,59.03,14.5,41.72,2,MIST_HIGH,-69.098,34.85,73.03,14.5,0
3,HOT,2,OPTIMAL,0,VERY_DRY,1,LOW,36.42,58.46,16.57,45.67,2,MIST_HIGH,-61.512,34.12,72.46,16.57,1
3,HOT,2,OPTIMAL,0,VERY_DRY,1,LOW,35.41,61.1,10.49,42.37,2,MIST_HIGH,-75.286,33.11,75.1,10.49,2
3,HOT,2,OPTIMAL,0,VERY_DRY,1,LOW,37.36,59.6,17.23,40.91,2,MIST_HIGH,-64.977,35.06,73.6,17.23,3
3,HOT,2,OPTIMAL,0,VERY_DRY,1,LOW,35.64,60.45,17.48,40.9,3,PUMP,7.34,35.34,60.45,33.48,0
3,HOT,2,OPTIMAL,0,VERY_DRY,1,LOW,36.1,64.96,12.71,34.29,3,PUMP,-6.409,35.8,64.96,28.71,1
3,HOT,2,OPTIMAL,0,VERY_DRY,1,LOW,36.5,62.12,16.87,41.48,3,PUMP,5.577,36.2,62.12,32.87,2
3,HOT,2,OPTIMAL,0,VERY_DRY,1,LOW,36.19,64.37,11.93,42.14,3,PUMP,-7.394,35.89,64.37,27.93,3
3,HOT,2,OPTIMAL,0,VERY_DRY,1,LOW,35.28,58.03,16.21,45.02,4,PUMP_MIST_LOW,19.408,33.78,66.03,29.21,0
3,HOT,2,OPTIMAL,0,VERY_DRY,1,LOW,35.03,61.16,11.19,44.07,4,PUMP_MIST_LOW,4.649,33.53,69.16,24.19,1
3,HOT,2,OPTIMAL,0,VERY_DRY,1,LOW,34.77,65.04,14.17,38.61,4,PUMP_MIST_LOW,-2.456,33.27,73.04,27.17,2
3,HOT,2,OPTIMAL,0,VERY_DRY,1,LOW,34.97,58.79,13.23,44.81,4,PUMP_MIST_LOW,12.903,33.47,66.79,26.23,3
3,HOT,2,OPTIMAL,0,VERY_DRY,1,LOW,36.65,63.48,14.06,37.33,5,PUMP_MIST_HIGH,-6.31,34.15,77.48,30.06,0
3,HOT,2,OPTIMAL,0,VERY_DRY,1,LOW,36.0,65.41,19.47,37.87,5,PUMP_MIST_HIGH,4.031,33.5,79.41,35.47,1
3,HOT,2,OPTIMAL,0,VERY_DRY,1,LOW,36.7,60.87,14.94,35.2,5,PUMP_MIST_HIGH,-0.479,34.2,74.87,30.94,2
3,HOT,2,OPTIMAL,0,VERY_DRY,1,LOW,37.3,60.04,14.31,34.07,5,PUMP_MIST_HIGH,-2.387,34.8,74.04,30.31,3
3,HOT,2,OPTIMAL,0,VERY_DRY,2,MEDIUM,34.75,62.19,13.38,65.44,0,OFF,-81.595,35.25,58.19,9.38,0
3,HOT,2,OPTIMAL,0,VERY_DRY,2,MEDIUM,35.76,62.25,11.33,64.2,0,OFF,-89.053,36.26,58.25,7.33,1
3,HOT,2,OPTIMAL,0,VERY_DRY,2,MEDIUM,35.6,61.32,13.53,59.9,0,OFF,-85.403,36.1,57.32,9.53,2
3,HOT,2,OPTIMAL,0,VERY_DRY,2,MEDIUM,35.03,65.13,18.62,59.12,0,OFF,-66.791,35.53,61.13,14.62,3
3,HOT,2,OPTIMAL,0,VERY_DRY,2,MEDIUM,36.76,62.71,14.72,59.55,1,MIST_LOW,-62.295,36.06,67.71,11.72,0
3,HOT,2,OPTIMAL,0,VERY_DRY,2,MEDIUM,35.0,64.78,12.02,62.35,1,MIST_LOW,-65.686,34.3,69.78,9.02,1
3,HOT,2,OPTIMAL,0,VERY_DRY,2,MEDIUM,37.15,65.98,10.17,65.31,1,MIST_LOW,-86.372,36.45,70.98,7.17,2
3,HOT,2,OPTIMAL,0,VERY_DRY,2,MEDIUM,36.94,64.56,18.67,64.76,1,MIST_LOW,-57.566,36.24,69.56,15.67,3
3,HOT,2,OPTIMAL,0,VERY_DRY,2,MEDIUM,35.87,65.67,14.08,56.55,2,MIST_HIGH,-79.11,34.07,77.67,12.08,0
3,HOT,2,OPTIMAL,0,VERY_DRY,2,MEDIUM,36.34,64.48,12.68,67.0,2,MIST_HIGH,-81.678,34.54,76.48,10.68,1
3,HOT,2,OPTIMAL,0,VERY_DRY,2,MEDIUM,36.04,61.29,11.73,65.57,2,MIST_HIGH,-77.577,34.24,73.29,9.73,2
3,HOT,2,OPTIMAL,0,VERY_DRY,2,MEDIUM,35.53,58.39,16.11,62.42,2,MIST_HIGH,-62.122,33.73,70.39,14.11,3
3,HOT,2,OPTIMAL,0,VERY_DRY,2,MEDIUM,34.69,62.87,18.73,64.96,3,PUMP,7.885,34.89,60.87,32.73,0
3,HOT,2,OPTIMAL,0,VERY_DRY,2,MEDIUM,35.2,63.34,10.12,65.24,3,PUMP,-11.06,35.4,61.34,24.12,1
3,HOT,2,OPTIMAL,0,VERY_DRY,2,MEDIUM,36.39,64.59,14.76,61.82,3,PUMP,-5.031,36.59,62.59,28.76,2
3,HOT,2,OPTIMAL,0,VERY_DRY,2,MEDIUM,36.96,64.57,15.76,61.84,3,PUMP,-4.747,37.16,62.57,29.76,3
3,HOT,2,OPTIMAL,0,VERY_DRY,2,MEDIUM,36.95,60.69,11.53,59.22,4,PUMP_MIST_LOW,-2.652,35.95,66.69,22.53,0
3,HOT,2,OPTIMAL,0,VERY_DRY,2,MEDIUM,35.19,61.11,12.7,56.16,4,PUMP_MIST_LOW,4.795,34.19,67.11,23.7,1
3,HOT,2,OPTIMAL,0,VERY_DRY,2,MEDIUM,35.49,58.34,12.05,65.04,4,PUMP_MIST_LOW,6.89,34.49,64.34,23.05,2
3,HOT,2,OPTIMAL,0,VERY_DRY,2,MEDIUM,35.66,63.53,12.99,62.11,4,PUMP_MIST_LOW,0.03,34.66,69.53,23.99,3
3,HOT,2,OPTIMAL,0,VERY_DRY,2,MEDIUM,37.35,62.58,14.98,63.67,5,PUMP_MIST_HIGH,-7.805,35.35,74.58,28.98,0
3,HOT,2,OPTIMAL,0,VERY_DRY,2,MEDIUM,35.22,60.01,10.19,60.04,5,PUMP_MIST_HIGH,-6.936,33.22,72.01,24.19,1
3,HOT,2,OPTIMAL,0,VERY_DRY,2,MEDIUM,36.92,64.09,10.45,63.89,5,PUMP_MIST_HIGH,-18.338,34.92,76.09,24.45,2
3,HOT,2,OPTIMAL,0,VERY_DRY,2,MEDIUM,35.81,59.35,16.17,59.24,5,PUMP_MIST_HIGH,4.806,33.81,71.35,30.17,3
3,HOT,2,OPTIMAL,0,VERY_DRY,3,BRIGHT,36.42,64.47,10.44,84.8,0,OFF,-96.368,37.42,58.47,5.44,0
3,HOT,2,OPTIMAL,0,VERY_DRY,3,BRIGHT,34.85,65.29,16.0,91.15,0,OFF,-78.352,35.85,59.29,11.0,1
3,HOT,2,OPTIMAL,0,VERY_DRY,3,BRIGHT,35.53,60.24,18.42,82.21,0,OFF,-91.535,36.53,54.24,13.42,2
3,HOT,2,OPTIMAL,0,VERY_DRY,3,BRIGHT,35.14,60.5,10.41,83.16,0,OFF,-106.679,36.14,54.5,5.41,3
3,HOT,2,OPTIMAL,0,VERY_DRY,3,BRIGHT,36.68,63.32,14.71,88.39,1,MIST_LOW,-51.565,36.48,66.32,10.71,0
3,HOT,2,OPTIMAL,0,VERY_DRY,3,BRIGHT,35.89,62.88,19.56,83.36,1,MIST_LOW,-38.139,35.69,65.88,15.56,1
3,HOT,2,OPTIMAL,0,VERY_DRY,3,BRIGHT,35.46,62.11,14.25,85.21,1,MIST_LOW,-46.687,35.26,65.11,10.25,2
3,HOT,2,OPTIMAL,0,VERY_DRY,3,BRIGHT,37.15,62.18,11.59,82.04,1,MIST_LOW,-57.777,36.95,65.18,7.59,3
3,HOT,2,OPTIMAL,0,VERY_DRY,3,BRIGHT,36.06,63.79,18.39,85.84,2,MIST_HIGH,-56.182,34.76,73.79,15.39,0
3,HOT,2,OPTIMAL,0,VERY_DRY,3,BRIGHT,36.4,64.99,16.96,91.67,2,MIST_HIGH,-62.168,35.1,74.99,13.96,1
3,HOT,2,OPTIMAL,0,VERY_DRY,3,BRIGHT,35.37,62.56,11.59,89.76,2,MIST_HIGH,-66.297,34.07,72.56,8.59,2
3,HOT,2,OPTIMAL,0,VERY_DRY,3,BRIGHT,35.22,65.77,14.29,90.84,2,MIST_HIGH,-65.242,33.92,75.77,11.29,3
3,HOT,2,OPTIMAL,0,VERY_DRY,3,BRIGHT,35.61,62.39,17.16,91.08,3,PUMP,-6.023,36.31,58.39,30.16,0
3,HOT,2,OPTIMAL,0,VERY_DRY,3,BRIGHT,35.06,61.36,14.81,93.14,3,PUMP,-10.877,35.76,57.36,27.81,1
3,HOT,2,OPTIMAL,0,VERY_DRY,3,BRIGHT,35.19,64.79,14.43,90.4,3,PUMP,-6.556,35.89,60.79,27.43,2
3,HOT,2,OPTIMAL,0,VERY_DRY,3,BRIGHT,35.68,59.45,15.9,89.89,3,PUMP,-13.576,36.38,55.45,28.9,3
3,HOT,2,OPTIMAL,0,VERY_DRY,3,BRIGHT,36.4,63.45,13.72,93.78,4,PUMP_MIST_LOW,10.806,35.9,67.45,23.72,0
3,HOT,2,OPTIMAL,0,VERY_DRY,3,BRIGHT,36.08,65.15,17.64,87.62,4,PUMP_MIST_LOW,17.349,35.58,69.15,27.64,1
3,HOT,2,OPTIMAL,0,VERY_DRY,3,BRIGHT,36.0,60.36,11.47,86.58,4,PUMP_MIST_LOW,12.3,35.5,64.36,21.47,2
3,HOT,2,OPTIMAL,0,VERY_DRY,3,BRIGHT,35.61,60.72,13.12,89.47,4,PUMP_MIST_LOW,16.448,35.11,64.72,23.12,3
3,HOT,2,OPTIMAL,0,VERY_DRY,3,BRIGHT,36.26,58.19,14.2,83.83,5,PUMP_MIST_HIGH,20.589,34.76,68.19,27.2,0
3,HOT,2,OPTIMAL,0,VERY_DRY,3,BRIGHT,34.97,63.8,12.2,87.69,5,PUMP_MIST_HIGH,3.526,33.47,73.8,25.2,1
3,HOT,2,OPTIMAL,0,VERY_DRY,3,BRIGHT,35.86,62.02,15.79,93.77,5,PUMP_MIST_HIGH,11.077,34.36,72.02,28.79,2
3,HOT,2,OPTIMAL,0,VERY_DRY,3,BRIGHT,37.07,59.82,16.79,88.88,5,PUMP_MIST_HIGH,20.807,35.57,69.82,29.79,3
3,HOT,2,OPTIMAL,1,DRY,0,DARK,34.7,64.5,37.63,14.14,0,OFF,15.579,34.2,63.5,35.63,0
3,HOT,2,OPTIMAL,1,DRY,0,DARK,36.91,64.98,37.14,16.53,0,OFF,6.728,36.41,63.98,35.14,1
3,HOT,2,OPTIMAL,1,DRY,0,DARK,35.85,63.37,35.52,18.72,0,OFF,9.272,35.35,62.37,33.52,2
3,HOT,2,OPTIMAL,1,DRY,0,DARK,37.36,62.65,37.03,9.85,0,OFF,7.664,36.86,61.65,35.03,3
3,HOT,2,OPTIMAL,1,DRY,0,DARK,36.81,61.37,33.14,11.43,1,MIST_LOW,15.94,35.11,69.37,32.14,0
3,HOT,2,OPTIMAL,1,DRY,0,DARK,36.07,65.91,38.79,15.54,1,MIST_LOW,14.91,34.37,73.91,37.79,1
3,HOT,2,OPTIMAL,1,DRY,0,DARK,36.35,58.32,34.52,11.52,1,MIST_LOW,25.218,34.65,66.32,33.52,2
3,HOT,2,OPTIMAL,1,DRY,0,DARK,36.04,60.82,30.65,14.93,1,MIST_LOW,14.059,34.34,68.82,29.65,3
3,HOT,2,OPTIMAL,1,DRY,0,DARK,34.76,62.65,33.7,20.85,2,MIST_HIGH,-1.956,31.96,77.65,33.7,0
3,HOT,2,OPTIMAL,1,DRY,0,DARK,36.73,63.02,31.68,18.92,2,MIST_HIGH,-13.096,33.93,78.02,31.68,1
3,HOT,2,OPTIMAL,1,DRY,0,DARK,35.19,60.11,35.12,13.93,2,MIST_HIGH,3.73,32.39,75.11,35.12,2
3,HOT,2,OPTIMAL,1,DRY,0,DARK,36.07,64.89,39.59,17.22,2,MIST_HIGH,2.66,33.27,79.89,39.59,3
3,HOT,2,OPTIMAL,1,DRY,0,DARK,35.72,59.21,35.94,17.18,3,PUMP,57.068,34.92,60.21,51.94,0
3,HOT,2,OPTIMAL,1,DRY,0,DARK,35.11,65.49,37.86,16.23,3,PUMP,58.761,34.31,66.49,53.86,1
3,HOT,2,OPTIMAL,1,DRY,0,DARK,36.37,60.67,30.88,19.54,3,PUMP,46.701,35.57,61.67,46.88,2
3,HOT,2,OPTIMAL,1,DRY,0,DARK,36.13,59.24,35.67,18.47,3,PUMP,55.229,35.33,60.24,51.67,3
3,HOT,2,OPTIMAL,1,DRY,0,DARK,36.06,61.1,36.56,18.15,4,PUMP_MIST_LOW,56.71,34.06,70.1,49.56,0
3,HOT,2,OPTIMAL,1,DRY,0,DARK,36.03,59.07,38.08,16.79,4,PUMP_MIST_LOW,71.268,34.03,68.07,51.08,1
3,HOT,2,OPTIMAL,1,DRY,0,DARK,35.97,65.32,33.88,18.13,4,PUMP_MIST_LOW,44.635,33.97,74.32,46.88,2
3,HOT,2,OPTIMAL,1,DRY,0,DARK,37.3,58.29,31.18,14.46,4,PUMP_MIST_LOW,43.945,35.3,67.29,44.18,3
3,HOT,2,OPTIMAL,1,DRY,0,DARK,34.97,61.85,31.47,15.66,5,PUMP_MIST_HIGH,38.222,31.97,76.85,47.47,0
3,HOT,2,OPTIMAL,1,DRY,0,DARK,35.69,62.85,32.31,12.3,5,PUMP_MIST_HIGH,36.092,32.69,77.85,48.31,1
3,HOT,2,OPTIMAL,1,DRY,0,DARK,36.58,63.3,38.5,16.94,5,PUMP_MIST_HIGH,45.507,33.58,78.3,54.5,2
3,HOT,2,OPTIMAL,1,DRY,0,DARK,36.3,61.63,30.46,17.57,5,PUMP_MIST_HIGH,32.195,33.3,76.63,46.46,3
3,HOT,2,OPTIMAL,1,DRY,1,LOW,34.72,61.93,34.6,41.37,0,OFF,6.631,34.72,59.93,32.6,0
3,HOT,2,OPTIMAL,1,DRY,1,LOW,37.01,64.26,38.65,45.96,0,OFF,10.698,37.01,62.26,36.65,1
3,HOT,2,OPTIMAL,1,DRY,1,LOW,35.13,60.83,34.46,43.6,0,OFF,3.272,35.13,58.83,32.46,2
3,HOT,2,OPTIMAL,1,DRY,1,LOW,35.84,63.92,37.66,44.08,0,OFF,12.671,35.84,61.92,35.66,3
3,HOT,2,OPTIMAL,1,DRY,1,LOW,36.44,65.04,31.0,37.95,1,MIST_LOW,-1.236,35.24,72.04,30.0,0
3,HOT,2,OPTIMAL,1,DRY,1,LOW,36.37,63.45,37.68,39.28,1,MIST_LOW,15.555,35.17,70.45,36.68,1
3,HOT,2,OPTIMAL,1,DRY,1,LOW,37.13,60.86,36.44,40.3,1,MIST_LOW,22.653,35.93,67.86,35.44,2
3,HOT,2,OPTIMAL,1,DRY,1,LOW,36.33,63.4,37.39,40.2,1,MIST_LOW,15.16,35.13,70.4,36.39,3
3,HOT,2,OPTIMAL,1,DRY,1,LOW,36.59,60.24,30.45,38.41,2,MIST_HIGH,-0.777,34.29,74.24,30.45,0
3,HOT,2,OPTIMAL,1,DRY,1,LOW,36.03,59.67,39.72,37.74,2,MIST_HIGH,21.409,33.73,73.67,39.72,1
3,HOT,2,OPTIMAL,1,DRY,1,LOW,35.46,61.87,30.51,45.04,2,MIST_HIGH,0.367,33.16,75.87,30.51,2
3,HOT,2,OPTIMAL,1,DRY,1,LOW,34.89,59.22,32.27,41.78,2,MIST_HIGH,10.135,32.59,73.22,32.27,3
3,HOT,2,OPTIMAL,1,DRY,1,LOW,35.5,58.39,34.01,45.89,3,PUMP,49.191,35.2,58.39,50.01,0
3,HOT,2,OPTIMAL,1,DRY,1,LOW,34.92,63.02,33.94,45.21,3,PUMP,55.049,34.62,63.02,49.94,1
3,HOT,2,OPTIMAL,1,DRY,1,LOW,36.09,58.6,30.37,41.67,3,PUMP,39.999,35.79,58.6,46.37,2
3,HOT,2,OPTIMAL,1,DRY,1,LOW,37.06,61.6,34.46,34.64,3,PUMP,50.309,36.76,61.6,50.46,3
3,HOT,2,OPTIMAL,1,DRY,1,LOW,37.07,59.86,39.74,43.65,4,PUMP_MIST_LOW,70.146,35.57,67.86,52.74,0
3,HOT,2,OPTIMAL,1,DRY,1,LOW,36.36,60.86,35.12,37.16,4,PUMP_MIST_LOW,61.145,34.86,68.86,48.12,1
3,HOT,2,OPTIMAL,1,DRY,1,LOW,37.33,62.6,32.93,44.98,4,PUMP_MIST_LOW,42.641,35.83,70.6,45.93,2
3,HOT,2,OPTIMAL,1,DRY,1,LOW,37.37,64.56,34.23,44.27,4,PUMP_MIST_LOW,42.113,35.87,72.56,47.23,3
3,HOT,2,OPTIMAL,1,DRY,1,LOW,37.27,64.52,30.66,36.62,5,PUMP_MIST_HIGH,34.904,34.77,78.52,46.66,0
3,HOT,2,OPTIMAL,1,DRY,1,LOW,34.98,60.55,32.19,39.98,5,PUMP_MIST_HIGH,51.777,32.48,74.55,48.19,1
3,HOT,2,OPTIMAL,1,DRY,1,LOW,36.45,64.95,33.55,45.34,5,PUMP_MIST_HIGH,42.888,33.95,78.95,49.55,2
3,HOT,2,OPTIMAL,1,DRY,1,LOW,35.62,63.65,31.6,44.92,5,PUMP_MIST_HIGH,43.522,33.12,77.65,47.6,3
3,HOT,2,OPTIMAL,1,DRY,2,MEDIUM,36.47,63.3,32.34,62.11,0,OFF,-10.533,36.97,59.3,28.34,0
3,HOT,2,OPTIMAL,1,DRY,2,MEDIUM,37.29,64.19,32.08,56.45,0,OFF,-12.254,37.79,60.19,28.08,1
3,HOT,2,OPTIMAL,1,DRY,2,MEDIUM,36.18,58.71,35.59,67.06,0,OFF,-18.103,36.68,54.71,31.59,2
3,HOT,2,OPTIMAL,1,DRY,2,MEDIUM,36.45,63.14,39.96,58.72,0,OFF,5.288,36.95,59.14,35.96,3
3,HOT,2,OPTIMAL,1,DRY,2,MEDIUM,35.09,58.72,38.55,64.84,1,MIST_LOW,34.439,34.39,63.72,35.55,0
3,HOT,2,OPTIMAL,1,DRY,2,MEDIUM,34.79,60.78,37.39,62.45,1,MIST_LOW,29.677,34.09,65.78,34.39,1
3,HOT,2,OPTIMAL,1,DRY,2,MEDIUM,36.23,64.38,30.24,61.6,1,MIST_LOW,4.296,35.53,69.38,27.24,2
3,HOT,2,OPTIMAL,1,DRY,2,MEDIUM,35.18,60.33,33.84,61.65,1,MIST_LOW,21.7,34.48,65.33,30.84,3
3,HOT,2,OPTIMAL,1,DRY,2,MEDIUM,35.31,59.41,31.22,64.92,2,MIST_HIGH,3.666,33.51,71.41,29.22,0
3,HOT,2,OPTIMAL,1,DRY,2,MEDIUM,36.2,62.36,36.5,67.06,2,MIST_HIGH,7.195,34.4,74.36,34.5,1
3,HOT,2,OPTIMAL,1,DRY,2,MEDIUM,35.96,63.93,39.23,63.32,2,MIST_HIGH,11.185,34.16,75.93,37.23,2
3,HOT,2,OPTIMAL,1,DRY,2,MEDIUM,35.79,61.54,33.37,67.38,2,MIST_HIGH,3.248,33.99,73.54,31.37,3
3,HOT,2,OPTIMAL,1,DRY,2,MEDIUM,37.11,58.62,36.64,60.85,3,PUMP,40.935,37.31,56.62,50.64,0
3,HOT,2,OPTIMAL,1,DRY,2,MEDIUM,36.15,63.16,39.43,66.69,3,PUMP,57.157,36.35,61.16,53.43,1
3,HOT,2,OPTIMAL,1,DRY,2,MEDIUM,34.88,64.3,33.0,59.28,3,PUMP,48.568,35.08,62.3,47.0,2
3,HOT,2,OPTIMAL,1,DRY,2,MEDIUM,35.94,63.59,30.59,63.09,3,PUMP,29.921,36.14,61.59,44.59,3
3,HOT,2,OPTIMAL,1,DRY,2,MEDIUM,36.89,59.63,34.87,61.4,4,PUMP_MIST_LOW,58.277,35.89,65.63,45.87,0
3,HOT,2,OPTIMAL,1,DRY,2,MEDIUM,34.67,65.97,35.91,64.63,4,PUMP_MIST_LOW,49.418,33.67,71.97,46.91,1
3,HOT,2,OPTIMAL,1,DRY,2,MEDIUM,34.95,61.24,36.64,67.96,4,PUMP_MIST_LOW,65.625,33.95,67.24,47.64,2
3,HOT,2,OPTIMAL,1,DRY,2,MEDIUM,37.32,64.17,30.29,57.82,4,PUMP_MIST_LOW,22.017,36.32,70.17,41.29,3
3,HOT,2,OPTIMAL,1,DRY,2,MEDIUM,37.29,63.08,39.69,64.99,5,PUMP_MIST_HIGH,53.496,35.29,75.08,53.69,0
3,HOT,2,OPTIMAL,1,DRY,2,MEDIUM,36.21,63.17,33.84,65.83,5,PUMP_MIST_HIGH,44.534,34.21,75.17,47.84,1
3,HOT,2,OPTIMAL,1,DRY,2,MEDIUM,34.93,65.13,34.16,61.43,5,PUMP_MIST_HIGH,46.163,32.93,77.13,48.16,2
3,HOT,2,OPTIMAL,1,DRY,2,MEDIUM,34.94,63.97,39.9,60.97,5,PUMP_MIST_HIGH,60.014,32.94,75.97,53.9,3
3,HOT,2,OPTIMAL,1,DRY,3,BRIGHT,37.27,58.01,39.97,90.96,0,OFF,-20.391,38.27,52.01,34.97,0
3,HOT,2,OPTIMAL,1,DRY,3,BRIGHT,37.16,60.22,38.11,93.06,0,OFF,-20.426,38.16,54.22,33.11,1
3,HOT,2,OPTIMAL,1,DRY,3,BRIGHT,34.98,64.79,31.28,90.16,0,OFF,-12.469,35.98,58.79,26.28,2
3,HOT,2,OPTIMAL,1,DRY,3,BRIGHT,37.34,60.15,35.88,82.48,0,OFF,-25.796,38.34,54.15,30.88,3
3,HOT,2,OPTIMAL,1,DRY,3,BRIGHT,37.12,59.67,34.38,87.08,1,MIST_LOW,29.179,36.92,62.67,30.38,0
3,HOT,2,OPTIMAL,1,DRY,3,BRIGHT,35.22,61.37,33.58,90.88,1,MIST_LOW,30.874,35.02,64.37,29.58,1
3,HOT,2,OPTIMAL,1,DRY,3,BRIGHT,34.86,64.91,36.14,85.93,1,MIST_LOW,31.717,34.66,67.91,32.14,2
3,HOT,2,OPTIMAL,1,DRY,3,BRIGHT,36.38,60.21,34.04,85.29,1,MIST_LOW,29.966,36.18,63.21,30.04,3
3,HOT,2,OPTIMAL,1,DRY,3,BRIGHT,34.68,59.31,32.45,92.3,2,MIST_HIGH,27.949,33.38,69.31,29.45,0
3,HOT,2,OPTIMAL,1,DRY,3,BRIGHT,34.78,60.43,33.95,86.33,2,MIST_HIGH,20.991,33.48,70.43,30.95,1
3,HOT,2,OPTIMAL,1,DRY,3,BRIGHT,37.07,59.12,38.09,91.76,2,MIST_HIGH,32.436,35.77,69.12,35.09,2
3,HOT,2,OPTIMAL,1,DRY,3,BRIGHT,34.91,61.07,34.9,83.54,2,MIST_HIGH,21.524,33.61,71.07,31.9,3
3,HOT,2,OPTIMAL,1,DRY,3,BRIGHT,35.21,62.54,37.82,86.28,3,PUMP,48.879,35.91,58.54,50.82,0
3,HOT,2,OPTIMAL,1,DRY,3,BRIGHT,37.13,61.05,36.12,86.02,3,PUMP,36.776,37.83,57.05,49.12,1
3,HOT,2,OPTIMAL,1,DRY,3,BRIGHT,36.23,59.26,31.83,90.22,3,PUMP,17.778,36.93,55.26,44.83,2
3,HOT,2,OPTIMAL,1,DRY,3,BRIGHT,35.65,65.05,38.12,85.58,3,PUMP,52.098,36.35,61.05,51.12,3
3,HOT,2,OPTIMAL,1,DRY,3,BRIGHT,34.73,59.73,38.58,91.51,4,PUMP_MIST_LOW,84.333,34.23,63.73,48.58,0
3,HOT,2,OPTIMAL,1,DRY,3,BRIGHT,36.88,60.59,39.73,90.92,4,PUMP_MIST_LOW,78.473,36.38,64.59,49.73,1
3,HOT,2,OPTIMAL,1,DRY,3,BRIGHT,35.54,58.51,37.22,84.5,4,PUMP_MIST_LOW,80.831,35.04,62.51,47.22,2
3,HOT,2,OPTIMAL,1,DRY,3,BRIGHT,37.22,65.75,37.79,93.1,4,PUMP_MIST_LOW,65.058,36.72,69.75,47.79,3
3,HOT,2,OPTIMAL,1,DRY,3,BRIGHT,35.32,62.39,34.81,84.17,5,PUMP_MIST_HIGH,62.16,33.82,72.39,47.81,0
3,HOT,2,OPTIMAL,1,DRY,3,BRIGHT,37.15,59.83,30.01,87.63,5,PUMP_MIST_HIGH,48.31,35.65,69.83,43.01,1
3,HOT,2,OPTIMAL,1,DRY,3,BRIGHT,35.28,59.87,32.53,86.33,5,PUMP_MIST_HIGH,69.538,33.78,69.87,45.53,2
3,HOT,2,OPTIMAL,1,DRY,3,BRIGHT,35.66,63.91,30.84,90.24,5,PUMP_MIST_HIGH,40.293,34.16,73.91,43.84,3
3,HOT,2,OPTIMAL,2,OPTIMAL,0,DARK,35.42,64.64,54.49,10.11,0,OFF,58.468,34.92,63.64,52.49,0
3,HOT,2,OPTIMAL,2,OPTIMAL,0,DARK,35.33,64.25,57.58,15.2,0,OFF,65.856,34.83,63.25,55.58,1
3,HOT,2,OPTIMAL,2,OPTIMAL,0,DARK,36.25,60.53,53.64,19.5,0,OFF,52.686,35.75,59.53,51.64,2
3,HOT,2,OPTIMAL,2,OPTIMAL,0,DARK,34.62,58.11,56.22,11.93,0,OFF,59.453,34.12,57.11,54.22,3
3,HOT,2,OPTIMAL,2,OPTIMAL,0,DARK,35.99,61.48,53.95,11.33,1,MIST_LOW,72.096,34.29,69.48,52.95,0
3,HOT,2,OPTIMAL,2,OPTIMAL,0,DARK,36.56,64.44,58.02,9.72,1,MIST_LOW,66.109,34.86,72.44,57.02,1
3,HOT,2,OPTIMAL,2,OPTIMAL,0,DARK,36.62,62.29,62.65,10.03,1,MIST_LOW,63.716,34.92,70.29,61.65,2
3,HOT,2,OPTIMAL,2,OPTIMAL,0,DARK,35.18,58.67,53.92,9.78,1,MIST_LOW,79.128,33.48,66.67,52.92,3
3,HOT,2,OPTIMAL,2,OPTIMAL,0,DARK,35.24,61.85,57.13,16.58,2,MIST_HIGH,56.992,32.44,76.85,57.13,0
3,HOT,2,OPTIMAL,2,OPTIMAL,0,DARK,37.25,58.12,60.98,9.93,2,MIST_HIGH,52.114,34.45,73.12,60.98,1
3,HOT,2,OPTIMAL,2,OPTIMAL,0,DARK,35.88,58.36,59.71,16.57,2,MIST_HIGH,58.774,33.08,73.36,59.71,2
3,HOT,2,OPTIMAL,2,OPTIMAL,0,DARK,35.5,60.41,56.31,14.45,2,MIST_HIGH,56.761,32.7,75.41,56.31,3
3,HOT,2,OPTIMAL,2,OPTIMAL,0,DARK,34.75,63.14,59.52,9.03,3,PUMP,25.559,33.95,64.14,75.52,0
3,HOT,2,OPTIMAL,2,OPTIMAL,0,DARK,37.02,64.58,59.57,11.93,3,PUMP,15.892,36.22,65.58,75.57,1
3,HOT,2,OPTIMAL,2,OPTIMAL,0,DARK,36.86,58.58,62.42,11.15,3,PUMP,12.234,36.06,59.58,78.42,2
3,HOT,2,OPTIMAL,2,OPTIMAL,0,DARK,36.68,58.1,53.33,11.22,3,PUMP,41.141,35.88,59.1,69.33,3
3,HOT,2,OPTIMAL,2,OPTIMAL,0,DARK,34.75,65.67,57.32,13.02,4,PUMP_MIST_LOW,35.453,32.75,74.67,70.32,0
3,HOT,2,OPTIMAL,2,OPTIMAL,0,DARK,36.41,65.54,62.1,9.23,4,PUMP_MIST_LOW,20.311,34.41,74.54,75.1,1
3,HOT,2,OPTIMAL,2,OPTIMAL,0,DARK,35.51,64.65,54.68,17.89,4,PUMP_MIST_LOW,50.187,33.51,73.65,67.68,2
3,HOT,2,OPTIMAL,2,OPTIMAL,0,DARK,34.87,64.31,53.27,13.91,4,PUMP_MIST_LOW,55.758,32.87,73.31,66.27,3
3,HOT,2,OPTIMAL,2,OPTIMAL,0,DARK,34.7,60.52,55.56,17.86,5,PUMP_MIST_HIGH,24.841,31.7,75.52,71.56,0
3,HOT,2,OPTIMAL,2,OPTIMAL,0,DARK,36.19,58.15,62.83,13.82,5,PUMP_MIST_HIGH,8.616,33.19,73.15,78.83,1
3,HOT,2,OPTIMAL,2,OPTIMAL,0,DARK,37.1,59.65,60.4,10.69,5,PUMP_MIST_HIGH,8.402,34.1,74.65,76.4,2
3,HOT,2,OPTIMAL,2,OPTIMAL,0,DARK,34.98,59.09,53.37,20.89,5,PUMP_MIST_HIGH,40.831,31.98,74.09,69.37,3
3,HOT,2,OPTIMAL,2,OPTIMAL,1,LOW,35.25,65.82,54.3,41.98,0,OFF,56.731,35.25,63.82,52.3,0
3,HOT,2,OPTIMAL,2,OPTIMAL,1,LOW,34.73,61.02,59.55,35.15,0,OFF,67.548,34.73,59.02,57.55,1
3,HOT,2,OPTIMAL,2,OPTIMAL,1,LOW,36.46,62.91,53.46,34.91,0,OFF,52.269,36.46,60.91,51.46,2
3,HOT,2,OPTIMAL,2,OPTIMAL,1,LOW,36.72,60.05,56.07,36.68,0,OFF,52.306,36.72,58.05,54.07,3
3,HOT,2,OPTIMAL,2,OPTIMAL,1,LOW,34.88,59.82,54.74,36.18,1,MIST_LOW,79.959,33.68,66.82,53.74,0
3,HOT,2,OPTIMAL,2,OPTIMAL,1,LOW,35.66,65.78,60.97,35.9,1,MIST_LOW,64.744,34.46,72.78,59.97,1
3,HOT,2,OPTIMAL,2,OPTIMAL,1,LOW,36.65,60.03,61.32,38.94,1,MIST_LOW,78.019,35.45,67.03,60.32,2
3,HOT,2,OPTIMAL,2,OPTIMAL,1,LOW,35.39,59.01,56.04,40.01,1,MIST_LOW,82.356,34.19,66.01,55.04,3
3,HOT,2,OPTIMAL,2,OPTIMAL,1,LOW,35.44,64.43,59.09,39.14,2,MIST_HIGH,61.775,33.14,78.43,59.09,0
3,HOT,2,OPTIMAL,2,OPTIMAL,1,LOW,34.61,60.11,58.12,39.15,2,MIST_HIGH,73.368,32.31,74.11,58.12,1
3,HOT,2,OPTIMAL,2,OPTIMAL,1,LOW,35.35,63.96,60.3,41.0,2,MIST_HIGH,60.277,33.05,77.96,60.3,2
3,HOT,2,OPTIMAL,2,OPTIMAL,1,LOW,35.6,61.5,57.54,42.04,2,MIST_HIGH,67.278,33.3,75.5,57.54,3
3,HOT,2,OPTIMAL,2,OPTIMAL,1,LOW,36.35,64.94,55.43,41.94,3,PUMP,26.149,36.05,64.94,71.43,0
3,HOT,2,OPTIMAL,2,OPTIMAL,1,LOW,36.14,63.0,54.77,39.66,3,PUMP,31.285,35.84,63.0,70.77,1
3,HOT,2,OPTIMAL,2,OPTIMAL,1,LOW,35.25,61.24,60.74,38.02,3,PUMP,21.979,34.95,61.24,76.74,2
3,HOT,2,OPTIMAL,2,OPTIMAL,1,LOW,35.1,61.07,62.6,38.45,3,PUMP,18.304,34.8,61.07,78.6,3
3,HOT,2,OPTIMAL,2,OPTIMAL,1,LOW,35.53,64.78,55.68,43.17,4,PUMP_MIST_LOW,47.841,34.03,72.78,68.68,0
3,HOT,2,OPTIMAL,2,OPTIMAL,1,LOW,35.69,59.26,60.88,44.47,4,PUMP_MIST_LOW,43.228,34.19,67.26,73.88,1
3,HOT,2,OPTIMAL,2,OPTIMAL,1,LOW,36.03,62.96,57.17,37.6,4,PUMP_MIST_LOW,36.024,34.53,70.96,70.17,2
3,HOT,2,OPTIMAL,2,OPTIMAL,1,LOW,35.35,64.26,56.69,36.99,4,PUMP_MIST_LOW,47.113,33.85,72.26,69.69,3
3,HOT,2,OPTIMAL,2,OPTIMAL,1,LOW,36.98,63.58,54.59,44.54,5,PUMP_MIST_HIGH,24.695,34.48,77.58,70.59,0
3,HOT,2,OPTIMAL,2,OPTIMAL,1,LOW,36.78,65.59,62.24,38.73,5,PUMP_MIST_HIGH,6.067,34.28,79.59,78.24,1
3,HOT,2,OPTIMAL,2,OPTIMAL,1,LOW,36.62,63.34,56.38,40.73,5,PUMP_MIST_HIGH,22.496,34.12,77.34,72.38,2
3,HOT,2,OPTIMAL,2,OPTIMAL,1,LOW,36.56,63.6,57.08,43.14,5,PUMP_MIST_HIGH,20.801,34.06,77.6,73.08,3
3,HOT,2,OPTIMAL,2,OPTIMAL,2,MEDIUM,37.07,62.61,61.88,64.98,0,OFF,58.522,37.57,58.61,57.88,0
3,HOT,2,OPTIMAL,2,OPTIMAL,2,MEDIUM,35.03,59.62,62.11,65.06,0,OFF,60.265,35.53,55.62,58.11,1
3,HOT,2,OPTIMAL,2,OPTIMAL,2,MEDIUM,35.69,65.39,54.51,57.24,0,OFF,51.891,36.19,61.39,50.51,2
3,HOT,2,OPTIMAL,2,OPTIMAL,2,MEDIUM,35.93,59.25,57.58,63.74,0,OFF,47.742,36.43,55.25,53.58,3
3,HOT,2,OPTIMAL,2,OPTIMAL,2,MEDIUM,37.22,65.61,60.45,62.56,1,MIST_LOW,64.624,36.52,70.61,57.45,0
3,HOT,2,OPTIMAL,2,OPTIMAL,2,MEDIUM,35.23,60.17,62.4,59.44,1,MIST_LOW,85.889,34.53,65.17,59.4,1
3,HOT,2,OPTIMAL,2,OPTIMAL,2,MEDIUM,36.14,62.0,57.29,64.03,1,MIST_LOW,75.215,35.44,67.0,54.29,2
3,HOT,2,OPTIMAL,2,OPTIMAL,2,MEDIUM,34.67,64.28,56.93,62.46,1,MIST_LOW,75.5,33.97,69.28,53.93,3
3,HOT,2,OPTIMAL,2,OPTIMAL,2,MEDIUM,35.43,61.76,59.39,63.39,2,MIST_HIGH,68.684,33.63,73.76,57.39,0
3,HOT,2,OPTIMAL,2,OPTIMAL,2,MEDIUM,36.71,64.07,60.87,56.93,2,MIST_HIGH,60.354,34.91,76.07,58.87,1
3,HOT,2,OPTIMAL,2,OPTIMAL,2,MEDIUM,34.87,64.88,59.74,62.0,2,MIST_HIGH,66.215,33.07,76.88,57.74,2
3,HOT,2,OPTIMAL,2,OPTIMAL,2,MEDIUM,34.88,65.18,58.15,58.36,2,MIST_HIGH,62.37,33.08,77.18,56.15,3
3,HOT,2,OPTIMAL,2,OPTIMAL,2,MEDIUM,35.89,58.23,53.23,65.68,3,PUMP,40.29,36.09,56.23,67.23,0
3,HOT,2,OPTIMAL,2,OPTIMAL,2,MEDIUM,35.93,61.04,57.72,57.99,3,PUMP,25.249,36.13,59.04,71.72,1
3,HOT,2,OPTIMAL,2,OPTIMAL,2,MEDIUM,36.92,58.03,53.95,62.44,3,PUMP,35.151,37.12,56.03,67.95,2
3,HOT,2,OPTIMAL,2,OPTIMAL,2,MEDIUM,35.79,61.86,58.54,64.54,3,PUMP,25.282,35.99,59.86,72.54,3
3,HOT,2,OPTIMAL,2,OPTIMAL,2,MEDIUM,36.16,59.12,60.32,62.89,4,PUMP_MIST_LOW,48.937,35.16,65.12,71.32,0
3,HOT,2,OPTIMAL,2,OPTIMAL,2,MEDIUM,34.93,65.83,62.79,60.78,4,PUMP_MIST_LOW,28.93,33.93,71.83,73.79,1
3,HOT,2,OPTIMAL,2,OPTIMAL,2,MEDIUM,35.15,64.15,60.83,61.3,4,PUMP_MIST_LOW,35.044,34.15,70.15,71.83,2
3,HOT,2,OPTIMAL,2,OPTIMAL,2,MEDIUM,35.12,63.14,61.38,64.98,4,PUMP_MIST_LOW,43.604,34.12,69.14,72.38,3
3,HOT,2,OPTIMAL,2,OPTIMAL,2,MEDIUM,37.38,63.06,56.89,64.43,5,PUMP_MIST_HIGH,25.235,35.38,75.06,70.89,0
3,HOT,2,OPTIMAL,2,OPTIMAL,2,MEDIUM,35.56,61.24,62.17,58.3,5,PUMP_MIST_HIGH,22.843,33.56,73.24,76.17,1
3,HOT,2,OPTIMAL,2,OPTIMAL,2,MEDIUM,34.9,59.11,62.31,66.33,5,PUMP_MIST_HIGH,28.083,32.9,71.11,76.31,2
3,HOT,2,OPTIMAL,2,OPTIMAL,2,MEDIUM,36.25,65.19,53.11,60.74,5,PUMP_MIST_HIGH,43.357,34.25,77.19,67.11,3
3,HOT,2,OPTIMAL,2,OPTIMAL,3,BRIGHT,36.2,62.05,59.65,93.92,0,OFF,48.785,37.2,56.05,54.65,0
3,HOT,2,OPTIMAL,2,OPTIMAL,3,BRIGHT,34.91,63.14,60.03,86.6,0,OFF,55.467,35.91,57.14,55.03,1
3,HOT,2,OPTIMAL,2,OPTIMAL,3,BRIGHT,35.42,61.68,59.2,87.42,0,OFF,49.781,36.42,55.68,54.2,2
3,HOT,2,OPTIMAL,2,OPTIMAL,3,BRIGHT,36.48,61.29,61.89,84.69,0,OFF,51.396,37.48,55.29,56.89,3
3,HOT,2,OPTIMAL,2,OPTIMAL,3,BRIGHT,35.52,62.8,53.33,93.47,1,MIST_LOW,79.084,35.32,65.8,49.33,0
3,HOT,2,OPTIMAL,2,OPTIMAL,3,BRIGHT,34.9,60.8,60.73,82.33,1,MIST_LOW,99.819,34.7,63.8,56.73,1
3,HOT,2,OPTIMAL,2,OPTIMAL,3,BRIGHT,35.72,63.75,58.68,85.27,1,MIST_LOW,88.15,35.52,66.75,54.68,2
3,HOT,2,OPTIMAL,2,OPTIMAL,3,BRIGHT,36.24,64.09,53.81,84.72,1,MIST_LOW,75.739,36.04,67.09,49.81,3
3,HOT,2,OPTIMAL,2,OPTIMAL,3,BRIGHT,35.36,60.18,57.76,89.99,2,MIST_HIGH,79.522,34.06,70.18,54.76,0
3,HOT,2,OPTIMAL,2,OPTIMAL,3,BRIGHT,36.93,63.25,55.05,90.23,2,MIST_HIGH,63.875,35.63,73.25,52.05,1
3,HOT,2,OPTIMAL,2,OPTIMAL,3,BRIGHT,36.09,58.8,53.46,88.76,2,MIST_HIGH,78.332,34.79,68.8,50.46,2
3,HOT,2,OPTIMAL,2,OPTIMAL,3,BRIGHT,36.83,60.12,60.28,93.46,2,MIST_HIGH,80.198,35.53,70.12,57.28,3
3,HOT,2,OPTIMAL,2,OPTIMAL,3,BRIGHT,37.02,61.95,55.17,82.89,3,PUMP,35.861,37.72,57.95,68.17,0
3,HOT,2,OPTIMAL,2,OPTIMAL,3,BRIGHT,35.3,62.36,54.04,82.13,3,PUMP,44.381,36.0,58.36,67.04,1
3,HOT,2,OPTIMAL,2,OPTIMAL,3,BRIGHT,35.39,63.24,58.9,89.89,3,PUMP,25.285,36.09,59.24,71.9,2
3,HOT,2,OPTIMAL,2,OPTIMAL,3,BRIGHT,36.76,58.38,56.12,92.79,3,PUMP,20.992,37.46,54.38,69.12,3
3,HOT,2,OPTIMAL,2,OPTIMAL,3,BRIGHT,35.05,65.29,54.51,88.74,4,PUMP_MIST_LOW,80.5,34.55,69.29,64.51,0
3,HOT,2,OPTIMAL,2,OPTIMAL,3,BRIGHT,37.07,64.83,62.26,86.85,4,PUMP_MIST_LOW,48.516,36.57,68.83,72.26,1
3,HOT,2,OPTIMAL,2,OPTIMAL,3,BRIGHT,36.12,58.26,62.65,92.51,4,PUMP_MIST_LOW,61.22,35.62,62.26,72.65,2
3,HOT,2,OPTIMAL,2,OPTIMAL,3,BRIGHT,36.29,59.97,54.44,93.46,4,PUMP_MIST_LOW,85.198,35.79,63.97,64.44,3
3,HOT,2,OPTIMAL,2,OPTIMAL,3,BRIGHT,36.76,60.06,61.95,93.21,5,PUMP_MIST_HIGH,37.082,35.26,70.06,74.95,0
3,HOT,2,OPTIMAL,2,OPTIMAL,3,BRIGHT,35.45,60.09,54.56,82.72,5,PUMP_MIST_HIGH,66.754,33.95,70.09,67.56,1
3,HOT,2,OPTIMAL,2,OPTIMAL,3,BRIGHT,35.49,58.6,53.61,87.74,5,PUMP_MIST_HIGH,78.974,33.99,68.6,66.61,2
3,HOT,2,OPTIMAL,2,OPTIMAL,3,BRIGHT,37.36,58.77,61.37,93.14,5,PUMP_MIST_HIGH,46.445,35.86,68.77,74.37,3
3,HOT,2,OPTIMAL,3,WET,0,DARK,34.88,65.37,80.82,9.96,0,OFF,16.875,34.38,64.37,78.82,0
3,HOT,2,OPTIMAL,3,WET,0,DARK,36.8,58.79,84.02,10.04,0,OFF,1.053,36.3,57.79,82.02,1
3,HOT,2,OPTIMAL,3,WET,0,DARK,35.99,59.63,78.35,17.47,0,OFF,16.902,35.49,58.63,76.35,2
3,HOT,2,OPTIMAL,3,WET,0,DARK,36.23,60.48,85.48,9.19,0,OFF,2.518,35.73,59.48,83.48,3
3,HOT,2,OPTIMAL,3,WET,0,DARK,34.98,65.25,83.69,9.05,1,MIST_LOW,10.059,33.28,73.25,82.69,0
3,HOT,2,OPTIMAL,3,WET,0,DARK,37.32,62.17,85.03,10.06,1,MIST_LOW,4.694,35.62,70.17,84.03,1
3,HOT,2,OPTIMAL,3,WET,0,DARK,34.86,59.06,82.34,19.21,1,MIST_LOW,31.193,33.16,67.06,81.34,2
3,HOT,2,OPTIMAL,3,WET,0,DARK,35.44,59.09,81.85,17.37,1,MIST_LOW,30.314,33.74,67.09,80.85,3
3,HOT,2,OPTIMAL,3,WET,0,DARK,36.76,62.86,86.7,14.72,2,MIST_HIGH,-17.924,33.96,77.86,86.7,0
3,HOT,2,OPTIMAL,3,WET,0,DARK,36.03,61.93,79.95,14.14,2,MIST_HIGH,0.101,33.23,76.93,79.95,1
3,HOT,2,OPTIMAL,3,WET,0,DARK,36.29,59.91,84.89,9.96,2,MIST_HIGH,-7.901,33.49,74.91,84.89,2
3,HOT,2,OPTIMAL,3,WET,0,DARK,37.17,61.99,83.15,10.33,2,MIST_HIGH,-10.384,34.37,76.99,83.15,3
3,HOT,2,OPTIMAL,3,WET,0,DARK,37.36,58.98,82.78,12.44,3,PUMP,-59.46,36.56,59.98,98.78,0
3,HOT,2,OPTIMAL,3,WET,0,DARK,35.3,59.21,80.48,19.52,3,PUMP,-47.669,34.5,60.21,96.48,1
3,HOT,2,OPTIMAL,3,WET,0,DARK,34.81,59.9,86.2,11.61,3,PUMP,-52.403,34.01,60.9,100.0,2
3,HOT,2,OPTIMAL,3,WET,0,DARK,34.74,62.77,81.33,16.94,3,PUMP,-47.66,33.94,63.77,97.33,3
3,HOT,2,OPTIMAL,3,WET,0,DARK,35.69,61.25,79.53,13.13,4,PUMP_MIST_LOW,-35.123,33.69,70.25,92.53,0
3,HOT,2,OPTIMAL,3,WET,0,DARK,35.07,60.59,84.58,14.96,4,PUMP_MIST_LOW,-34.666,33.07,69.59,97.58,1
3,HOT,2,OPTIMAL,3,WET,0,DARK,35.47,58.6,78.39,13.36,4,PUMP_MIST_LOW,-19.793,33.47,67.6,91.39,2
3,HOT,2,OPTIMAL,3,WET,0,DARK,35.96,64.47,86.34,14.6,4,PUMP_MIST_LOW,-55.45,33.96,73.47,99.34,3
3,HOT,2,OPTIMAL,3,WET,0,DARK,36.12,63.64,79.76,15.31,5,PUMP_MIST_HIGH,-63.499,33.12,78.64,95.76,0
3,HOT,2,OPTIMAL,3,WET,0,DARK,37.15,61.41,83.05,15.08,5,PUMP_MIST_HIGH,-70.118,34.15,76.41,99.05,1
3,HOT,2,OPTIMAL,3,WET,0,DARK,37.35,62.78,86.81,9.37,5,PUMP_MIST_HIGH,-74.971,34.35,77.78,100.0,2
3,HOT,2,OPTIMAL,3,WET,0,DARK,34.9,65.92,84.01,13.09,5,PUMP_MIST_HIGH,-72.147,31.9,80.92,100.0,3
3,HOT,2,OPTIMAL,3,WET,1,LOW,35.86,65.51,86.17,36.5,0,OFF,2.258,35.86,63.51,84.17,0
3,HOT,2,OPTIMAL,3,WET,1,LOW,35.62,62.04,85.87,44.22,0,OFF,2.964,35.62,60.04,83.87,1
3,HOT,2,OPTIMAL,3,WET,1,LOW,35.12,63.11,77.86,35.87,0,OFF,23.083,35.12,61.11,75.86,2
3,HOT,2,OPTIMAL,3,WET,1,LOW,35.73,64.08,80.62,38.4,0,OFF,16.631,35.73,62.08,78.62,3
3,HOT,2,OPTIMAL,3,WET,1,LOW,35.33,64.99,81.76,41.96,1,MIST_LOW,13.408,34.13,71.99,80.76,0
3,HOT,2,OPTIMAL,3,WET,1,LOW,34.83,64.87,83.54,37.29,1,MIST_LOW,11.449,33.63,71.87,82.54,1
3,HOT,2,OPTIMAL,3,WET,1,LOW,36.95,58.04,85.18,40.11,1,MIST_LOW,20.152,35.75,65.04,84.18,2
3,HOT,2,OPTIMAL,3,WET,1,LOW,37.28,61.37,78.8,34.49,1,MIST_LOW,27.188,36.08,68.37,77.8,3
3,HOT,2,OPTIMAL,3,WET,1,LOW,36.56,61.56,85.08,44.52,2,MIST_HIGH,-1.801,34.26,75.56,85.08,0
3,HOT,2,OPTIMAL,3,WET,1,LOW,34.61,63.11,85.13,38.91,2,MIST_HIGH,1.873,32.31,77.11,85.13,1
3,HOT,2,OPTIMAL,3,WET,1,LOW,36.28,63.38,86.88,43.65,2,MIST_HIGH,-7.591,33.98,77.38,86.88,2
3,HOT,2,OPTIMAL,3,WET,1,LOW,34.88,59.08,78.41,39.66,2,MIST_HIGH,21.551,32.58,73.08,78.41,3
3,HOT,2,OPTIMAL,3,WET,1,LOW,35.07,62.01,78.11,38.21,3,PUMP,-40.727,34.77,62.01,94.11,0
3,HOT,2,OPTIMAL,3,WET,1,LOW,36.82,59.29,79.29,40.63,3,PUMP,-53.115,36.52,59.29,95.29,1
3,HOT,2,OPTIMAL,3,WET,1,LOW,35.11,62.45,79.84,40.43,3,PUMP,-45.161,34.81,62.45,95.84,2
3,HOT,2,OPTIMAL,3,WET,1,LOW,35.92,64.93,82.26,38.29,3,PUMP,-56.816,35.62,64.93,98.26,3
3,HOT,2,OPTIMAL,3,WET,1,LOW,36.3,62.76,77.32,37.28,4,PUMP_MIST_LOW,-34.843,34.8,70.76,90.32,0
3,HOT,2,OPTIMAL,3,WET,1,LOW,34.71,64.01,79.68,41.26,4,PUMP_MIST_LOW,-36.714,33.21,72.01,92.68,1
3,HOT,2,OPTIMAL,3,WET,1,LOW,34.92,60.98,84.82,42.45,4,PUMP_MIST_LOW,-35.349,33.42,68.98,97.82,2
3,HOT,2,OPTIMAL,3,WET,1,LOW,37.22,60.78,77.3,44.24,4,PUMP_MIST_LOW,-26.572,35.72,68.78,90.3,3
3,HOT,2,OPTIMAL,3,WET,1,LOW,36.77,59.55,86.67,45.32,5,PUMP_MIST_HIGH,-57.944,34.27,73.55,100.0,0
3,HOT,2,OPTIMAL,3,WET,1,LOW,37.2,59.32,83.43,41.1,5,PUMP_MIST_HIGH,-57.746,34.7,73.32,99.43,1
3,HOT,2,OPTIMAL,3,WET,1,LOW,37.19,58.06,86.29,37.47,5,PUMP_MIST_HIGH,-56.893,34.69,72.06,100.0,2
3,HOT,2,OPTIMAL,3,WET,1,LOW,36.39,65.49,80.59,39.87,5,PUMP_MIST_HIGH,-59.078,33.89,79.49,96.59,3
3,HOT,2,OPTIMAL,3,WET,2,MEDIUM,37.35,62.79,81.64,58.88,0,OFF,6.907,37.85,58.79,77.64,0
3,HOT,2,OPTIMAL,3,WET,2,MEDIUM,34.96,62.32,85.51,56.28,0,OFF,5.673,35.46,58.32,81.51,1
3,HOT,2,OPTIMAL,3,WET,2,MEDIUM,35.44,62.98,86.1,64.55,0,OFF,3.943,35.94,58.98,82.1,2
3,HOT,2,OPTIMAL,3,WET,2,MEDIUM,35.52,60.41,83.13,66.46,0,OFF,5.806,36.02,56.41,79.13,3
3,HOT,2,OPTIMAL,3,WET,2,MEDIUM,34.95,64.1,84.61,57.15,1,MIST_LOW,23.854,34.25,69.1,81.61,0
3,HOT,2,OPTIMAL,3,WET,2,MEDIUM,36.44,60.3,82.56,65.6,1,MIST_LOW,29.49,35.74,65.3,79.56,1
3,HOT,2,OPTIMAL,3,WET,2,MEDIUM,35.41,65.07,78.29,56.44,1,MIST_LOW,26.122,34.71,70.07,75.29,2
3,HOT,2,OPTIMAL,3,WET,2,MEDIUM,34.84,62.08,82.55,63.32,1,MIST_LOW,31.766,34.14,67.08,79.55,3
3,HOT,2,OPTIMAL,3,WET,2,MEDIUM,34.66,59.78,80.44,67.78,2,MIST_HIGH,22.665,32.86,71.78,78.44,0
3,HOT,2,OPTIMAL,3,WET,2,MEDIUM,36.17,63.68,77.25,67.94,2,MIST_HIGH,18.313,34.37,75.68,75.25,1
3,HOT,2,OPTIMAL,3,WET,2,MEDIUM,35.9,62.68,78.15,57.75,2,MIST_HIGH,18.863,34.1,74.68,76.15,2
3,HOT,2,OPTIMAL,3,WET,2,MEDIUM,35.22,63.29,84.25,64.62,2,MIST_HIGH,7.262,33.42,75.29,82.25,3
3,HOT,2,OPTIMAL,3,WET,2,MEDIUM,35.3,65.34,79.4,64.65,3,PUMP,-43.682,35.5,63.34,93.4,0
3,HOT,2,OPTIMAL,3,WET,2,MEDIUM,36.27,58.11,85.14,62.63,3,PUMP,-66.127,36.47,56.11,99.14,1
3,HOT,2,OPTIMAL,3,WET,2,MEDIUM,37.28,65.32,84.84,63.11,3,PUMP,-61.423,37.48,63.32,98.84,2
3,HOT,2,OPTIMAL,3,WET,2,MEDIUM,35.46,64.15,82.45,59.34,3,PUMP,-48.674,35.66,62.15,96.45,3
3,HOT,2,OPTIMAL,3,WET,2,MEDIUM,36.21,63.89,85.34,63.23,4,PUMP_MIST_LOW,-39.425,35.21,69.89,96.34,0
3,HOT,2,OPTIMAL,3,WET,2,MEDIUM,35.8,63.1,83.89,60.31,4,PUMP_MIST_LOW,-33.813,34.8,69.1,94.89,1
3,HOT,2,OPTIMAL,3,WET,2,MEDIUM,35.03,62.86,82.43,56.18,4,PUMP_MIST_LOW,-27.88,34.03,68.86,93.43,2
3,HOT,2,OPTIMAL,3,WET,2,MEDIUM,34.79,58.39,80.32,61.52,4,PUMP_MIST_LOW,-15.501,33.79,64.39,91.32,3
3,HOT,2,OPTIMAL,3,WET,2,MEDIUM,35.25,64.05,80.71,66.72,5,PUMP_MIST_HIGH,-47.587,33.25,76.05,94.71,0
3,HOT,2,OPTIMAL,3,WET,2,MEDIUM,34.83,60.55,81.44,57.12,5,PUMP_MIST_HIGH,-42.166,32.83,72.55,95.44,1
3,HOT,2,OPTIMAL,3,WET,2,MEDIUM,35.22,63.31,77.69,63.05,5,PUMP_MIST_HIGH,-39.964,33.22,75.31,91.69,2
3,HOT,2,OPTIMAL,3,WET,2,MEDIUM,36.15,59.12,79.2,56.25,5,PUMP_MIST_HIGH,-39.376,34.15,71.12,93.2,3
3,HOT,2,OPTIMAL,3,WET,3,BRIGHT,35.38,61.83,80.98,89.37,0,OFF,10.33,36.38,55.83,75.98,0
3,HOT,2,OPTIMAL,3,WET,3,BRIGHT,36.39,64.79,79.96,85.62,0,OFF,13.999,37.39,58.79,74.96,1
3,HOT,2,OPTIMAL,3,WET,3,BRIGHT,36.77,61.99,86.09,85.88,0,OFF,-4.565,37.77,55.99,81.09,2
3,HOT,2,OPTIMAL,3,WET,3,BRIGHT,37.05,58.07,79.82,84.21,0,OFF,-6.577,38.05,52.07,74.82,3
3,HOT,2,OPTIMAL,3,WET,3,BRIGHT,36.68,65.21,78.74,85.62,1,MIST_LOW,44.566,36.48,68.21,74.74,0
3,HOT,2,OPTIMAL,3,WET,3,BRIGHT,34.61,58.26,77.8,90.51,1,MIST_LOW,61.905,34.41,61.26,73.8,1
3,HOT,2,OPTIMAL,3,WET,3,BRIGHT,35.46,63.76,80.42,93.31,1,MIST_LOW,47.262,35.26,66.76,76.42,2
3,HOT,2,OPTIMAL,3,WET,3,BRIGHT,35.72,58.86,82.35,85.78,1,MIST_LOW,49.807,35.52,61.86,78.35,3
3,HOT,2,OPTIMAL,3,WET,3,BRIGHT,35.39,65.65,86.28,86.61,2,MIST_HIGH,14.378,34.09,75.65,83.28,0
3,HOT,2,OPTIMAL,3,WET,3,BRIGHT,36.94,62.5,80.79,83.95,2,MIST_HIGH,26.004,35.64,72.5,77.79,1
3,HOT,2,OPTIMAL,3,WET,3,BRIGHT,35.06,61.62,79.39,91.15,2,MIST_HIGH,36.355,33.76,71.62,76.39,2
3,HOT,2,OPTIMAL,3,WET,3,BRIGHT,35.22,59.16,84.95,90.11,2,MIST_HIGH,36.115,33.92,69.16,81.95,3
3,HOT,2,OPTIMAL,3,WET,3,BRIGHT,35.42,59.45,79.22,82.99,3,PUMP,-51.515,36.12,55.45,92.22,0
3,HOT,2,OPTIMAL,3,WET,3,BRIGHT,36.39,65.37,78.39,86.64,3,PUMP,-43.423,37.09,61.37,91.39,1
3,HOT,2,OPTIMAL,3,WET,3,BRIGHT,34.73,58.16,85.28,89.26,3,PUMP,-72.105,35.43,54.16,98.28,2
3,HOT,2,OPTIMAL,3,WET,3,BRIGHT,35.7,65.24,83.9,89.2,3,PUMP,-52.987,36.4,61.24,96.9,3
3,HOT,2,OPTIMAL,3,WET,3,BRIGHT,35.84,58.79,79.95,83.88,4,PUMP_MIST_LOW,-3.061,35.34,62.79,89.95,0
3,HOT,2,OPTIMAL,3,WET,3,BRIGHT,34.99,59.05,80.02,86.89,4,PUMP_MIST_LOW,-0.884,34.49,63.05,90.02,1
3,HOT,2,OPTIMAL,3,WET,3,BRIGHT,36.12,64.15,86.05,86.31,4,PUMP_MIST_LOW,-25.326,35.62,68.15,96.05,2
3,HOT,2,OPTIMAL,3,WET,3,BRIGHT,35.27,59.41,81.06,89.25,4,PUMP_MIST_LOW,-4.56,34.77,63.41,91.06,3
3,HOT,2,OPTIMAL,3,WET,3,BRIGHT,35.93,65.92,77.05,84.66,5,PUMP_MIST_HIGH,-29.357,34.43,75.92,90.05,0
3,HOT,2,OPTIMAL,3,WET,3,BRIGHT,34.95,60.84,77.33,84.59,5,PUMP_MIST_HIGH,-18.688,33.45,70.84,90.33,1
3,HOT,2,OPTIMAL,3,WET,3,BRIGHT,36.95,62.69,82.0,85.62,5,PUMP_MIST_HIGH,-37.845,35.45,72.69,95.0,2
3,HOT,2,OPTIMAL,3,WET,3,BRIGHT,36.78,64.57,77.08,83.81,5,PUMP_MIST_HIGH,-29.983,35.28,74.57,90.08,3
3,HOT,3,HUMID,0,VERY_DRY,0,DARK,35.77,83.37,10.49,15.92,0,OFF,-118.036,35.27,82.37,8.49,0
3,HOT,3,HUMID,0,VERY_DRY,0,DARK,36.4,79.69,16.19,14.87,0,OFF,-102.191,35.9,78.69,14.19,1
3,HOT,3,HUMID,0,VERY_DRY,0,DARK,35.96,82.83,10.02,16.75,0,OFF,-118.77,35.46,81.83,8.02,2
3,HOT,3,HUMID,0,VERY_DRY,0,DARK,35.11,82.65,13.42,10.19,0,OFF,-108.64,34.61,81.65,11.42,3
3,HOT,3,HUMID,0,VERY_DRY,0,DARK,35.01,84.73,13.77,17.62,1,MIST_LOW,-123.356,33.31,92.73,12.77,0
3,HOT,3,HUMID,0,VERY_DRY,0,DARK,35.39,81.94,15.14,13.42,1,MIST_LOW,-117.2,33.69,89.94,14.14,1
3,HOT,3,HUMID,0,VERY_DRY,0,DARK,37.32,80.47,17.27,15.95,1,MIST_LOW,-116.557,35.62,88.47,16.27,2
3,HOT,3,HUMID,0,VERY_DRY,0,DARK,36.34,85.19,12.27,12.43,1,MIST_LOW,-131.486,34.64,93.19,11.27,3
3,HOT,3,HUMID,0,VERY_DRY,0,DARK,36.78,83.82,19.77,10.64,2,MIST_HIGH,-130.525,33.98,98.82,19.77,0
3,HOT,3,HUMID,0,VERY_DRY,0,DARK,35.26,85.7,16.51,14.62,2,MIST_HIGH,-134.391,32.46,100.0,16.51,1
3,HOT,3,HUMID,0,VERY_DRY,0,DARK,37.16,82.28,10.75,12.98,2,MIST_HIGH,-148.224,34.36,97.28,10.75,2
3,HOT,3,HUMID,0,VERY_DRY,0,DARK,35.41,83.87,18.38,14.33,2,MIST_HIGH,-129.154,32.61,98.87,18.38,3
3,HOT,3,HUMID,0,VERY_DRY,0,DARK,36.79,78.95,12.96,18.08,3,PUMP,-38.474,35.99,79.95,28.96,0
3,HOT,3,HUMID,0,VERY_DRY,0,DARK,35.15,82.91,19.12,20.04,3,PUMP,-26.616,34.35,83.91,35.12,1
3,HOT,3,HUMID,0,VERY_DRY,0,DARK,36.48,85.79,14.28,14.05,3,PUMP,-45.645,35.68,86.79,30.28,2
3,HOT,3,HUMID,0,VERY_DRY,0,DARK,35.8,78.47,11.77,14.65,3,PUMP,-37.03,35.0,79.47,27.77,3
3,HOT,3,HUMID,0,VERY_DRY,0,DARK,37.11,81.34,11.25,18.41,4,PUMP_MIST_LOW,-66.177,35.11,90.34,24.25,0
3,HOT,3,HUMID,0,VERY_DRY,0,DARK,35.05,78.69,17.0,12.85,4,PUMP_MIST_LOW,-43.256,33.05,87.69,30.0,1
3,HOT,3,HUMID,0,VERY_DRY,0,DARK,36.13,81.25,10.74,17.66,4,PUMP_MIST_LOW,-63.974,34.13,90.25,23.74,2
3,HOT,3,HUMID,0,VERY_DRY,0,DARK,34.77,79.06,10.69,10.37,4,PUMP_MIST_LOW,-56.192,32.77,88.06,23.69,3
3,HOT,3,HUMID,0,VERY_DRY,0,DARK,35.94,82.38,19.27,9.29,5,PUMP_MIST_HIGH,-57.335,32.94,97.38,35.27,0
3,HOT,3,HUMID,0,VERY_DRY,0,DARK,36.36,81.82,14.28,13.02,5,PUMP_MIST_HIGH,-68.295,33.36,96.82,30.28,1
3,HOT,3,HUMID,0,VERY_DRY,0,DARK,34.98,79.59,14.86,15.47,5,PUMP_MIST_HIGH,-59.062,31.98,94.59,30.86,2
3,HOT,3,HUMID,0,VERY_DRY,0,DARK,36.24,78.57,11.38,18.82,5,PUMP_MIST_HIGH,-68.786,33.24,93.57,27.38,3
3,HOT,3,HUMID,0,VERY_DRY,1,LOW,36.05,80.28,15.13,38.97,0,OFF,-104.227,36.05,78.28,13.13,0
3,HOT,3,HUMID,0,VERY_DRY,1,LOW,37.15,78.67,12.86,35.83,0,OFF,-109.953,37.15,76.67,10.86,1
3,HOT,3,HUMID,0,VERY_DRY,1,LOW,35.47,78.17,10.29,42.96,0,OFF,-109.181,35.47,76.17,8.29,2
3,HOT,3,HUMID,0,VERY_DRY,1,LOW,35.87,80.69,19.08,40.84,0,OFF,-96.018,35.87,78.69,17.08,3
3,HOT,3,HUMID,0,VERY_DRY,1,LOW,36.11,85.26,11.49,36.92,1,MIST_LOW,-132.501,34.91,92.26,10.49,0
3,HOT,3,HUMID,0,VERY_DRY,1,LOW,36.55,79.66,12.6,38.13,1,MIST_LOW,-122.627,35.35,86.66,11.6,1
3,HOT,3,HUMID,0,VERY_DRY,1,LOW,36.44,82.02,13.8,41.35,1,MIST_LOW,-123.528,35.24,89.02,12.8,2
3,HOT,3,HUMID,0,VERY_DRY,1,LOW,34.96,81.83,19.64,42.56,1,MIST_LOW,-106.191,33.76,88.83,18.64,3
3,HOT,3,HUMID,0,VERY_DRY,1,LOW,34.89,83.27,12.02,42.2,2,MIST_HIGH,-129.886,32.59,97.27,12.02,0
3,HOT,3,HUMID,0,VERY_DRY,1,LOW,35.76,82.56,18.82,38.09,2,MIST_HIGH,-117.226,33.46,96.56,18.82,1
3,HOT,3,HUMID,0,VERY_DRY,1,LOW,35.19,82.19,10.41,35.18,2,MIST_HIGH,-132.483,32.89,96.19,10.41,2
3,HOT,3,HUMID,0,VERY_DRY,1,LOW,35.37,84.97,18.15,43.65,2,MIST_HIGH,-121.263,33.07,98.97,18.15,3
3,HOT,3,HUMID,0,VERY_DRY,1,LOW,35.06,81.42,12.93,39.17,3,PUMP,-36.955,34.76,81.42,28.93,0
3,HOT,3,HUMID,0,VERY_DRY,1,LOW,37.02,85.01,18.72,38.43,3,PUMP,-36.839,36.72,85.01,34.72,1
3,HOT,3,HUMID,0,VERY_DRY,1,LOW,36.86,81.9,19.93,37.79,3,PUMP,-28.76,36.56,81.9,35.93,2
3,HOT,3,HUMID,0,VERY_DRY,1,LOW,35.57,85.7,19.1,39.87,3,PUMP,-32.47,35.27,85.7,35.1,3
3,HOT,3,HUMID,0,VERY_DRY,1,LOW,36.94,83.38,13.14,43.02,4,PUMP_MIST_LOW,-64.912,35.44,91.38,26.14,0
3,HOT,3,HUMID,0,VERY_DRY,1,LOW,36.32,85.82,12.6,39.3,4,PUMP_MIST_LOW,-67.965,34.82,93.82,25.6,1
3,HOT,3,HUMID,0,VERY_DRY,1,LOW,35.42,81.41,11.65,43.77,4,PUMP_MIST_LOW,-60.042,33.92,89.41,24.65,2
3,HOT,3,HUMID,0,VERY_DRY,1,LOW,36.22,83.67,18.3,34.26,4,PUMP_MIST_LOW,-52.221,34.72,91.67,31.3,3
3,HOT,3,HUMID,0,VERY_DRY,1,LOW,35.74,79.1,10.06,38.96,5,PUMP_MIST_HIGH,-60.81,33.24,93.1,26.06,0
3,HOT,3,HUMID,0,VERY_DRY,1,LOW,34.96,82.54,13.27,40.41,5,PUMP_MIST_HIGH,-57.078,32.46,96.54,29.27,1
3,HOT,3,HUMID,0,VERY_DRY,1,LOW,35.53,78.88,18.18,34.65,5,PUMP_MIST_HIGH,-42.73,33.03,92.88,34.18,2
3,HOT,3,HUMID,0,VERY_DRY,1,LOW,35.78,79.01,14.47,39.01,5,PUMP_MIST_HIGH,-51.523,33.28,93.01,30.47,3
3,HOT,3,HUMID,0,VERY_DRY,2,MEDIUM,35.98,82.78,12.31,59.83,0,OFF,-116.515,36.48,78.78,8.31,0
3,HOT,3,HUMID,0,VERY_DRY,2,MEDIUM,34.66,81.53,17.78,59.09,0,OFF,-98.828,35.16,77.53,13.78,1
3,HOT,3,HUMID,0,VERY_DRY,2,MEDIUM,37.06,84.93,10.73,62.91,0,OFF,-126.74,37.56,80.93,6.73,2
3,HOT,3,HUMID,0,VERY_DRY,2,MEDIUM,35.44,84.95,16.57,66.81,0,OFF,-109.346,35.94,80.95,12.57,3
3,HOT,3,HUMID,0,VERY_DRY,2,MEDIUM,35.12,84.3,12.93,61.92,1,MIST_LOW,-127.379,34.42,89.3,9.93,0
3,HOT,3,HUMID,0,VERY_DRY,2,MEDIUM,36.14,84.86,19.35,64.39,1,MIST_LOW,-118.046,35.44,89.86,16.35,1
3,HOT,3,HUMID,0,VERY_DRY,2,MEDIUM,36.64,78.05,19.11,67.67,1,MIST_LOW,-109.275,35.94,83.05,16.11,2
3,HOT,3,HUMID,0,VERY_DRY,2,MEDIUM,36.62,81.71,18.77,60.48,1,MIST_LOW,-115.771,35.92,86.71,15.77,3
3,HOT,3,HUMID,0,VERY_DRY,2,MEDIUM,37.02,80.33,16.55,61.51,2,MIST_HIGH,-125.066,35.22,92.33,14.55,0
3,HOT,3,HUMID,0,VERY_DRY,2,MEDIUM,35.17,83.2,15.3,57.12,2,MIST_HIGH,-126.377,33.37,95.2,13.3,1
3,HOT,3,HUMID,0,VERY_DRY,2,MEDIUM,35.87,83.45,19.47,67.82,2,MIST_HIGH,-120.246,34.07,95.45,17.47,2
3,HOT,3,HUMID,0,VERY_DRY,2,MEDIUM,35.0,79.94,14.45,64.77,2,MIST_HIGH,-122.422,33.2,91.94,12.45,3
3,HOT,3,HUMID,0,VERY_DRY,2,MEDIUM,35.04,78.45,15.67,64.44,3,PUMP,-28.961,35.24,76.45,29.67,0
3,HOT,3,HUMID,0,VERY_DRY,2,MEDIUM,35.49,83.74,13.95,60.8,3,PUMP,-42.496,35.69,81.74,27.95,1
3,HOT,3,HUMID,0,VERY_DRY,2,MEDIUM,36.64,78.09,11.97,63.56,3,PUMP,-41.31,36.84,76.09,25.97,2
3,HOT,3,HUMID,0,VERY_DRY,2,MEDIUM,36.48,84.79,17.84,65.7,3,PUMP,-39.174,36.68,82.79,31.84,3
3,HOT,3,HUMID,0,VERY_DRY,2,MEDIUM,35.79,78.03,10.67,57.66,4,PUMP_MIST_LOW,-60.481,34.79,84.03,21.67,0
3,HOT,3,HUMID,0,VERY_DRY,2,MEDIUM,36.82,79.21,18.22,66.09,4,PUMP_MIST_LOW,-49.816,35.82,85.21,29.22,1
3,HOT,3,HUMID,0,VERY_DRY,2,MEDIUM,37.1,83.76,15.18,62.04,4,PUMP_MIST_LOW,-64.345,36.1,89.76,26.18,2
3,HOT,3,HUMID,0,VERY_DRY,2,MEDIUM,35.35,81.1,12.53,67.58,4,PUMP_MIST_LOW,-60.072,34.35,87.1,23.53,3
3,HOT,3,HUMID,0,VERY_DRY,2,MEDIUM,36.12,79.64,17.53,61.07,5,PUMP_MIST_HIGH,-49.798,34.12,91.64,31.53,0
3,HOT,3,HUMID,0,VERY_DRY,2,MEDIUM,35.86,82.61,10.23,65.48,5,PUMP_MIST_HIGH,-69.059,33.86,94.61,24.23,1
3,HOT,3,HUMID,0,VERY_DRY,2,MEDIUM,35.07,85.82,15.4,60.87,5,PUMP_MIST_HIGH,-60.775,33.07,97.82,29.4,2
3,HOT,3,HUMID,0,VERY_DRY,2,MEDIUM,36.63,83.11,16.97,60.57,5,PUMP_MIST_HIGH,-58.13,34.63,95.11,30.97,3
3,HOT,3,HUMID,0,VERY_DRY,3,BRIGHT,36.99,83.12,12.53,93.01,0,OFF,-120.329,37.99,77.12,7.53,0
3,HOT,3,HUMID,0,VERY_DRY,3,BRIGHT,37.09,85.01,15.99,82.29,0,OFF,-116.435,38.09,79.01,10.99,1
3,HOT,3,HUMID,0,VERY_DRY,3,BRIGHT,37.36,85.34,12.8,90.58,0,OFF,-124.511,38.36,79.34,7.8,2
3,HOT,3,HUMID,0,VERY_DRY,3,BRIGHT,34.75,84.94,11.46,89.46,0,OFF,-118.328,35.75,78.94,6.46,3
3,HOT,3,HUMID,0,VERY_DRY,3,BRIGHT,36.74,78.75,15.64,84.58,1,MIST_LOW,-106.477,36.54,81.75,11.64,0
3,HOT,3,HUMID,0,VERY_DRY,3,BRIGHT,34.74,83.22,18.9,82.01,1,MIST_LOW,-100.397,34.54,86.22,14.9,1
3,HOT,3,HUMID,0,VERY_DRY,3,BRIGHT,34.9,80.65,13.92,87.7,1,MIST_LOW,-107.276,34.7,83.65,9.92,2
3,HOT,3,HUMID,0,VERY_DRY,3,BRIGHT,36.8,82.24,16.91,90.5,1,MIST_LOW,-109.615,36.6,85.24,12.91,3
3,HOT,3,HUMID,0,VERY_DRY,3,BRIGHT,34.77,85.02,12.17,88.29,2,MIST_HIGH,-123.082,33.47,95.02,9.17,0
3,HOT,3,HUMID,0,VERY_DRY,3,BRIGHT,36.03,83.11,17.28,82.43,2,MIST_HIGH,-113.311,34.73,93.11,14.28,1
3,HOT,3,HUMID,0,VERY_DRY,3,BRIGHT,35.31,78.55,12.82,85.26,2,MIST_HIGH,-113.101,34.01,88.55,9.82,2
3,HOT,3,HUMID,0,VERY_DRY,3,BRIGHT,34.78,81.25,18.94,86.08,2,MIST_HIGH,-102.859,33.48,91.25,15.94,3
3,HOT,3,HUMID,0,VERY_DRY,3,BRIGHT,36.52,84.67,11.91,89.61,3,PUMP,-52.077,37.22,80.67,24.91,0
3,HOT,3,HUMID,0,VERY_DRY,3,BRIGHT,34.89,82.12,12.17,85.72,3,PUMP,-42.214,35.59,78.12,25.17,1
3,HOT,3,HUMID,0,VERY_DRY,3,BRIGHT,35.5,82.05,11.97,89.49,3,PUMP,-44.459,36.2,78.05,24.97,2
3,HOT,3,HUMID,0,VERY_DRY,3,BRIGHT,34.63,85.38,15.16,85.81,3,PUMP,-40.329,35.33,81.38,28.16,3
3,HOT,3,HUMID,0,VERY_DRY,3,BRIGHT,35.39,78.88,18.41,87.41,4,PUMP_MIST_LOW,-32.796,34.89,82.88,28.41,0
3,HOT,3,HUMID,0,VERY_DRY,3,BRIGHT,35.33,78.73,19.27,82.45,4,PUMP_MIST_LOW,-30.567,34.83,82.73,29.27,1
3,HOT,3,HUMID,0,VERY_DRY,3,BRIGHT,37.09,84.32,16.57,86.86,4,PUMP_MIST_LOW,-50.799,36.59,88.32,26.57,2
3,HOT,3,HUMID,0,VERY_DRY,3,BRIGHT,36.3,83.55,16.46,84.45,4,PUMP_MIST_LOW,-47.272,35.8,87.55,26.46,3
3,HOT,3,HUMID,0,VERY_DRY,3,BRIGHT,36.56,81.49,11.07,88.19,5,PUMP_MIST_HIGH,-56.247,35.06,91.49,24.07,0
3,HOT,3,HUMID,0,VERY_DRY,3,BRIGHT,35.69,85.85,15.17,87.07,5,PUMP_MIST_HIGH,-51.799,34.19,95.85,28.17,1
3,HOT,3,HUMID,0,VERY_DRY,3,BRIGHT,34.84,82.57,18.27,86.62,5,PUMP_MIST_HIGH,-37.337,33.34,92.57,31.27,2
3,HOT,3,HUMID,0,VERY_DRY,3,BRIGHT,35.6,83.89,15.21,89.97,5,PUMP_MIST_HIGH,-48.283,34.1,93.89,28.21,3
3,HOT,3,HUMID,1,DRY,0,DARK,35.05,78.53,38.7,17.63,0,OFF,-13.727,34.55,77.53,36.7,0
3,HOT,3,HUMID,1,DRY,0,DARK,37.02,80.66,39.79,11.49,0,OFF,-21.169,36.52,79.66,37.79,1
3,HOT,3,HUMID,1,DRY,0,DARK,35.13,80.85,35.39,16.06,0,OFF,-24.661,34.63,79.85,33.39,2
3,HOT,3,HUMID,1,DRY,0,DARK,35.78,81.52,31.5,13.44,0,OFF,-35.981,35.28,80.52,29.5,3
3,HOT,3,HUMID,1,DRY,0,DARK,35.62,79.92,32.47,16.87,1,MIST_LOW,-43.316,33.92,87.92,31.47,0
3,HOT,3,HUMID,1,DRY,0,DARK,36.76,82.07,32.82,13.65,1,MIST_LOW,-49.673,35.06,90.07,31.82,1
3,HOT,3,HUMID,1,DRY,0,DARK,36.45,78.75,39.05,17.4,1,MIST_LOW,-30.281,34.75,86.75,38.05,2
3,HOT,3,HUMID,1,DRY,0,DARK,35.54,78.35,36.81,15.47,1,MIST_LOW,-31.43,33.84,86.35,35.81,3
3,HOT,3,HUMID,1,DRY,0,DARK,35.35,81.4,35.48,16.26,2,MIST_HIGH,-54.093,32.55,96.4,35.48,0
3,HOT,3,HUMID,1,DRY,0,DARK,35.18,84.52,37.76,9.08,2,MIST_HIGH,-53.749,32.38,99.52,37.76,1
3,HOT,3,HUMID,1,DRY,0,DARK,36.81,80.73,31.58,18.91,2,MIST_HIGH,-65.882,34.01,95.73,31.58,2
3,HOT,3,HUMID,1,DRY,0,DARK,35.1,84.03,34.3,15.72,2,MIST_HIGH,-59.982,32.3,99.03,34.3,3
3,HOT,3,HUMID,1,DRY,0,DARK,36.41,80.04,30.7,13.45,3,PUMP,8.237,35.61,81.04,46.7,0
3,HOT,3,HUMID,1,DRY,0,DARK,36.67,78.49,33.2,19.5,3,PUMP,15.157,35.87,79.49,49.2,1
3,HOT,3,HUMID,1,DRY,0,DARK,35.64,80.4,31.06,11.86,3,PUMP,10.918,34.84,81.4,47.06,2
3,HOT,3,HUMID,1,DRY,0,DARK,36.85,81.74,31.9,19.98,3,PUMP,6.658,36.05,82.74,47.9,3
3,HOT,3,HUMID,1,DRY,0,DARK,36.1,82.51,34.72,19.63,4,PUMP_MIST_LOW,-5.528,34.1,91.51,47.72,0
3,HOT,3,HUMID,1,DRY,0,DARK,36.96,83.11,37.66,11.69,4,PUMP_MIST_LOW,-3.07,34.96,92.11,50.66,1
3,HOT,3,HUMID,1,DRY,0,DARK,37.02,84.76,39.5,18.52,4,PUMP_MIST_LOW,-2.029,35.02,93.76,52.5,2
3,HOT,3,HUMID,1,DRY,0,DARK,35.91,85.36,39.5,10.39,4,PUMP_MIST_LOW,0.555,33.91,94.36,52.5,3
3,HOT,3,HUMID,1,DRY,0,DARK,37.06,82.01,31.4,10.54,5,PUMP_MIST_HIGH,-24.866,34.06,97.01,47.4,0
3,HOT,3,HUMID,1,DRY,0,DARK,36.65,83.22,39.22,11.38,5,PUMP_MIST_HIGH,-9.082,33.65,98.22,55.22,1
3,HOT,3,HUMID,1,DRY,0,DARK,36.78,78.49,34.43,10.0,5,PUMP_MIST_HIGH,-12.004,33.78,93.49,50.43,2
3,HOT,3,HUMID,1,DRY,0,DARK,34.8,84.62,37.16,12.34,5,PUMP_MIST_HIGH,-9.722,31.8,99.62,53.16,3
3,HOT,3,HUMID,1,DRY,1,LOW,35.14,83.4,34.89,44.66,0,OFF,-29.829,35.14,81.4,32.89,0
3,HOT,3,HUMID,1,DRY,1,LOW,37.3,80.79,36.59,44.19,0,OFF,-28.993,37.3,78.79,34.59,1
3,HOT,3,HUMID,1,DRY,1,LOW,36.54,81.58,34.7,43.09,0,OFF,-31.777,36.54,79.58,32.7,2
3,HOT,3,HUMID,1,DRY,1,LOW,36.94,84.27,39.03,45.22,0,OFF,-28.257,36.94,82.27,37.03,3
3,HOT,3,HUMID,1,DRY,1,LOW,36.5,82.66,34.75,38.51,1,MIST_LOW,-45.741,35.3,89.66,33.75,0
3,HOT,3,HUMID,1,DRY,1,LOW,36.59,81.48,37.72,38.83,1,MIST_LOW,-37.892,35.39,88.48,36.72,1
3,HOT,3,HUMID,1,DRY,1,LOW,35.87,80.37,36.07,42.68,1,MIST_LOW,-37.295,34.67,87.37,35.07,2
3,HOT,3,HUMID,1,DRY,1,LOW,35.66,84.84,31.95,43.35,1,MIST_LOW,-52.413,34.46,91.84,30.95,3
3,HOT,3,HUMID,1,DRY,1,LOW,34.65,82.92,33.67,35.94,2,MIST_HIGH,-48.076,32.35,96.92,33.67,0
3,HOT,3,HUMID,1,DRY,1,LOW,36.91,80.25,31.38,42.09,2,MIST_HIGH,-55.841,34.61,94.25,31.38,1
3,HOT,3,HUMID,1,DRY,1,LOW,36.51,80.92,37.8,41.49,2,MIST_HIGH,-42.151,34.21,94.92,37.8,2
3,HOT,3,HUMID,1,DRY,1,LOW,37.28,79.46,38.38,40.95,2,MIST_HIGH,-41.076,34.98,93.46,38.38,3
3,HOT,3,HUMID,1,DRY,1,LOW,36.73,79.95,36.24,34.16,3,PUMP,19.006,36.43,79.95,52.24,0
3,HOT,3,HUMID,1,DRY,1,LOW,34.66,83.55,34.78,36.92,3,PUMP,16.819,34.36,83.55,50.78,1
3,HOT,3,HUMID,1,DRY,1,LOW,34.74,78.91,34.93,41.69,3,PUMP,24.282,34.44,78.91,50.93,2
3,HOT,3,HUMID,1,DRY,1,LOW,34.92,85.26,33.29,42.94,3,PUMP,10.099,34.62,85.26,49.29,3
3,HOT,3,HUMID,1,DRY,1,LOW,34.87,78.55,37.09,44.91,4,PUMP_MIST_LOW,9.718,33.37,86.55,50.09,0
3,HOT,3,HUMID,1,DRY,1,LOW,35.77,78.25,30.33,38.82,4,PUMP_MIST_LOW,-16.881,34.27,86.25,43.33,1
3,HOT,3,HUMID,1,DRY,1,LOW,36.17,83.74,36.69,44.14,4,PUMP_MIST_LOW,-3.572,34.67,91.74,49.69,2
3,HOT,3,HUMID,1,DRY,1,LOW,37.15,82.78,38.64,45.02,4,PUMP_MIST_LOW,-1.09,35.65,90.78,51.64,3
3,HOT,3,HUMID,1,DRY,1,LOW,35.17,80.55,35.08,42.56,5,PUMP_MIST_HIGH,1.239,32.67,94.55,51.08,0
3,HOT,3,HUMID,1,DRY,1,LOW,35.6,85.16,36.0,35.29,5,PUMP_MIST_HIGH,-5.575,33.1,99.16,52.0,1
3,HOT,3,HUMID,1,DRY,1,LOW,36.2,81.78,30.91,37.03,5,PUMP_MIST_HIGH,-12.756,33.7,95.78,46.91,2
3,HOT,3,HUMID,1,DRY,1,LOW,35.28,85.17,35.05,38.96,5,PUMP_MIST_HIGH,-6.552,32.78,99.17,51.05,3
3,HOT,3,HUMID,1,DRY,2,MEDIUM,36.37,84.82,36.79,58.88,0,OFF,-34.662,36.87,80.82,32.79,0
3,HOT,3,HUMID,1,DRY,2,MEDIUM,35.04,85.01,30.92,67.94,0,OFF,-43.012,35.54,81.01,26.92,1
3,HOT,3,HUMID,1,DRY,2,MEDIUM,35.99,79.11,36.57,61.08,0,OFF,-24.724,36.49,75.11,32.57,2
3,HOT,3,HUMID,1,DRY,2,MEDIUM,35.01,82.15,33.1,62.46,0,OFF,-33.749,35.51,78.15,29.1,3
3,HOT,3,HUMID,1,DRY,2,MEDIUM,35.34,85.11,39.02,67.86,1,MIST_LOW,-39.589,34.64,90.11,36.02,0
3,HOT,3,HUMID,1,DRY,2,MEDIUM,35.99,79.03,30.03,65.73,1,MIST_LOW,-50.833,35.29,84.03,27.03,1
3,HOT,3,HUMID,1,DRY,2,MEDIUM,36.53,83.88,36.58,56.25,1,MIST_LOW,-46.544,35.83,88.88,33.58,2
3,HOT,3,HUMID,1,DRY,2,MEDIUM,35.7,78.4,33.04,64.96,1,MIST_LOW,-42.532,35.0,83.4,30.04,3
3,HOT,3,HUMID,1,DRY,2,MEDIUM,36.81,80.56,35.89,62.71,2,MIST_HIGH,-49.155,35.01,92.56,33.89,0
3,HOT,3,HUMID,1,DRY,2,MEDIUM,35.55,79.67,31.43,66.53,2,MIST_HIGH,-53.048,33.75,91.67,29.43,1
3,HOT,3,HUMID,1,DRY,2,MEDIUM,35.72,83.21,37.3,66.55,2,MIST_HIGH,-46.969,33.92,95.21,35.3,2
3,HOT,3,HUMID,1,DRY,2,MEDIUM,36.55,79.59,32.34,66.78,2,MIST_HIGH,-54.209,34.75,91.59,30.34,3
3,HOT,3,HUMID,1,DRY,2,MEDIUM,36.97,85.28,33.81,64.55,3,PUMP,2.035,37.17,83.28,47.81,0
3,HOT,3,HUMID,1,DRY,2,MEDIUM,36.93,79.61,30.13,66.88,3,PUMP,-6.52,37.13,77.61,44.13,1
3,HOT,3,HUMID,1,DRY,2,MEDIUM,34.76,78.3,30.52,65.85,3,PUMP,3.348,34.96,76.3,44.52,2
3,HOT,3,HUMID,1,DRY,2,MEDIUM,36.25,78.53,34.43,57.37,3,PUMP,16.432,36.45,76.53,48.43,3
3,HOT,3,HUMID,1,DRY,2,MEDIUM,34.61,85.52,38.54,62.38,4,PUMP_MIST_LOW,-0.165,33.61,91.52,49.54,0
3,HOT,3,HUMID,1,DRY,2,MEDIUM,34.73,82.21,39.82,58.77,4,PUMP_MIST_LOW,7.466,33.73,88.21,50.82,1
3,HOT,3,HUMID,1,DRY,2,MEDIUM,36.56,80.23,33.35,66.57,4,PUMP_MIST_LOW,-18.813,35.56,86.23,44.35,2
3,HOT,3,HUMID,1,DRY,2,MEDIUM,36.28,79.44,36.83,63.46,4,PUMP_MIST_LOW,0.644,35.28,85.44,47.83,3
3,HOT,3,HUMID,1,DRY,2,MEDIUM,35.24,85.39,37.06,63.6,5,PUMP_MIST_HIGH,-5.17,33.24,97.39,51.06,0
3,HOT,3,HUMID,1,DRY,2,MEDIUM,35.77,78.71,37.7,60.73,5,PUMP_MIST_HIGH,5.186,33.77,90.71,51.7,1
3,HOT,3,HUMID,1,DRY,2,MEDIUM,36.09,83.14,35.12,65.73,5,PUMP_MIST_HIGH,-8.381,34.09,95.14,49.12,2
3,HOT,3,HUMID,1,DRY,2,MEDIUM,34.99,79.1,36.35,62.24,5,PUMP_MIST_HIGH,4.207,32.99,91.1,50.35,3
3,HOT,3,HUMID,1,DRY,3,BRIGHT,35.58,85.87,37.61,85.64,0,OFF,-32.561,36.58,79.87,32.61,0
3,HOT,3,HUMID,1,DRY,3,BRIGHT,35.88,83.58,32.56,87.5,0,OFF,-40.473,36.88,77.58,27.56,1
3,HOT,3,HUMID,1,DRY,3,BRIGHT,34.61,80.78,37.18,82.88,0,OFF,-22.227,35.61,74.78,32.18,2
3,HOT,3,HUMID,1,DRY,3,BRIGHT,36.92,85.98,30.36,86.19,0,OFF,-52.25,37.92,79.98,25.36,3
3,HOT,3,HUMID,1,DRY,3,BRIGHT,36.14,79.7,37.8,84.93,1,MIST_LOW,-24.534,35.94,82.7,33.8,0
3,HOT,3,HUMID,1,DRY,3,BRIGHT,37.01,81.46,39.3,89.26,1,MIST_LOW,-27.014,36.81,84.46,35.3,1
3,HOT,3,HUMID,1,DRY,3,BRIGHT,36.33,80.32,31.4,88.69,1,MIST_LOW,-39.609,36.13,83.32,27.4,2
3,HOT,3,HUMID,1,DRY,3,BRIGHT,37.36,83.98,31.4,87.07,1,MIST_LOW,-48.75,37.16,86.98,27.4,3
3,HOT,3,HUMID,1,DRY,3,BRIGHT,35.25,85.99,37.33,86.27,2,MIST_HIGH,-38.327,33.95,95.99,34.33,0
3,HOT,3,HUMID,1,DRY,3,BRIGHT,34.68,83.83,34.06,87.83,2,MIST_HIGH,-39.926,33.38,93.83,31.06,1
3,HOT,3,HUMID,1,DRY,3,BRIGHT,35.94,84.93,35.09,87.74,2,MIST_HIGH,-43.555,34.64,94.93,32.09,2
3,HOT,3,HUMID,1,DRY,3,BRIGHT,37.04,79.0,35.31,91.73,2,MIST_HIGH,-37.11,35.74,89.0,32.31,3
3,HOT,3,HUMID,1,DRY,3,BRIGHT,35.21,85.41,34.32,88.31,3,PUMP,8.016,35.91,81.41,47.32,0
3,HOT,3,HUMID,1,DRY,3,BRIGHT,36.46,80.86,30.88,89.86,3,PUMP,-5.95,37.16,76.86,43.88,1
3,HOT,3,HUMID,1,DRY,3,BRIGHT,37.06,84.26,31.61,93.09,3,PUMP,-11.76,37.76,80.26,44.61,2
3,HOT,3,HUMID,1,DRY,3,BRIGHT,35.08,79.27,34.25,87.22,3,PUMP,18.093,35.78,75.27,47.25,3
3,HOT,3,HUMID,1,DRY,3,BRIGHT,36.04,83.53,30.11,90.39,4,PUMP_MIST_LOW,-17.743,35.54,87.53,40.11,0
3,HOT,3,HUMID,1,DRY,3,BRIGHT,35.15,83.15,30.86,86.74,4,PUMP_MIST_LOW,-12.704,34.65,87.15,40.86,1
3,HOT,3,HUMID,1,DRY,3,BRIGHT,36.89,79.35,35.5,89.69,4,PUMP_MIST_LOW,7.552,36.39,83.35,45.5,2
3,HOT,3,HUMID,1,DRY,3,BRIGHT,36.49,83.71,39.67,82.01,4,PUMP_MIST_LOW,10.599,35.99,87.71,49.67,3
3,HOT,3,HUMID,1,DRY,3,BRIGHT,35.42,82.67,38.08,88.79,5,PUMP_MIST_HIGH,12.274,33.92,92.67,51.08,0
3,HOT,3,HUMID,1,DRY,3,BRIGHT,34.9,80.59,36.22,87.76,5,PUMP_MIST_HIGH,13.361,33.4,90.59,49.22,1
3,HOT,3,HUMID,1,DRY,3,BRIGHT,35.03,80.58,36.03,87.95,5,PUMP_MIST_HIGH,12.553,33.53,90.58,49.03,2
3,HOT,3,HUMID,1,DRY,3,BRIGHT,35.43,82.39,31.88,88.68,5,PUMP_MIST_HIGH,-10.356,33.93,92.39,44.88,3
3,HOT,3,HUMID,2,OPTIMAL,0,DARK,37.29,82.26,56.17,20.09,0,OFF,19.829,36.79,81.26,54.17,0
3,HOT,3,HUMID,2,OPTIMAL,0,DARK,37.17,85.53,55.91,18.28,0,OFF,14.412,36.67,84.53,53.91,1
3,HOT,3,HUMID,2,OPTIMAL,0,DARK,34.91,85.58,56.88,14.79,0,OFF,23.614,34.41,84.58,54.88,2
3,HOT,3,HUMID,2,OPTIMAL,0,DARK,36.23,82.57,62.53,10.67,0,OFF,25.42,35.73,81.57,60.53,3
3,HOT,3,HUMID,2,OPTIMAL,0,DARK,37.28,84.9,61.67,13.21,1,MIST_LOW,3.481,35.58,92.9,60.67,0
3,HOT,3,HUMID,2,OPTIMAL,0,DARK,34.86,82.26,53.8,10.37,1,MIST_LOW,10.153,33.16,90.26,52.8,1
3,HOT,3,HUMID,2,OPTIMAL,0,DARK,37.34,82.2,53.39,19.48,1,MIST_LOW,1.466,35.64,90.2,52.39,2
3,HOT,3,HUMID,2,OPTIMAL,0,DARK,35.61,78.35,60.18,11.2,1,MIST_LOW,22.441,33.91,86.35,59.18,3
3,HOT,3,HUMID,2,OPTIMAL,0,DARK,35.36,83.63,54.81,20.37,2,MIST_HIGH,-7.089,32.56,98.63,54.81,0
3,HOT,3,HUMID,2,OPTIMAL,0,DARK,36.17,85.11,56.5,14.56,2,MIST_HIGH,-8.347,33.37,100.0,56.5,1
3,HOT,3,HUMID,2,OPTIMAL,0,DARK,34.74,79.86,53.17,10.7,2,MIST_HIGH,-2.538,31.94,94.86,53.17,2
3,HOT,3,HUMID,2,OPTIMAL,0,DARK,35.15,78.99,60.31,10.8,2,MIST_HIGH,2.849,32.35,93.99,60.31,3
3,HOT,3,HUMID,2,OPTIMAL,0,DARK,36.37,78.51,58.07,19.03,3,PUMP,-9.205,35.57,79.51,74.07,0
3,HOT,3,HUMID,2,OPTIMAL,0,DARK,34.7,80.2,58.72,20.63,3,PUMP,-7.911,33.9,81.2,74.72,1
3,HOT,3,HUMID,2,OPTIMAL,0,DARK,35.72,83.15,56.45,20.95,3,PUMP,-11.127,34.92,84.15,72.45,2
3,HOT,3,HUMID,2,OPTIMAL,0,DARK,35.05,84.81,57.08,11.53,3,PUMP,-12.974,34.25,85.81,73.08,3
3,HOT,3,HUMID,2,OPTIMAL,0,DARK,34.93,82.49,56.84,19.64,4,PUMP_MIST_LOW,-5.038,32.93,91.49,69.84,0
3,HOT,3,HUMID,2,OPTIMAL,0,DARK,34.64,85.62,59.39,9.24,4,PUMP_MIST_LOW,-24.448,32.64,94.62,72.39,1
3,HOT,3,HUMID,2,OPTIMAL,0,DARK,34.98,80.09,54.73,13.62,4,PUMP_MIST_LOW,3.083,32.98,89.09,67.73,2
3,HOT,3,HUMID,2,OPTIMAL,0,DARK,36.59,79.11,60.02,15.89,4,PUMP_MIST_LOW,-21.601,34.59,88.11,73.02,3
3,HOT,3,HUMID,2,OPTIMAL,0,DARK,35.62,81.76,60.93,16.62,5,PUMP_MIST_HIGH,-47.332,32.62,96.76,76.93,0
3,HOT,3,HUMID,2,OPTIMAL,0,DARK,37.38,83.58,56.27,19.61,5,PUMP_MIST_HIGH,-46.112,34.38,98.58,72.27,1
3,HOT,3,HUMID,2,OPTIMAL,0,DARK,36.53,84.45,60.63,12.66,5,PUMP_MIST_HIGH,-53.948,33.53,99.45,76.63,2
3,HOT,3,HUMID,2,OPTIMAL,0,DARK,37.25,85.69,56.67,13.9,5,PUMP_MIST_HIGH,-48.814,34.25,100.0,72.67,3
3,HOT,3,HUMID,2,OPTIMAL,1,LOW,36.78,81.97,53.5,38.57,0,OFF,16.313,36.78,79.97,51.5,0
3,HOT,3,HUMID,2,OPTIMAL,1,LOW,37.13,84.31,56.62,37.65,0,OFF,17.988,37.13,82.31,54.62,1
3,HOT,3,HUMID,2,OPTIMAL,1,LOW,37.23,79.75,56.3,34.79,0,OFF,24.295,37.23,77.75,54.3,2
3,HOT,3,HUMID,2,OPTIMAL,1,LOW,35.67,81.43,58.49,40.44,0,OFF,31.203,35.67,79.43,56.49,3
3,HOT,3,HUMID,2,OPTIMAL,1,LOW,36.9,80.83,61.74,36.38,1,MIST_LOW,11.064,35.7,87.83,60.74,0
3,HOT,3,HUMID,2,OPTIMAL,1,LOW,36.69,80.14,54.98,37.56,1,MIST_LOW,10.16,35.49,87.14,53.98,1
3,HOT,3,HUMID,2,OPTIMAL,1,LOW,36.68,79.83,62.4,38.24,1,MIST_LOW,12.015,35.48,86.83,61.4,2
3,HOT,3,HUMID,2,OPTIMAL,1,LOW,36.13,81.43,54.6,39.0,1,MIST_LOW,9.088,34.93,88.43,53.6,3
3,HOT,3,HUMID,2,OPTIMAL,1,LOW,35.98,81.47,56.92,37.6,2,MIST_HIGH,8.776,33.68,95.47,56.92,0
3,HOT,3,HUMID,2,OPTIMAL,1,LOW,35.48,79.23,61.61,43.74,2,MIST_HIGH,8.685,33.18,93.23,61.61,1
3,HOT,3,HUMID,2,OPTIMAL,1,LOW,35.92,82.2,53.05,40.09,2,MIST_HIGH,-0.314,33.62,96.2,53.05,2
3,HOT,3,HUMID,2,OPTIMAL,1,LOW,36.31,79.95,60.73,41.81,2,MIST_HIGH,6.728,34.01,93.95,60.73,3
3,HOT,3,HUMID,2,OPTIMAL,1,LOW,36.76,82.88,55.18,43.95,3,PUMP,-11.369,36.46,82.88,71.18,0
3,HOT,3,HUMID,2,OPTIMAL,1,LOW,35.31,79.95,62.75,39.17,3,PUMP,-17.921,35.01,79.95,78.75,1
3,HOT,3,HUMID,2,OPTIMAL,1,LOW,36.27,80.7,58.36,38.27,3,PUMP,-12.973,35.97,80.7,74.36,2
3,HOT,3,HUMID,2,OPTIMAL,1,LOW,36.74,84.32,56.19,34.71,3,PUMP,-15.717,36.44,84.32,72.19,3
3,HOT,3,HUMID,2,OPTIMAL,1,LOW,37.38,78.26,54.75,37.23,4,PUMP_MIST_LOW,-1.711,35.88,86.26,67.75,0
3,HOT,3,HUMID,2,OPTIMAL,1,LOW,35.9,83.86,53.08,39.49,4,PUMP_MIST_LOW,-2.425,34.4,91.86,66.08,1
3,HOT,3,HUMID,2,OPTIMAL,1,LOW,35.39,85.34,60.58,43.1,4,PUMP_MIST_LOW,-28.901,33.89,93.34,73.58,2
3,HOT,3,HUMID,2,OPTIMAL,1,LOW,36.19,83.58,57.47,44.98,4,PUMP_MIST_LOW,-22.106,34.69,91.58,70.47,3
3,HOT,3,HUMID,2,OPTIMAL,1,LOW,35.97,79.14,62.72,37.78,5,PUMP_MIST_HIGH,-38.041,33.47,93.14,78.72,0
3,HOT,3,HUMID,2,OPTIMAL,1,LOW,36.38,85.38,59.67,45.63,5,PUMP_MIST_HIGH,-42.918,33.88,99.38,75.67,1
3,HOT,3,HUMID,2,OPTIMAL,1,LOW,34.61,82.5,53.29,39.06,5,PUMP_MIST_HIGH,-9.26,32.11,96.5,69.29,2
3,HOT,3,HUMID,2,OPTIMAL,1,LOW,35.54,85.94,54.1,34.46,5,PUMP_MIST_HIGH,-29.439,33.04,99.94,70.1,3
3,HOT,3,HUMID,2,OPTIMAL,2,MEDIUM,34.97,83.58,53.05,67.91,0,OFF,15.969,35.47,79.58,49.05,0
3,HOT,3,HUMID,2,OPTIMAL,2,MEDIUM,34.66,79.48,58.62,59.74,0,OFF,35.213,35.16,75.48,54.62,1
3,HOT,3,HUMID,2,OPTIMAL,2,MEDIUM,35.56,85.08,54.39,61.57,0,OFF,14.503,36.06,81.08,50.39,2
3,HOT,3,HUMID,2,OPTIMAL,2,MEDIUM,35.34,83.47,59.72,58.79,0,OFF,28.974,35.84,79.47,55.72,3
3,HOT,3,HUMID,2,OPTIMAL,2,MEDIUM,35.23,81.93,61.58,65.1,1,MIST_LOW,20.796,34.53,86.93,58.58,0
3,HOT,3,HUMID,2,OPTIMAL,2,MEDIUM,35.13,84.38,60.25,57.21,1,MIST_LOW,16.849,34.43,89.38,57.25,1
3,HOT,3,HUMID,2,OPTIMAL,2,MEDIUM,35.0,83.25,58.76,59.3,1,MIST_LOW,15.936,34.3,88.25,55.76,2
3,HOT,3,HUMID,2,OPTIMAL,2,MEDIUM,37.03,81.21,54.85,61.53,1,MIST_LOW,4.478,36.33,86.21,51.85,3
3,HOT,3,HUMID,2,OPTIMAL,2,MEDIUM,35.34,82.41,61.4,60.56,2,MIST_HIGH,10.265,33.54,94.41,59.4,0
3,HOT,3,HUMID,2,OPTIMAL,2,MEDIUM,35.11,83.34,54.11,56.61,2,MIST_HIGH,0.082,33.31,95.34,52.11,1
3,HOT,3,HUMID,2,OPTIMAL,2,MEDIUM,35.62,79.79,54.92,64.58,2,MIST_HIGH,5.864,33.82,91.79,52.92,2
3,HOT,3,HUMID,2,OPTIMAL,2,MEDIUM,35.58,80.34,62.55,59.11,2,MIST_HIGH,10.413,33.78,92.34,60.55,3
3,HOT,3,HUMID,2,OPTIMAL,2,MEDIUM,36.72,85.81,60.98,65.89,3,PUMP,-22.304,36.92,83.81,74.98,0
3,HOT,3,HUMID,2,OPTIMAL,2,MEDIUM,36.35,82.68,56.24,56.94,3,PUMP,-6.158,36.55,80.68,70.24,1
3,HOT,3,HUMID,2,OPTIMAL,2,MEDIUM,36.46,85.39,56.44,60.29,3,PUMP,-11.264,36.66,83.39,70.44,2
3,HOT,3,HUMID,2,OPTIMAL,2,MEDIUM,36.72,79.76,57.54,56.38,3,PUMP,-5.376,36.92,77.76,71.54,3
3,HOT,3,HUMID,2,OPTIMAL,2,MEDIUM,36.74,79.09,54.86,66.14,4,PUMP_MIST_LOW,4.574,35.74,85.09,65.86,0
3,HOT,3,HUMID,2,OPTIMAL,2,MEDIUM,35.76,79.6,57.42,60.62,4,PUMP_MIST_LOW,1.51,34.76,85.6,68.42,1
3,HOT,3,HUMID,2,OPTIMAL,2,MEDIUM,37.39,79.12,53.87,59.81,4,PUMP_MIST_LOW,4.519,36.39,85.12,64.87,2
3,HOT,3,HUMID,2,OPTIMAL,2,MEDIUM,35.93,85.71,60.19,65.15,4,PUMP_MIST_LOW,-24.614,34.93,91.71,71.19,3
3,HOT,3,HUMID,2,OPTIMAL,2,MEDIUM,36.69,84.09,55.57,57.22,5,PUMP_MIST_HIGH,-17.46,34.69,96.09,69.57,0
3,HOT,3,HUMID,2,OPTIMAL,2,MEDIUM,36.71,78.23,55.58,57.42,5,PUMP_MIST_HIGH,-8.145,34.71,90.23,69.58,1
3,HOT,3,HUMID,2,OPTIMAL,2,MEDIUM,37.33,83.24,56.92,56.17,5,PUMP_MIST_HIGH,-30.984,35.33,95.24,70.92,2
3,HOT,3,HUMID,2,OPTIMAL,2,MEDIUM,36.34,78.47,58.71,57.01,5,PUMP_MIST_HIGH,-23.937,34.34,90.47,72.71,3
3,HOT,3,HUMID,2,OPTIMAL,3,BRIGHT,36.93,79.92,60.9,84.82,0,OFF,31.537,37.93,73.92,55.9,0
3,HOT,3,HUMID,2,OPTIMAL,3,BRIGHT,36.33,80.69,53.74,90.94,0,OFF,17.186,37.33,74.69,48.74,1
3,HOT,3,HUMID,2,OPTIMAL,3,BRIGHT,37.23,80.49,53.32,85.96,0,OFF,13.753,38.23,74.49,48.32,2
3,HOT,3,HUMID,2,OPTIMAL,3,BRIGHT,36.32,82.72,54.43,91.85,0,OFF,15.41,37.32,76.72,49.43,3
3,HOT,3,HUMID,2,OPTIMAL,3,BRIGHT,37.16,83.63,57.19,84.73,1,MIST_LOW,16.611,36.96,86.63,53.19,0
3,HOT,3,HUMID,2,OPTIMAL,3,BRIGHT,36.85,85.58,62.52,84.58,1,MIST_LOW,23.49,36.65,88.58,58.52,1
3,HOT,3,HUMID,2,OPTIMAL,3,BRIGHT,36.79,84.62,58.31,88.67,1,MIST_LOW,18.572,36.59,87.62,54.31,2
3,HOT,3,HUMID,2,OPTIMAL,3,BRIGHT,37.28,80.47,56.44,93.23,1,MIST_LOW,19.72,37.08,83.47,52.44,3
3,HOT,3,HUMID,2,OPTIMAL,3,BRIGHT,36.44,83.2,53.57,86.43,2,MIST_HIGH,6.426,35.14,93.2,50.57,0
3,HOT,3,HUMID,2,OPTIMAL,3,BRIGHT,36.88,81.21,56.66,92.31,2,MIST_HIGH,14.692,35.58,91.21,53.66,1
3,HOT,3,HUMID,2,OPTIMAL,3,BRIGHT,35.01,79.41,60.22,83.28,2,MIST_HIGH,31.063,33.71,89.41,57.22,2
3,HOT,3,HUMID,2,OPTIMAL,3,BRIGHT,35.31,81.77,60.67,87.3,2,MIST_HIGH,27.228,34.01,91.77,57.67,3
3,HOT,3,HUMID,2,OPTIMAL,3,BRIGHT,35.91,82.85,53.64,90.62,3,PUMP,14.156,36.61,78.85,66.64,0
3,HOT,3,HUMID,2,OPTIMAL,3,BRIGHT,35.42,78.19,55.85,85.11,3,PUMP,18.516,36.12,74.19,68.85,1
3,HOT,3,HUMID,2,OPTIMAL,3,BRIGHT,37.11,82.17,60.07,89.76,3,PUMP,-12.107,37.81,78.17,73.07,2
3,HOT,3,HUMID,2,OPTIMAL,3,BRIGHT,35.3,85.06,56.73,92.98,3,PUMP,6.087,36.0,81.06,69.73,3
3,HOT,3,HUMID,2,OPTIMAL,3,BRIGHT,34.84,78.31,59.53,83.88,4,PUMP_MIST_LOW,17.818,34.34,82.31,69.53,0
3,HOT,3,HUMID,2,OPTIMAL,3,BRIGHT,37.35,81.87,54.19,89.71,4,PUMP_MIST_LOW,15.302,36.85,85.87,64.19,1
3,HOT,3,HUMID,2,OPTIMAL,3,BRIGHT,35.5,81.26,59.83,83.38,4,PUMP_MIST_LOW,10.334,35.0,85.26,69.83,2
3,HOT,3,HUMID,2,OPTIMAL,3,BRIGHT,36.48,81.74,54.27,92.84,4,PUMP_MIST_LOW,18.105,35.98,85.74,64.27,3
3,HOT,3,HUMID,2,OPTIMAL,3,BRIGHT,37.29,84.47,62.1,84.56,5,PUMP_MIST_HIGH,-27.979,35.79,94.47,75.1,0
3,HOT,3,HUMID,2,OPTIMAL,3,BRIGHT,35.05,78.89,57.27,90.22,5,PUMP_MIST_HIGH,-1.771,33.55,88.89,70.27,1
3,HOT,3,HUMID,2,OPTIMAL,3,BRIGHT,34.83,78.43,58.03,84.74,5,PUMP_MIST_HIGH,-1.925,33.33,88.43,71.03,2
3,HOT,3,HUMID,2,OPTIMAL,3,BRIGHT,36.33,79.25,58.94,84.95,5,PUMP_MIST_HIGH,-9.936,34.83,89.25,71.94,3
3,HOT,3,HUMID,3,WET,0,DARK,36.19,78.6,80.22,11.61,0,OFF,-15.236,35.69,77.6,78.22,0
3,HOT,3,HUMID,3,WET,0,DARK,35.89,84.22,78.14,9.32,0,OFF,-18.897,35.39,83.22,76.14,1
3,HOT,3,HUMID,3,WET,0,DARK,34.98,82.11,81.51,9.01,0,OFF,-19.7,34.48,81.11,79.51,2
3,HOT,3,HUMID,3,WET,0,DARK,36.4,80.77,82.95,16.43,0,OFF,-25.11,35.9,79.77,80.95,3
3,HOT,3,HUMID,3,WET,0,DARK,36.64,80.99,78.96,12.05,1,MIST_LOW,-34.515,34.94,88.99,77.96,0
3,HOT,3,HUMID,3,WET,0,DARK,35.49,78.08,86.88,9.07,1,MIST_LOW,-42.812,33.79,86.08,85.88,1
3,HOT,3,HUMID,3,WET,0,DARK,36.77,81.02,85.07,11.93,1,MIST_LOW,-47.808,35.07,89.02,84.07,2
3,HOT,3,HUMID,3,WET,0,DARK,35.98,82.9,85.87,17.94,1,MIST_LOW,-49.983,34.28,90.9,84.87,3
3,HOT,3,HUMID,3,WET,0,DARK,35.47,80.77,77.55,16.13,2,MIST_HIGH,-47.227,32.67,95.77,77.55,0
3,HOT,3,HUMID,3,WET,0,DARK,36.01,81.62,80.97,11.85,2,MIST_HIGH,-57.489,33.21,96.62,80.97,1
3,HOT,3,HUMID,3,WET,0,DARK,36.78,80.18,83.05,17.63,2,MIST_HIGH,-62.021,33.98,95.18,83.05,2
3,HOT,3,HUMID,3,WET,0,DARK,35.18,81.26,83.9,17.15,2,MIST_HIGH,-60.412,32.38,96.26,83.9,3
3,HOT,3,HUMID,3,WET,0,DARK,35.43,78.55,84.11,10.75,3,PUMP,-88.707,34.63,79.55,100.0,0
3,HOT,3,HUMID,3,WET,0,DARK,36.81,82.33,77.96,9.91,3,PUMP,-86.483,36.01,83.33,93.96,1
3,HOT,3,HUMID,3,WET,0,DARK,35.28,82.4,78.32,11.07,3,PUMP,-82.451,34.48,83.4,94.32,2
3,HOT,3,HUMID,3,WET,0,DARK,34.74,84.0,78.0,11.93,3,PUMP,-82.601,33.94,85.0,94.0,3
3,HOT,3,HUMID,3,WET,0,DARK,35.65,78.8,80.11,10.79,4,PUMP_MIST_LOW,-88.29,33.65,87.8,93.11,0
3,HOT,3,HUMID,3,WET,0,DARK,34.88,82.28,82.47,13.34,4,PUMP_MIST_LOW,-96.341,32.88,91.28,95.47,1
3,HOT,3,HUMID,3,WET,0,DARK,35.26,78.25,82.5,11.36,4,PUMP_MIST_LOW,-91.192,33.26,87.25,95.5,2
3,HOT,3,HUMID,3,WET,0,DARK,36.65,85.05,83.72,15.28,4,PUMP_MIST_LOW,-109.069,34.65,94.05,96.72,3
3,HOT,3,HUMID,3,WET,0,DARK,36.63,83.1,79.22,19.09,5,PUMP_MIST_HIGH,-119.127,33.63,98.1,95.22,0
3,HOT,3,HUMID,3,WET,0,DARK,35.27,82.52,83.68,10.03,5,PUMP_MIST_HIGH,-123.204,32.27,97.52,99.68,1
3,HOT,3,HUMID,3,WET,0,DARK,37.23,81.83,79.46,13.56,5,PUMP_MIST_HIGH,-119.514,34.23,96.83,95.46,2
3,HOT,3,HUMID,3,WET,0,DARK,34.64,83.99,82.93,12.68,5,PUMP_MIST_HIGH,-121.964,31.64,98.99,98.93,3
3,HOT,3,HUMID,3,WET,1,LOW,35.96,81.86,77.46,34.28,0,OFF,-13.916,35.96,79.86,75.46,0
3,HOT,3,HUMID,3,WET,1,LOW,34.96,80.06,84.17,43.37,0,OFF,-21.931,34.96,78.06,82.17,1
3,HOT,3,HUMID,3,WET,1,LOW,37.31,85.31,81.57,39.2,0,OFF,-32.362,37.31,83.31,79.57,2
3,HOT,3,HUMID,3,WET,1,LOW,35.35,80.92,84.94,43.53,0,OFF,-26.184,35.35,78.92,82.94,3
3,HOT,3,HUMID,3,WET,1,LOW,36.48,84.7,80.21,36.16,1,MIST_LOW,-42.554,35.28,91.7,79.21,0
3,HOT,3,HUMID,3,WET,1,LOW,35.88,82.23,77.81,35.32,1,MIST_LOW,-31.662,34.68,89.23,76.81,1
3,HOT,3,HUMID,3,WET,1,LOW,36.79,84.03,83.22,43.58,1,MIST_LOW,-48.789,35.59,91.03,82.22,2
3,HOT,3,HUMID,3,WET,1,LOW,35.45,80.08,80.63,41.27,1,MIST_LOW,-32.756,34.25,87.08,79.63,3
3,HOT,3,HUMID,3,WET,1,LOW,35.0,81.16,80.38,43.87,2,MIST_HIGH,-42.299,32.7,95.16,80.38,0
3,HOT,3,HUMID,3,WET,1,LOW,36.28,81.63,81.99,36.84,2,MIST_HIGH,-50.51,33.98,95.63,81.99,1
3,HOT,3,HUMID,3,WET,1,LOW,35.85,83.47,78.16,43.06,2,MIST_HIGH,-44.06,33.55,97.47,78.16,2
3,HOT,3,HUMID,3,WET,1,LOW,36.0,81.32,78.41,39.11,2,MIST_HIGH,-41.633,33.7,95.32,78.41,3
3,HOT,3,HUMID,3,WET,1,LOW,36.24,81.21,78.34,38.82,3,PUMP,-83.653,35.94,81.21,94.34,0
3,HOT,3,HUMID,3,WET,1,LOW,36.92,85.39,81.41,36.63,3,PUMP,-98.965,36.62,85.39,97.41,1
3,HOT,3,HUMID,3,WET,1,LOW,34.67,80.91,79.07,35.18,3,PUMP,-79.696,34.37,80.91,95.07,2
3,HOT,3,HUMID,3,WET,1,LOW,36.12,84.82,81.78,37.44,3,PUMP,-96.279,35.82,84.82,97.78,3
3,HOT,3,HUMID,3,WET,1,LOW,37.38,79.33,78.4,42.25,4,PUMP_MIST_LOW,-91.074,35.88,87.33,91.4,0
3,HOT,3,HUMID,3,WET,1,LOW,37.2,84.09,79.89,38.57,4,PUMP_MIST_LOW,-101.24,35.7,92.09,92.89,1
3,HOT,3,HUMID,3,WET,1,LOW,34.79,80.38,80.91,38.58,4,PUMP_MIST_LOW,-89.751,33.29,88.38,93.91,2
3,HOT,3,HUMID,3,WET,1,LOW,35.98,79.64,79.18,37.56,4,PUMP_MIST_LOW,-88.756,34.48,87.64,92.18,3
3,HOT,3,HUMID,3,WET,1,LOW,36.5,78.57,81.57,43.35,5,PUMP_MIST_HIGH,-106.428,34.0,92.57,97.57,0
3,HOT,3,HUMID,3,WET,1,LOW,36.52,79.39,83.71,38.5,5,PUMP_MIST_HIGH,-112.269,34.02,93.39,99.71,1
3,HOT,3,HUMID,3,WET,1,LOW,35.43,79.81,83.01,45.88,5,PUMP_MIST_HIGH,-107.991,32.93,93.81,99.01,2
3,HOT,3,HUMID,3,WET,1,LOW,36.66,79.66,86.23,37.14,5,PUMP_MIST_HIGH,-113.777,34.16,93.66,100.0,3
3,HOT,3,HUMID,3,WET,2,MEDIUM,34.68,80.0,80.13,62.46,0,OFF,-6.644,35.18,76.0,76.13,0
3,HOT,3,HUMID,3,WET,2,MEDIUM,36.18,82.75,86.02,67.12,0,OFF,-28.228,36.68,78.75,82.02,1
3,HOT,3,HUMID,3,WET,2,MEDIUM,35.21,82.41,84.79,58.78,0,OFF,-21.982,35.71,78.41,80.79,2
3,HOT,3,HUMID,3,WET,2,MEDIUM,34.68,82.33,81.86,63.24,0,OFF,-14.017,35.18,78.33,77.86,3
3,HOT,3,HUMID,3,WET,2,MEDIUM,36.39,81.21,79.27,66.12,1,MIST_LOW,-28.928,35.69,86.21,76.27,0
3,HOT,3,HUMID,3,WET,2,MEDIUM,36.74,82.61,78.81,67.43,1,MIST_LOW,-31.324,36.04,87.61,75.81,1
3,HOT,3,HUMID,3,WET,2,MEDIUM,36.78,83.66,86.48,57.36,1,MIST_LOW,-49.222,36.08,88.66,83.48,2
3,HOT,3,HUMID,3,WET,2,MEDIUM,36.4,81.86,77.58,59.96,1,MIST_LOW,-26.436,35.7,86.86,74.58,3
3,HOT,3,HUMID,3,WET,2,MEDIUM,35.22,78.52,86.08,56.6,2,MIST_HIGH,-44.948,33.42,90.52,84.08,0
3,HOT,3,HUMID,3,WET,2,MEDIUM,36.68,83.48,82.79,56.98,2,MIST_HIGH,-50.65,34.88,95.48,80.79,1
3,HOT,3,HUMID,3,WET,2,MEDIUM,35.86,79.03,78.57,61.76,2,MIST_HIGH,-32.043,34.06,91.03,76.57,2
3,HOT,3,HUMID,3,WET,2,MEDIUM,36.05,78.16,82.36,61.36,2,MIST_HIGH,-39.234,34.25,90.16,80.36,3
3,HOT,3,HUMID,3,WET,2,MEDIUM,36.23,85.91,81.0,56.64,3,PUMP,-90.955,36.43,83.91,95.0,0
3,HOT,3,HUMID,3,WET,2,MEDIUM,36.92,80.68,81.48,63.35,3,PUMP,-85.769,37.12,78.68,95.48,1
3,HOT,3,HUMID,3,WET,2,MEDIUM,36.81,83.82,83.56,65.99,3,PUMP,-94.826,37.01,81.82,97.56,2
3,HOT,3,HUMID,3,WET,2,MEDIUM,35.94,80.28,83.14,63.49,3,PUMP,-85.481,36.14,78.28,97.14,3
3,HOT,3,HUMID,3,WET,2,MEDIUM,34.76,79.29,85.68,57.28,4,PUMP_MIST_LOW,-92.127,33.76,85.29,96.68,0
3,HOT,3,HUMID,3,WET,2,MEDIUM,34.95,80.23,85.54,65.49,4,PUMP_MIST_LOW,-93.933,33.95,86.23,96.54,1
3,HOT,3,HUMID,3,WET,2,MEDIUM,37.37,80.85,84.38,62.63,4,PUMP_MIST_LOW,-100.22,36.37,86.85,95.38,2
3,HOT,3,HUMID,3,WET,2,MEDIUM,36.1,78.82,86.4,67.61,4,PUMP_MIST_LOW,-97.165,35.1,84.82,97.4,3
3,HOT,3,HUMID,3,WET,2,MEDIUM,35.81,81.94,83.32,64.22,5,PUMP_MIST_HIGH,-107.47,33.81,93.94,97.32,0
3,HOT,3,HUMID,3,WET,2,MEDIUM,37.28,83.65,81.06,58.92,5,PUMP_MIST_HIGH,-110.178,35.28,95.65,95.06,1
3,HOT,3,HUMID,3,WET,2,MEDIUM,37.38,79.6,77.94,63.16,5,PUMP_MIST_HIGH,-97.457,35.38,91.6,91.94,2
3,HOT,3,HUMID,3,WET,2,MEDIUM,37.35,80.93,80.52,65.82,5,PUMP_MIST_HIGH,-104.902,35.35,92.93,94.52,3
3,HOT,3,HUMID,3,WET,3,BRIGHT,36.69,84.03,78.03,89.16,0,OFF,-11.406,37.69,78.03,73.03,0
3,HOT,3,HUMID,3,WET,3,BRIGHT,36.3,79.74,86.14,88.09,0,OFF,-20.355,37.3,73.74,81.14,1
3,HOT,3,HUMID,3,WET,3,BRIGHT,34.85,84.71,79.11,92.24,0,OFF,-8.893,35.85,78.71,74.11,2
3,HOT,3,HUMID,3,WET,3,BRIGHT,36.59,83.19,85.87,82.64,0,OFF,-26.212,37.59,77.19,80.87,3
3,HOT,3,HUMID,3,WET,3,BRIGHT,36.09,85.58,83.98,83.37,1,MIST_LOW,-29.115,35.89,88.58,79.98,0
3,HOT,3,HUMID,3,WET,3,BRIGHT,35.18,84.59,82.0,87.11,1,MIST_LOW,-20.466,34.98,87.59,78.0,1
3,HOT,3,HUMID,3,WET,3,BRIGHT,35.98,79.51,83.83,84.06,1,MIST_LOW,-18.766,35.78,82.51,79.83,2
3,HOT,3,HUMID,3,WET,3,BRIGHT,35.69,84.42,83.91,87.06,1,MIST_LOW,-25.849,35.49,87.42,79.91,3
3,HOT,3,HUMID,3,WET,3,BRIGHT,34.94,84.7,77.77,89.37,2,MIST_HIGH,-20.776,33.64,94.7,74.77,0
3,HOT,3,HUMID,3,WET,3,BRIGHT,36.08,80.14,77.37,92.17,2,MIST_HIGH,-16.277,34.78,90.14,74.37,1
3,HOT,3,HUMID,3,WET,3,BRIGHT,35.47,82.82,77.56,87.71,2,MIST_HIGH,-19.03,34.17,92.82,74.56,2
3,HOT,3,HUMID,3,WET,3,BRIGHT,35.06,80.86,79.96,88.19,2,MIST_HIGH,-19.609,33.76,90.86,76.96,3
3,HOT,3,HUMID,3,WET,3,BRIGHT,35.53,79.8,83.95,92.85,3,PUMP,-81.413,36.23,75.8,96.95,0
3,HOT,3,HUMID,3,WET,3,BRIGHT,36.9,79.88,82.98,89.03,3,PUMP,-83.862,37.6,75.88,95.98,1
3,HOT,3,HUMID,3,WET,3,BRIGHT,36.72,78.99,81.82,85.34,3,PUMP,-79.457,37.42,74.99,94.82,2
3,HOT,3,HUMID,3,WET,3,BRIGHT,36.65,82.83,78.54,92.93,3,PUMP,-78.488,37.35,78.83,91.54,3
3,HOT,3,HUMID,3,WET,3,BRIGHT,36.78,85.14,78.06,91.7,4,PUMP_MIST_LOW,-76.224,36.28,89.14,88.06,0
3,HOT,3,HUMID,3,WET,3,BRIGHT,34.8,82.8,84.4,85.87,4,PUMP_MIST_LOW,-79.463,34.3,86.8,94.4,1
3,HOT,3,HUMID,3,WET,3,BRIGHT,37.07,78.53,84.39,93.78,4,PUMP_MIST_LOW,-79.885,36.57,82.53,94.39,2
3,HOT,3,HUMID,3,WET,3,BRIGHT,37.26,80.03,81.94,87.05,4,PUMP_MIST_LOW,-77.736,36.76,84.03,91.94,3
3,HOT,3,HUMID,3,WET,3,BRIGHT,35.1,85.48,85.19,93.9,5,PUMP_MIST_HIGH,-99.094,33.6,95.48,98.19,0
3,HOT,3,HUMID,3,WET,3,BRIGHT,36.58,81.25,77.37,90.35,5,PUMP_MIST_HIGH,-80.63,35.08,91.25,90.37,1
3,HOT,3,HUMID,3,WET,3,BRIGHT,35.71,82.57,79.61,85.1,5,PUMP_MIST_HIGH,-84.659,34.21,92.57,92.61,2
3,HOT,3,HUMID,3,WET,3,BRIGHT,36.91,83.79,82.55,85.82,5,PUMP_MIST_HIGH,-96.621,35.41,93.79,95.55,3
